appnumber,unitid,institution,org_type,ccb,hbcu,instcity,inststate,stname,county,appalachia,fips,zip,lon,lat,yearawarded,title,program,division,totaward,parent_discipline,primarydiscipline,disciplines,unemp_rate,poverty_rate,fips_all_totaward,fips_yr_totaward
PW-258999-18,NA,American Foundation for the Blind Inc.,National Organization,NA,NA,Arlington,VA,Virginia,Arlington,0,51013,22209,-77.06926,38.89468,2018,Digitization and Metadata Creation for the Helen Keller Archive Press Clippings and Scrapbooks,Humanities Collections and Reference Resources,Preservation and Access,295000,History,U.S. History,U.S. History,2,6.3,2852075.54,325000
PW-259005-18,139959,"University of Georgia Research Foundation, Inc.",Publishing,3,0,Athens,GA,Georgia,Clarke,0,13059,30602,-83.37887,33.93117,2018,Mapping the People of Early America,Humanities Collections and Reference Resources,Preservation and Access,165130.81,History,U.S. History,African American History; U.S. History,4,27,1048174.2,292535.47
PW-259028-18,NA,"Museum of the City of New York, Inc.",History Museum,NA,NA,New York,NY,New York,New York,0,36061,10029,-73.95257,40.79209,2018,Conservation and Digitization of the  Museum of the City of New York’s Theatrical Broadsides,Humanities Collections and Reference Resources,Preservation and Access,143804,History,U.S. History,U.S. History,3.7,15.6,78116853.73,5058485.3100000005
PW-259053-18,NA,"Museum of the City of New York, Inc.",History Museum,NA,NA,New York,NY,New York,New York,0,36061,10029,-73.95257,40.79209,2018,Eyes on America: Processing and Cataloging the LOOK Collection,Humanities Collections and Reference Resources,Preservation and Access,96618,History,U.S. History,U.S. History,3.7,15.6,78116853.73,5058485.3100000005
PW-259054-18,189088,Bard College,Center For Advanced Study/Research Institute,9,0,Annandale-on-Hudson,NY,New York,Dutchess,0,36027,12504,-73.90364,42.02458,2018,Digitization and Description of Boas/Hunt Collections,Humanities Collections and Reference Resources,Preservation and Access,290735,Humanities,Cultural Anthropology,Cultural Anthropology; Native American Studies,3.7,9.2,1526523,539075
PW-259056-18,NA,Presbyterian Historical Society,Historical Society,NA,NA,Philadelphia,PA,Pennsylvania,Philadelphia,0,42101,19147,-75.14974,39.94282,2018,Digitizing the Religious News Service Photographs: A Planning Project,Humanities Collections and Reference Resources,Preservation and Access,44045,History,U.S. History,"Media Studies; Religion, General; U.S. History",5.7,24.3,14436056.34,1885765.17
PW-259060-18,NA,"Treasury of Lives, Inc.",Publishing,NA,NA,New York,NY,New York,New York,0,36061,10011,-73.99269,40.73822,2018,"Planning for the Long-Term Sustainability of The Treasury of Lives Encyclopedia of Tibet, Inner Asia, and The Himalayan Region",Humanities Collections and Reference Resources,Preservation and Access,49610,Area Studies,Area Studies,Area Studies; East Asian History; Nonwestern Religion,3.7,15.6,78116853.73,5058485.3100000005
PW-259067-18,163286,"University of Maryland, College Park",University,3,0,College Park,MD,Maryland,Prince George's,0,24033,20742,-76.95018,38.9975,2018,Unlocking the Airwaves: Revitalizing an Early Public Radio Collection,Humanities Collections and Reference Resources,Preservation and Access,216858.91,History,U.S. History,American Studies; Media Studies; U.S. History,3.9,8.3,4393763.9399999995,853858.91
PW-259079-18,NA,"Modern Language Association of America, Inc.",Center For Advanced Study/Research Institute,NA,NA,New York,NY,New York,New York,0,36061,10004,-74.01146,40.70402,2018,The Hidden History of Modern Language: Revitalizing the Archives of the Modern Language Association,Humanities Collections and Reference Resources,Preservation and Access,16635,History,"History, Other","History, Other; Languages, Other",3.7,15.6,78116853.73,5058485.3100000005
PW-259091-18,NA,"Thomas Jefferson Foundation, Inc.",Historical Site/House,NA,NA,Charlottesville,VA,Virginia,Charlottesville city,0,51540,22902,-78.49146,38.02405,2018,The Origins of a Slave Society: Digitizing Flowerdew Hundred,Humanities Collections and Reference Resources,Preservation and Access,315000,Humanities,Archaeology,African American History; Archaeology; U.S. History,2.6,23.1,5667497.82,1459145.1199999999
PW-259094-18,198419,Duke University,Publishing,3,0,Durham,NC,North Carolina,Durham,0,37063,27705,-78.92459,36.00683,2018,Voices of Change II:  Bringing Radio Haiti Home,Humanities Collections and Reference Resources,Preservation and Access,85753,History,Cultural History,Cultural History; Ethnic Studies,3.6,13.5,4368610,566207
PW-259108-18,157085,University of Kentucky Research Foundation,Four-Year College,3,0,Lexington,KY,Kentucky,Fayette,0,21067,40506,-84.50654,38.03919,2018,Revealing 200 Years of the American Mosaic through the Wade Hall Collection of American Letters,Humanities Collections and Reference Resources,Preservation and Access,195271.78,History,U.S. History,American Studies; U.S. History,3.2,14.6,1457528.43,717247.4299999999
PW-259113-18,NA,New York Historical Society,Historical Society,NA,NA,New York,NY,New York,New York,0,36061,10024,-73.97399,40.77909,2018,Digitization of the New-York Historical Society's Subway Construction Photograph Collection,Humanities Collections and Reference Resources,Preservation and Access,87310,History,Urban History,Urban History,3.7,15.6,78116853.73,5058485.3100000005
PW-259115-18,NA,Huguenot Historical Society of New Paltz New York Inc.,Historical Society,NA,NA,New Paltz,NY,New York,Ulster,0,36111,12561,-74.08811,41.75308,2018,"Preserving and Enhancing Access for the Historic Documents of New Paltz, New York",Humanities Collections and Reference Resources,Preservation and Access,59996,History,U.S. History,Immigration History; Public History; U.S. History,3.9,14.3,434505.94,65996
PW-259118-18,NA,Moravian Archives,Archive,NA,NA,Bethlehem,PA,Pennsylvania,Northampton,0,42095,18018,-75.37945,40.63005,2018,Eastern West Indies Records Preservation and Digitization Project,Humanities Collections and Reference Resources,Preservation and Access,195761,History,"History, Other","History, Other",4.6,10.2,1295725.72,299576.72
PW-259161-18,NA,Brooklyn Historical Society,Historical Society,NA,NA,Brooklyn,NY,New York,Kings,0,36047,11201,-73.99312,40.69513,2018,Portal to the Past: Creating Brooklyn Historical Society's Digital Map Collection,Humanities Collections and Reference Resources,Preservation and Access,110000,History,Urban History,Geography; Urban History,4.2,18.9,7011052.99,1090000
RA-259204-18,NA,Society for Classical Studies,Center For Advanced Study/Research Institute,NA,NA,New York,NY,New York,New York,0,36061,10003,-73.99138,40.72786,2018,Long-term Research Fellowships in Germany sponsored by The Society for Classical Studies,Fellowship Programs at Independent Research Institutions,Research Programs,157200,Language,Classical Languages,Classical Languages,3.7,15.6,78116853.73,5058485.3100000005
RA-259220-18,NA,American Center of Research,Center For Advanced Study/Research Institute,NA,NA,Alexandria,VA,Virginia,Alexandria city,0,51510,22314,-77.05434,38.80523,2018,Long-term Research Fellowships at the American Center of Oriental Research,Fellowship Programs at Independent Research Institutions,Research Programs,30200,Area Studies,Area Studies,"Area Studies; Social Sciences, General",2.3,10.1,1077133,78415
RA-259235-18,NA,"American Research Center in Egypt, Inc.",Center For Advanced Study/Research Institute,NA,NA,Alexandria,VA,Virginia,Alexandria city,0,51510,22314,-77.04486,38.81434,2018,Long-term Research Fellowships at the American Research Center in Egypt,Fellowship Programs at Independent Research Institutions,Research Programs,48215,History,Near and Middle Eastern History,Archaeology; Near and Middle Eastern History; Near and Middle Eastern Literature,2.3,10.1,1077133,78415
BP-259247-18,NA,"Atlanta BeltLine, Inc.",Unspecified,NA,NA,Atlanta,GA,Georgia,Fulton,0,13121,30303,-84.38859,33.75629,2018,"Once Divided, Reunited: Atlanta BeltLine Transforms Historic Railroad Barriers to Modern-Day Connectors",Historic Places: Planning,Public Programs,52532,History,Urban History,Urban History,4.1,13.5,2230578.12,631469.7100000001
RA-259260-18,NA,National Humanities Center,Center For Advanced Study/Research Institute,NA,NA,Research Triangle Park,NC,North Carolina,Durham,0,37063,27709,-78.84971,35.93232,2018,Long-term Research Fellowships at the National Humanities Center,Fellowship Programs at Independent Research Institutions,Research Programs,205454,Interdisciplinary,"Interdisciplinary Studies, General","Interdisciplinary Studies, General",3.6,13.5,4368610,566207
RA-259286-18,NA,"American Research Institute in Turkey, Inc.",Center For Advanced Study/Research Institute,NA,NA,Philadelphia,PA,Pennsylvania,Philadelphia,0,42101,19104,-75.19151,39.95007,2018,Long-term Research Fellowships at the American Research Institute in Turkey,Fellowship Programs at Independent Research Institutions,Research Programs,167672,Interdisciplinary,"Interdisciplinary Studies, General","Anthropology; Interdisciplinary Studies, General; Near and Middle Eastern History",5.7,24.3,14436056.34,1885765.17
GE-259290-18,NA,Carnegie Institute,Natural History Museum,NA,NA,Pittsburgh,PA,Pennsylvania,Allegheny,1,42003,15213,-79.94944,40.44415,2018,"Planning Carnegie Museum of Natural History's ""Egypt on the Nile""",Exhibitions: Planning,Public Programs,29989.62,Humanities,Cultural Anthropology,"Ancient History; Cultural Anthropology; Interdisciplinary Studies, General",4.2,11.7,5940946.359999999,446468.27
TR-259293-18,NA,Rector and Visitors of the University of Virginia,Publishing,NA,NA,Charlottesville,VA,Virginia,Charlottesville city,0,51540,22903,-78.50208,38.05021,2018,Classroom Connections,Media Projects Production,Public Programs,237545.62,History,"History, General","History, General; U.S. History",2.6,23.1,5667497.82,1459145.1199999999
GE-259298-18,NA,Margaret Woodbury Strong Museum,History Museum,NA,NA,Rochester,NY,New York,Monroe,0,36055,14607,-77.60072,43.15495,2018,The History and Cultural Impact of Video Games: A New Gallery at The Strong,Exhibitions: Planning,Public Programs,75000,History,Cultural History,Cultural History,4.2,14.4,5554529.78,742502
GI-259310-18,NA,Delta Blues Museum,Four-Year College,NA,NA,Clarksdale,MS,Mississippi,Coahoma,0,28027,38614,-90.57395,34.20007,2018,Delta Blues Museum: The Story of America's Music,Exhibitions: Implementation,Public Programs,360000,History,Cultural History,African American Studies; Cultural History; Folklore and Folklife,7.2,35.9,360000,360000
GW-259323-18,NA,Literary Classics of the United States,Publishing,NA,NA,New York,NY,New York,New York,0,36061,10022,-73.97124,40.76423,2018,Lift Every Voice: Why African American Poetry Matters Today,Community Conversations,Public Programs,369000,Literature,American Literature,American Literature,3.7,15.6,78116853.73,5058485.3100000005
RA-259339-18,NA,New York Public Library,Public Library,NA,NA,New York,NY,New York,New York,0,36061,10016,-73.98192,40.75188,2018,Long-term Research Fellowships at the Schomburg Center for Research in Black Culture,Fellowship Programs at Independent Research Institutions,Research Programs,245712,Interdisciplinary,"Interdisciplinary Studies, General","Interdisciplinary Studies, General",3.7,15.6,78116853.73,5058485.3100000005
GI-259343-18,NA,New York Historical Society,Historical Society,NA,NA,New York,NY,New York,New York,0,36061,10024,-73.97399,40.77909,2018,Black Citizenship in the Age of Jim Crow,Exhibitions: Implementation,Public Programs,400000,History,U.S. History,African American History; U.S. History,3.7,15.6,78116853.73,5058485.3100000005
TR-259353-18,NA,WNET,University,NA,NA,New York,NY,New York,New York,0,36061,10019,-73.98644,40.76202,2018,American Masters—Mae West: I'm No Angel,Media Projects Production,Public Programs,500000,History,U.S. History,U.S. History,3.7,15.6,78116853.73,5058485.3100000005
TR-259360-18,NA,"Radio Diaries, Inc.",Independent Production Company,NA,NA,Brooklyn,NY,New York,Kings,0,36047,11201,-73.9867,40.70412,2018,The History of Now,Media Projects Production,Public Programs,250000,History,U.S. History,Journalism; U.S. History,4.2,18.9,7011052.99,1090000
GI-259366-18,NA,"Thomas Jefferson Foundation, Inc.",Historical Site/House,NA,NA,Charlottesville,VA,Virginia,Charlottesville city,0,51540,22902,-78.49146,38.02405,2018,Slavery at Jefferson's Monticello: Paradox of Liberty,Exhibitions: Implementation,Public Programs,295656.91,History,Public History,African American History; Public History,2.6,23.1,5667497.82,1459145.1199999999
FT-259487-18,217882,Clemson University,University,4,0,Clemson,SC,South Carolina,Pickens,1,45077,29634,-82.82688,34.68163,2018,The Authorship of the Pauline Epistles: The Promise and Limitations of Computational Methods,Summer Stipends,Research Programs,6000,Language,Computational Linguistics,Ancient History; Computational Linguistics; History of Religion,3.3,16.6,985048.5,76745.53
HZ-259514-18,190415,Cornell University,Four-Year College,3,0,Ithaca,NY,New York,Tompkins,1,36109,14850,-76.46515,42.43782,2018,Humanities Open Book Program - Cornell University III,Humanities Open Book Program,Digital Humanities,92673,Literature,Classical Literature,"Classical Literature; Interdisciplinary Studies, General; Medieval History",3.6,16.8,2959805.7,395459.73
HZ-259515-18,162928,Johns Hopkins University,Publishing,3,0,Baltimore,MD,Maryland,Baltimore city,0,24510,21218,-76.61787,39.33085,2018,Humanities Open Book Program,Humanities Open Book Program,Digital Humanities,210000,Literature,"Literature, General","Literature, General",5.5,18.9,3788310,665879
FT-259521-18,163046,Loyola University Maryland,Four-Year College,6,0,Baltimore,MD,Maryland,Baltimore city,0,24510,21210,-76.6225,39.34836,2018,"Unofficial Empire: Germans Between Germany and Tanganyika, 1925–1945",Summer Stipends,Research Programs,6000,History,European History,African History; European History,5.5,18.9,3788310,665879
FT-259568-18,204796,Ohio State University,University,3,0,Columbus,OH,Ohio,Franklin,0,39049,43210,-83.0098,40.00011,2018,The Writing Public: Participatory Knowledge Production in Enlightenment and Revolutionary France,Summer Stipends,Research Programs,6000,History,European History,Cultural History; European History; Intellectual History,3.8,15.5,1472216.81,105448.39
FT-259578-18,140447,Mercer University,Four-Year College,6,0,Macon,GA,Georgia,Bibb,0,13021,31207,-83.64854,32.82914,2018,"Reading During the American Civil War, 1861–1865",Summer Stipends,Research Programs,6000,History,U.S. History,Cultural History; Intellectual History; U.S. History,4.6,24.7,154560,6000
FT-259640-18,196176,"SUNY Research Foundation, College at New Paltz",Four-Year College,6,0,New Paltz,NY,New York,Ulster,0,36111,12561,-74.08061,41.74033,2018,"Moral Responsibility, Gender, and Social Change in Lineage Ritual in Northern Vietnam",Summer Stipends,Research Programs,6000,Humanities,Cultural Anthropology,Cultural Anthropology,3.9,14.3,434505.94,65996
FT-259641-18,NA,Rector and Visitors of the University of Virginia,Publishing,NA,NA,Charlottesville,VA,Virginia,Charlottesville city,0,51540,22903,-78.50208,38.05021,2018,Between the Wires: The Janowska Camp and the Holocaust in Lviv,Summer Stipends,Research Programs,6000,History,European History,"European History; History, Other; Jewish Studies",2.6,23.1,5667497.82,1459145.1199999999
FT-259642-18,218663,University of South Carolina,Four-Year College,3,0,Columbia,SC,South Carolina,Richland,0,45079,29208,-81.0252,33.99326,2018,"Routine Imprisonment, Race, and Citizenship in 19th Century Brazil, 1830–1890",Summer Stipends,Research Programs,6000,History,Latin American History,"History, Other; Latin American History",3.4,16.7,3178952.8600000003,208289.05
FT-259718-18,196413,Syracuse University,University,4,0,Syracuse,NY,New York,Onondaga,0,36067,13244,-76.13731,43.03933,2018,Interpreting Early 20th-Century Paintings by Pueblo Artists of the American Southwest,Summer Stipends,Research Programs,6000,Arts,"History, Criticism, and Theory of the Arts","History, Criticism, and Theory of the Arts; Native American Studies",4,13.7,546098.95,187848.95
FT-259751-18,204024,"Miami University, Oxford",Center For Advanced Study/Research Institute,4,0,Oxford,OH,Ohio,Butler,0,39017,45056,-84.73473,39.51029,2018,Eugenics and Classical Scholarship in Early 20th-Century America,Summer Stipends,Research Programs,6000,Literature,Classics,Classical History; Classics,4.1,12.4,1756194.8,396941.47
FT-259759-18,102094,University of South Alabama,University,4,0,Mobile,AL,Alabama,Mobile,0,01097,36688,-88.17413,30.69655,2018,The Science of Proof: Forensic Medicine in Nineteenth-Century France,Summer Stipends,Research Programs,6000,History,European History,"European History; History and Philosophy of Science, Technology, and Medicine; History, General",4.7,20.8,977783,6000
FT-259833-18,139959,University of Georgia,University,3,0,Athens,GA,Georgia,Clarke,0,13059,30602,-83.37298,33.95023,2018,Theater and the Slave Trade in 15th- and 16th-Century Spain and Portugal,Summer Stipends,Research Programs,6000,History,Renaissance Studies,Renaissance History; Renaissance Studies; Theater History and Criticism,4,27,1048174.2,292535.47
FT-259846-18,139959,University of Georgia,University,3,0,Athens,GA,Georgia,Clarke,0,13059,30602,-83.37298,33.95023,2018,"Realism and African Documentary Film, 1905 to the Present",Summer Stipends,Research Programs,6000,Arts,Film History and Criticism,African Studies; Film History and Criticism; French Language,4,27,1048174.2,292535.47
FT-259849-18,141334,University of West Georgia,Four-Year College,6,0,Carrollton,GA,Georgia,Carroll,1,13045,30118,-85.09781,33.57071,2018,German Pietism and American Literature of the Late 18th and 19th Centuries,Summer Stipends,Research Programs,6000,Literature,American Literature,American Literature; History of Religion; U.S. History,4,16.8,6000,6000
FT-259859-18,203517,Kent State University,Four-Year College,4,0,Kent,OH,Ohio,Portage,0,39133,44242,-81.3513,41.15366,2018,Civil Rights and Anti-Chinese Violence in Seattle During the 1880s,Summer Stipends,Research Programs,6000,History,U.S. History,U.S. History,4.6,11.3,528346.72,6000
FT-259957-18,211088,Arcadia University,Four-Year College,6,0,Glenside,PA,Pennsylvania,Montgomery,0,42091,19038,-75.16347,40.08996,2018,Tinsel and Rust: Hollywood Film and Postindustrial Cities in the United States,Summer Stipends,Research Programs,6000,Arts,Media Studies,Media Studies,3.5,5.9,405527.33,39662.33
FT-259958-18,220978,Middle Tennessee State University,University,5,0,Murfreesboro,TN,Tennessee,Rutherford,0,47149,37132,-86.37066,35.84349,2018,"War, Diplomacy, and Knowledge in Habsburg Europe (18th and 19th Centuries)",Summer Stipends,Research Programs,6000,History,Military History,Military History; Renaissance History,2.7,10.4,1560099.94,136284.4
FT-259974-18,139931,Georgia Southern University,Four-Year College,5,0,Statesboro,GA,Georgia,Bulloch,0,13031,30458,-81.79825,32.42391,2018,Printers and Liberalism in Nineteenth-Century Mexico,Summer Stipends,Research Programs,6000,History,Latin American History,Latin American History; Latin American Studies; Media Studies,4.3,22.9,66000,6000
FT-260081-18,139658,Emory University,Two-Year College,3,0,Atlanta,GA,Georgia,DeKalb,0,13089,30322,-84.32618,33.78858,2018,The Role of Poetry in Contemporary African Literary Communities,Summer Stipends,Research Programs,6000,Literature,African Literature,African Literature; African Studies,4.1,14.3,1817120.51,326000
FT-260082-18,163976,"St. John's College, Main Campus",Four-Year College,9,0,Annapolis,MD,Maryland,Anne Arundel,0,24003,21401,-76.49262,38.98251,2018,Intellectual Life: What It Is and Why It Matters,Summer Stipends,Research Programs,6000,Humanities,"Philosophy, General","Ethics; Philosophy, General; Western Civilization",3.2,7,179837.87,6000
FT-260113-18,220613,Lee University,Four-Year College,7,0,Cleveland,TN,Tennessee,Bradley,1,47011,37311,-84.87717,35.15767,2018,Philosophy and Tradition in the Contra Julianumby Cyril of Alexandria (c. 375–444),Summer Stipends,Research Programs,6000,Literature,Classical Literature,Classical Literature; History of Philosophy,3.6,14.7,6000,6000
FT-260114-18,190099,Colgate University,Four-Year College,9,0,Hamilton,NY,New York,Madison,0,36053,13346,-75.53284,42.81934,2018,"The Lure of the Baroque in Italian Visual Culture, 1898–1945",Summer Stipends,Research Programs,6000,Arts,Art History and Criticism,Art History and Criticism; Cultural History; Italian Language,4.7,10.8,1002715.85,164395
FT-260211-18,221999,Vanderbilt University,Four-Year College,3,0,Nashville,TN,Tennessee,Davidson,0,47037,37203,-86.80065,36.14959,2018,Nine Digits: a Biography of a Number and a Nation,Summer Stipends,Research Programs,6000,History,U.S. History,American Studies; Intellectual History; U.S. History,2.6,15.4,3331367.6799999997,6000
FT-260244-18,188429,"CUNY Research Foundation, Queens College",Four-Year College,NA,NA,Flushing,NY,New York,Queens,0,36081,11367,-73.81863,40.73745,2018,"The Rise of Surveillance Advertising in America, from the 1990s to the 2000s",Summer Stipends,Research Programs,6000,Arts,Media Studies,"Communications; History, Other; Media Studies",3.6,11.6,2433038.77,145998.86
FT-260283-18,213385,Lafayette College,Four-Year College,9,0,Easton,PA,Pennsylvania,Northampton,0,42095,18042,-75.22717,40.67153,2018,A History of the Nighttime in 19th- and 20th- Century South Africa,Summer Stipends,Research Programs,6000,History,African History,African History; African Studies; Cultural History,4.6,10.2,1295725.72,299576.72
FT-260316-18,216764,West Chester University of Pennsylvania,Four-Year College,6,0,West Chester,PA,Pennsylvania,Chester,0,42029,19383,-75.59756,39.95318,2018,Windows to Heaven: The Rhetorical Legacy of Byzantine Icons,Summer Stipends,Research Programs,6000,Literature,Composition and Rhetoric,Composition and Rhetoric,3.3,6.7,235059.28999999998,139964.28999999998
FT-260324-18,196219,"SUNY Research Foundation, College at Purchase",Four-Year College,9,0,Purchase,NY,New York,Westchester,0,36119,10577,-73.71327,41.03693,2018,"Vila Kennedy: The Social and Political Organization of Public Housing Residents in Argentina and Brazil, 1960-1973",Summer Stipends,Research Programs,6000,History,Latin American History,Area Studies; Latin American History; Latin American Studies,3.9,8.3,2797620.9,205490
FT-260341-18,189088,Bard College,Center For Advanced Study/Research Institute,9,0,Annandale-on-Hudson,NY,New York,Dutchess,0,36027,12504,-73.90364,42.02458,2018,Urban Legends: The South Bronx in Representation and Ruin,Summer Stipends,Research Programs,6000,Area Studies,American Studies,American Studies; Art History and Criticism; Urban Studies,3.7,9.2,1526523,539075
AKB-260414-18,214069,Misericordia University,University,7,0,Dallas,PA,Pennsylvania,Luzerne,1,42079,18612,-75.98035,41.34912,2018,Revising a Medical and Health Humanities Degree Program,Humanities Connections Implementation Grants,Education Programs,99985,Interdisciplinary,"Interdisciplinary Studies, Other","Interdisciplinary Studies, Other",5.6,14.3,429720,99985
AKB-260415-18,192925,Medaille College,Four-Year College,6,0,Buffalo,NY,New York,Erie,0,36029,14214,-78.85466,42.92957,2018,Applied Ethics in Criminal Justice,Humanities Connections Implementation Grants,Education Programs,89704.22,Humanities,Ethics,Ethics,4.4,13.7,3031666.7,149704.22
AKB-260426-18,215293,University of Pittsburgh,Four-Year College,3,0,Pittsburgh,PA,Pennsylvania,Allegheny,1,42003,15260,-79.95595,40.44347,2018,Water in Central Asia: Tributaries of Change,Humanities Connections Implementation Grants,Education Programs,99898,Area Studies,Area Studies,Area Studies,4.2,11.7,5940946.359999999,446468.27
AKA-260452-18,210669,Allegheny College,Four-Year College,9,0,Meadville,PA,Pennsylvania,Crawford,1,42039,16335,-80.14698,41.64662,2018,Ethical Interdisciplinary Collaboration to Enhance Humanistic Thinking,Humanities Connections Planning Grants,Education Programs,34767.45,Interdisciplinary,"Interdisciplinary Studies, General","Interdisciplinary Studies, General",4.8,13.4,83122.45,34767.45
AKA-260466-18,201441,Bowling Green State University,University,4,0,Bowling Green,OH,Ohio,Wood,0,39173,43403,-83.6324,41.37807,2018,Linking the Humanities with Sustainability at BGSU,Humanities Connections Planning Grants,Education Programs,35000,Social Science,"Social Sciences, Other","History, General; Philosophy, General; Social Sciences, Other",4,11.9,312685.46,44853.65
AKA-260487-18,202480,University of Dayton,University,4,0,Dayton,OH,Ohio,Montgomery,0,39113,45469,-84.18019,39.74033,2018,Humanities and Health Connections Certificate Program,Humanities Connections Planning Grants,Education Programs,35000,Interdisciplinary,"Interdisciplinary Studies, General","Interdisciplinary Studies, General",4.5,16.9,326336,70000
AKA-260488-18,202480,University of Dayton,University,4,0,Dayton,OH,Ohio,Montgomery,0,39113,45469,-84.18019,39.74033,2018,"The Life, Works, and Legacy of Paul Laurence Dunbar: Interdisciplinary Curriculum Development",Humanities Connections Planning Grants,Education Programs,35000,Interdisciplinary,"Interdisciplinary Studies, General","African American History; Interdisciplinary Studies, General; U.S. History",4.5,16.9,326336,70000
AKA-260489-18,216524,Ursinus College,Four-Year College,9,0,Collegeville,PA,Pennsylvania,Montgomery,0,42091,19426,-75.45819,40.19145,2018,"Humans, Nature, and Landscapes in 21st-Century Suburbia",Humanities Connections Planning Grants,Education Programs,33662.33,Interdisciplinary,"Interdisciplinary Studies, Other","English; Geography; Interdisciplinary Studies, Other",3.5,5.9,405527.33,39662.33
AKB-260492-18,196079,"SUNY Research Foundation, Binghamton",Two-Year College,4,0,Binghamton,NY,New York,Broome,1,36007,13902,-75.96456,42.09521,2018,Situating Chemical Elements in the Human World to Innovate Undergraduate Education,Humanities Connections Implementation Grants,Education Programs,98740.41,Interdisciplinary,"Interdisciplinary Studies, General","Interdisciplinary Studies, General",4.8,17.3,600707.48,98740.41
AKB-260502-18,192323,Le Moyne College,Four-Year College,6,0,Syracuse,NY,New York,Onondaga,0,36067,13214,-76.07989,43.05234,2018,"Ethics, Values, and Professional Life",Humanities Connections Implementation Grants,Education Programs,96851.95,Humanities,Ethics,"Ethics; Interdisciplinary Studies, General",4,13.7,546098.95,187848.95
AKB-260507-18,191126,Fashion Institute of Technology,Two-Year College,8,0,New York,NY,New York,New York,0,36061,10001,-73.9942,40.74689,2018,Teaching Business and Labor History to Art and Design Students,Humanities Connections Implementation Grants,Education Programs,100000,History,Labor History,"Interdisciplinary Studies, Other; Labor History",3.7,15.6,78116853.73,5058485.3100000005
AV-260599-18,NA,Aquila Theatre Company Inc.,Non-Profit Educational Center,NA,NA,New York,NY,New York,New York,0,36061,10003,-73.9962,40.73114,2018,Citizen Soldiers: Ancient and Modern Expressions of War,Dialogues on the Experience of War,Education Programs,99312,Literature,Classics,Classics,3.7,15.6,78116853.73,5058485.3100000005
AV-260602-18,204796,Ohio State University,University,3,0,Columbus,OH,Ohio,Franklin,0,39049,43210,-83.0098,40.00011,2018,Voices of War: Comparative Perspectives,Dialogues on the Experience of War,Education Programs,82430.39,History,Military History,Diplomatic History; Military History,3.8,15.5,1472216.81,105448.39
AV-260606-18,204857,Ohio University,Four-Year College,4,0,Athens,OH,Ohio,Athens,1,39009,45701,-82.1051,39.33319,2018,Coming Home from War: Conversations for Veterans in Southern Ohio and the Appalachian Region,Dialogues on the Experience of War,Education Programs,73164.93,Interdisciplinary,"Interdisciplinary Studies, General","Interdisciplinary Studies, General",5.6,30.7,156003.22999999998,73164.93
AV-260610-18,192022,Jefferson Community College,Two-Year College,1,0,Watertown,NY,New York,Jefferson,0,36045,13601,-75.93995,43.98753,2018,Dialogues of Honor and Sacrifice: Soldiers’ Experiences in the Civil War and the Vietnam War,Dialogues on the Experience of War,Education Programs,94960.92,History,"History, General","History, General",5.5,12.3,94960.92,94960.92
AV-260615-18,232186,George Mason University,Four-Year College,4,0,Fairfax,VA,Virginia,Fairfax,0,51059,22030,-77.30756,38.83542,2018,"Coming Home: Dialogues on the Moral, Psychological, and Spiritual Impacts of War",Dialogues on the Experience of War,Education Programs,93876.59,Humanities,Ethics,Ethics,2.5,6.1,3509975.9699999997,505625.05
AV-260630-18,NA,Historical Society of Pennsylvania,Historical Society,NA,NA,Philadelphia,PA,Pennsylvania,Philadelphia,0,42101,19107,-75.16238,39.94784,2018,The Art of Re-Integration: Veterans and the Silences of War,Dialogues on the Experience of War,Education Programs,82021.22,History,Military History,"Military History; Social Sciences, General",5.7,24.3,14436056.34,1885765.17
AV-260635-18,204024,"Miami University, Oxford",Center For Advanced Study/Research Institute,4,0,Oxford,OH,Ohio,Butler,0,39017,45056,-84.73473,39.51029,2018,From War Zone to Home: A Humanities Dialogue,Dialogues on the Experience of War,Education Programs,79300.47,History,U.S. History,"Military History; Philosophy, Other; U.S. History",4.1,12.4,1756194.8,396941.47
AV-260653-18,NA,"Clemente Course in the Humanities, Inc.",Non-Profit Educational Center,NA,NA,New York,NY,New York,New York,0,36061,10065,-73.96968,40.76542,2018,Clemente Veterans Initiative,Dialogues on the Experience of War,Education Programs,90909.35,Literature,Classics,"Classics; Literature, General; Philosophy, General",3.7,15.6,78116853.73,5058485.3100000005
ZA-260704-18,238032,West Virginia University,University,4,0,Morgantown,WV,West Virginia,Monongalia,1,54061,26506,-79.96529,39.65043,2018,The Broadly Trained Humanist: A Pathway to a More Flexible Humanities Ph.D.,Next Generation Humanities PhD (Planning),Challenge Programs,21352,Literature,"Literature, General","Composition and Rhetoric; History, General; Literature, General",4,18.3,771198.9199999999,141352
ZA-260710-18,215293,University of Pittsburgh,Four-Year College,3,0,Pittsburgh,PA,Pennsylvania,Allegheny,1,42003,15260,-79.95595,40.44347,2018,Humanities Careers: Re-Imagining Doctoral Training,Next Generation Humanities PhD (Planning),Challenge Programs,24797,Interdisciplinary,"Interdisciplinary Studies, General","Interdisciplinary Studies, General",4.2,11.7,5940946.359999999,446468.27
ZA-260717-18,196413,Syracuse University,University,4,0,Syracuse,NY,New York,Onondaga,0,36067,13244,-76.13731,43.03933,2018,Reforming Doctoral Training in the Humanities,Next Generation Humanities PhD (Planning),Challenge Programs,24997,Interdisciplinary,"Interdisciplinary Studies, General","Interdisciplinary Studies, General",4,13.7,546098.95,187848.95
RQ-260718-18,198419,Duke University,Publishing,3,0,Durham,NC,North Carolina,Durham,0,37063,27705,-78.92459,36.00683,2018,The Collected Letters of Thomas and Jane Welsh Carlyle,Scholarly Editions and Translations,Research Programs,275000,Literature,British Literature,British Literature,3.6,13.5,4368610,566207
PF-260729-18,157951,Western Kentucky University Research Foundation,Four-Year College,6,0,Bowling Green,KY,Kentucky,Warren,0,21227,42101,-86.45507,36.98709,2018,WKU Kentucky Museum/Library Special Collections Sustainable Environment Planning Project,Sustaining Cultural Heritage Collections,Preservation and Access,50000,History,Public History,Public History,3.6,16.5,395487.11,50000
RQ-260734-18,214777,Pennsylvania State University,Four-Year College,3,0,University Park,PA,Pennsylvania,Centre,1,42027,16802,-77.85432,40.80366,2018,The Letters of Ernest Hemingway,Scholarly Editions and Translations,Research Programs,275000,Literature,American Literature,American Literature,3.3,18.1,2265848.84,275000
RQ-260760-18,189088,Bard College,Center For Advanced Study/Research Institute,9,0,Annandale-on-Hudson,NY,New York,Dutchess,0,36027,12504,-73.90364,42.02458,2018,Transcription and Translation of Franz Boas's Kwakwaka'wakw Field Notes for a Critical Edition of His 1897 Monograph,Scholarly Editions and Translations,Research Programs,132340,Humanities,Cultural Anthropology,Cultural Anthropology; Native American Studies,3.7,9.2,1526523,539075
RZ-260766-18,157085,University of Kentucky Research Foundation,Four-Year College,3,0,Lexington,KY,Kentucky,Fayette,0,21067,40506,-84.50654,38.03919,2018,"Reassessing the History of Urban Renewal in the United States, 1950–1975",Collaborative Research,Research Programs,42000,Social Science,Architecture,Architecture,3.2,14.6,1457528.43,717247.4299999999
PF-260786-18,220978,Middle Tennessee State University,University,5,0,Murfreesboro,TN,Tennessee,Rutherford,0,47149,37132,-86.37066,35.84349,2018,"Improving Storage, Access, and Sustainability of American Vernacular Music Collections",Sustaining Cultural Heritage Collections,Preservation and Access,130284.4,Arts,Music History and Criticism,Music History and Criticism,2.7,10.4,1560099.94,136284.4
PF-260790-18,NA,"Adirondack Historical Association, Inc.",History Museum,NA,NA,Blue Mountain Lake,NY,New York,Hamilton,0,36041,12812,-74.42373,43.85357,2018,Enhanced Environmental Conditions for Humanities Exhibitions,Sustaining Cultural Heritage Collections,Preservation and Access,350000,History,Cultural History,Cultural History,6.8,9.1,850000,350000
PF-260791-18,NA,St. Peter's Lutheran Church of Manhattan,Community-Level Organization,NA,NA,New York,NY,New York,New York,0,36061,10022,-73.97054,40.75881,2018,Nevelson Chapel Environmental Systems Replacement,Sustaining Cultural Heritage Collections,Preservation and Access,350000,Arts,Art History and Criticism,Art History and Criticism; Urban History,3.7,15.6,78116853.73,5058485.3100000005
RQ-260842-18,163286,"University of Maryland, College Park",University,3,0,College Park,MD,Maryland,Prince George's,0,24033,20742,-76.95018,38.9975,2018,Freedmen & Southern Society Project,Scholarly Editions and Translations,Research Programs,325000,History,U.S. History,African American History; U.S. History,3.9,8.3,4393763.9399999995,853858.91
RQ-260871-18,139658,Emory University,Two-Year College,3,0,Atlanta,GA,Georgia,DeKalb,0,13089,30322,-84.32618,33.78858,2018,"Sounding Spirit: Scholarly Editions of Southern Sacred Music, 1851–1911",Scholarly Editions and Translations,Research Programs,260000,Arts,Music History and Criticism,American Studies; Folklore and Folklife; Music History and Criticism,4.1,14.3,1817120.51,326000
RQ-260874-18,221759,"University of Tennessee, Knoxville",Publishing,3,0,Knoxville,TN,Tennessee,Knox,1,47093,37916,-83.92774,35.9529,2018,The Papers of Andrew Jackson: A Documentary Edition,Scholarly Editions and Translations,Research Programs,325000,History,U.S. History,Cultural History; Political History; U.S. History,2.9,13.2,2097050.66,846000
RQ-260882-18,NA,"American Musicological Society, Inc.",Professional Association,NA,NA,New York,NY,New York,New York,0,36061,10012,-73.99711,40.72623,2018,Music of the United States of America (MUSA),Scholarly Editions and Translations,Research Programs,205000,Arts,Music History and Criticism,Music History and Criticism,3.7,15.6,78116853.73,5058485.3100000005
RQ-260886-18,NA,Rector and Visitors of the University of Virginia,Publishing,NA,NA,Charlottesville,VA,Virginia,Charlottesville city,0,51540,22903,-78.50208,38.05021,2018,A Born-Digital Documentary Edition of the Letters of Dolley Payne Todd Madison,Scholarly Editions and Translations,Research Programs,195670,History,U.S. History,U.S. History,2.6,23.1,5667497.82,1459145.1199999999
PF-260946-18,NA,"American Institute of Physics, Inc.",Non-Profit Educational Center,NA,NA,College Park,MD,Maryland,Prince George's,0,24033,20740,-76.92529,38.97892,2018,AIP Niels Bohr Library & Archives–Preservation and Stewardship of the History of Physics,Sustaining Cultural Heritage Collections,Preservation and Access,300000,History,History of Science,History of Science,3.9,8.3,4393763.9399999995,853858.91
MR-260964-18,NA,Foundation for the Reading Public Museum,General Museum,NA,NA,Reading,PA,Pennsylvania,Berks,0,42011,19611,-75.95005,40.32721,2018,NEH on the Road: Coney Island,NEH on the Road,Public Programs,1000,Arts,"Arts, General","Arts, General",4.3,11.4,177470,1000
MR-260971-18,NA,Upcountry History Museum,History Museum,NA,NA,Greenville,SC,South Carolina,Greenville,1,45045,29601,-82.40266,34.85618,2018,NEH on the Road: Power of Children,NEH on the Road,Public Programs,1000,History,U.S. History,U.S. History,2.9,11.1,26297,1000
MR-260985-18,NA,Kennedy-Douglass Center for the Arts,Art Museum,NA,NA,Florence,AL,Alabama,Lauderdale,1,01077,35630,-87.67567,34.80376,2018,NEH on the Road: House and Home,NEH on the Road,Public Programs,1000,Area Studies,American Studies,American Studies; Architecture; Sociology,4.2,14,1000,1000
MR-260986-18,NA,Rutherford B. Hayes Presidential Center,History Museum,NA,NA,Fremont,OH,Ohio,Sandusky,0,39143,43420,-83.12979,41.342,2018,NEH on the Road: Jacob Riis,NEH on the Road,Public Programs,1000,History,U.S. History,Immigration History; U.S. History,4.5,10,1000,1000
TD-261033-18,NA,WQED Multimedia,Television Station,NA,NA,Pittsburgh,PA,Pennsylvania,Allegheny,1,42003,15213,-79.94533,40.44713,2018,Shanghailanders,Media Projects Development,Public Programs,49987,Area Studies,Jewish Studies,East Asian Studies; Jewish Studies,4.2,11.7,5940946.359999999,446468.27
GI-261050-18,NA,Baltimore Museum of Art,Art Museum,NA,NA,Baltimore,MD,Maryland,Baltimore city,0,24510,21218,-76.61896,39.32552,2018,Monsters & Myths: Transatlantic Surrealism in the 1930s and 1940s,Exhibitions: Implementation,Public Programs,100000,Arts,Art History and Criticism,Art History and Criticism,5.5,18.9,3788310,665879
TD-261055-18,NA,Futuro Media Group,Independent Production Company,NA,NA,New York,NY,New York,New York,0,36061,10027,-73.95324,40.81115,2018,Unladylike,Media Projects Development,Public Programs,75000,History,Women's History,"Interdisciplinary Studies, General; U.S. History; Women's History",3.7,15.6,78116853.73,5058485.3100000005
GI-261067-18,NA,"Mississippi Museum of Art, Inc.",Art Museum,NA,NA,Jackson,MS,Mississippi,Hinds,0,28049,39215,-90.18521,32.29434,2018,Mississippi Stories: Visions of a Changing South,Exhibitions: Implementation,Public Programs,275000,Arts,"Arts, General","Art History and Criticism; Arts, General",4.8,19.4,2385566.77,282781.77
HAA-261101-18,232186,George Mason University,Four-Year College,4,0,Fairfax,VA,Virginia,Fairfax,0,51059,22030,-77.30756,38.83542,2018,World History Commons,Digital Humanities Advancement Grants,Digital Humanities,325000,History,"History, General","History, General; Interdisciplinary Studies, General",2.5,6.1,3509975.9699999997,505625.05
GI-261125-18,NA,New York Botanical Garden,Nature Center/Botanical Garden/Aboretum,NA,NA,Bronx,NY,New York,Bronx,0,36005,10458,-73.88051,40.86,2018,Roberto Burle Marx: Modern Nature of Brazil--A Garden-Wide Humanities Exhibition,Exhibitions: Implementation,Public Programs,460000,Interdisciplinary,"Interdisciplinary Studies, Other","Art History and Criticism; Interdisciplinary Studies, Other",5.7,27.3,1261876.04,489940
GE-261130-18,213598,"Lincoln University, Pennsylvania",Four-Year College,6,1,Lincoln University,PA,Pennsylvania,Chester,0,42029,19352,-75.92521,39.81143,2018,Journey to Sanctuary,Exhibitions: Planning,Public Programs,73964.29,History,African American History,African American History; U.S. History,3.3,6.7,235059.28999999998,139964.28999999998
TD-261142-18,NA,WNET,University,NA,NA,New York,NY,New York,New York,0,36061,10019,-73.98644,40.76202,2018,American Masters--Marian Anderson: The Whole World in Her Hands,Media Projects Development,Public Programs,75000,History,African American History,African American History; U.S. History,3.7,15.6,78116853.73,5058485.3100000005
GI-261155-18,NA,Philadelphia Museum of Art,Art Museum,NA,NA,Philadelphia,PA,Pennsylvania,Philadelphia,0,42101,19101,-75.18336,39.9532,2018,American Art Galleries Reinstallation Project,Exhibitions: Implementation,Public Programs,400000,Arts,"Arts, General","Arts, General; Arts, Other",5.7,24.3,14436056.34,1885765.17
PJ-261201-18,100751,University of Alabama,Four-Year College,4,0,Tuscaloosa,AL,Alabama,Tuscaloosa,1,01125,35487,-87.54182,33.22002,2018,Alabama Digital Newspaper Project,National Digital Newspaper Program,Preservation and Access,571974.51,History,U.S. History,U.S. History,3.6,16.8,1343238.51,615907.51
HAA-261218-18,204024,"Miami University, Oxford",Center For Advanced Study/Research Institute,4,0,Oxford,OH,Ohio,Butler,0,39017,45056,-84.73473,39.51029,2018,Breath of Life 2.0: Indigenous Language Revitalization through Enhancement of the Miami-Illinois Digital Archive,Digital Humanities Advancement Grants,Digital Humanities,311641,Language,"Languages, Other","Languages, Other",4.1,12.4,1756194.8,396941.47
HAA-261228-18,216339,Temple University,University,4,0,Philadelphia,PA,Pennsylvania,Philadelphia,0,42101,19122,-75.15747,39.98021,2018,Developing the Data Set of Nineteenth-Century Knowledge,Digital Humanities Advancement Grants,Digital Humanities,111597,History,Intellectual History,"British History; Intellectual History; Interdisciplinary Studies, Other",5.7,24.3,14436056.34,1885765.17
HAA-261239-18,233374,University of Richmond,Four-Year College,9,0,Richmond,VA,Virginia,Richmond city,0,51760,23173,-77.54296,37.57626,2018,Distant Viewing Toolkit (DVT) for the Cultural Analysis of Moving Images,Digital Humanities Advancement Grants,Digital Humanities,93090.57,Arts,Media Studies,Media Studies,3.6,22.3,3795322.18,128090.57
HAA-261240-18,218663,University of South Carolina,Four-Year College,3,0,Columbia,SC,South Carolina,Richland,0,45079,29208,-81.0252,33.99326,2018,Evolution in Digital Discourse: Toward a Computational Tool for Identifying Patterns of Language Change in Social Media,Digital Humanities Advancement Grants,Digital Humanities,82289.05,Social Science,Communications,"Communications; Literature, General",3.4,16.7,3178952.8600000003,208289.05
HAA-261261-18,NA,Rector and Visitors of the University of Virginia,Publishing,NA,NA,Charlottesville,VA,Virginia,Charlottesville city,0,51540,22903,-78.50208,38.05021,2018,Linked Open Greek Pottery,Digital Humanities Advancement Grants,Digital Humanities,85250.12,Arts,"Arts, General","Arts, General",2.6,23.1,5667497.82,1459145.1199999999
HAA-261266-18,139755,Georgia Tech Research Corporation,Center For Advanced Study/Research Institute,3,0,Atlanta,GA,Georgia,Fulton,0,13121,30318,-84.40002,33.78076,2018,"The Digital Drawer: A Crowd-Sourced, Curated, Digital Archive Preserving History and Memory",Digital Humanities Advancement Grants,Digital Humanities,86471,History,Cultural History,Cultural History,4.1,13.5,2230578.12,631469.7100000001
HAA-261267-18,196060,"SUNY Research Foundation, Albany",Four-Year College,3,0,Albany,NY,New York,Albany,0,36001,12222,-73.83172,42.68798,2018,Picturing Urban Renewal,Digital Humanities Advancement Grants,Digital Humanities,37695,History,"History, General","History, General",3.7,11.3,1483153.6,125146.86
HAA-261291-18,NA,Marian Cheek Jackson Center for Saving and Making History,Non-Profit Educational Center,NA,NA,Chapel Hill,NC,North Carolina,Orange,0,37135,27516,-79.06509,35.91116,2018,The Northside Digital Commons,Digital Humanities Advancement Grants,Digital Humanities,79000,History,African American History,African American History; Communications,3.3,12.4,1384311.22,89697
FZ-261336-18,196088,"SUNY Research Foundation, University at Buffalo",University,3,0,Amherst,NY,New York,Erie,0,36029,14228,-78.7855,43.00266,2018,An Intimate History of Freedom: The Biography of Emancipated Slave Priscilla Joyner,Public Scholars,Research Programs,60000,History,U.S. History,African American History; U.S. History,4.4,13.7,3031666.7,149704.22
FZ-261349-18,NA,NA,Individual,NA,NA,Greensboro,GA,Georgia,Greene,0,13133,30642,-83.21711,33.43017,2018,"Emanuel AME Church in Charleston, South Carolina: 200 Years of African-American Life",Public Scholars,Research Programs,60000,History,African American History,African American History; History of Religion; U.S. Regional Studies,4.3,19.3,60000,60000
FZ-261386-18,232186,George Mason University,Four-Year College,4,0,Fairfax,VA,Virginia,Fairfax,0,51059,22030,-77.30756,38.83542,2018,Out of Small Beginnings: Plymouth Colony and the Making of American Liberty,Public Scholars,Research Programs,60000,History,U.S. History,History of Religion; U.S. History,2.5,6.1,3509975.9699999997,505625.05
FZ-261390-18,189088,Bard College,Center For Advanced Study/Research Institute,9,0,Annandale-on-Hudson,NY,New York,Dutchess,0,36027,12504,-73.90364,42.02458,2018,The Sacred Band of Thebes and the Last Days of Greek Freedom (379–338 B.C.),Public Scholars,Research Programs,50000,Literature,Classics,Classics; Gender Studies; Military History,3.7,9.2,1526523,539075
FZ-261493-18,191649,Hofstra University,University,5,0,Hempstead,NY,New York,Nassau,0,36059,11549,-73.6016,40.7178,2018,American Catholicism and the Cantor Fitzgerald Employees Who Lost Their Lives on 9/11,Public Scholars,Research Programs,60000,History,History of Religion,American Studies; History of Religion; U.S. History,3.5,5.8,852541.01,60000
FZ-261516-18,NA,NA,Individual,NA,NA,Pittsburgh,PA,Pennsylvania,Allegheny,1,42003,15206,-79.92651,40.46032,2018,"A Life of Louis Bromfield (1896–1956), The Lost Generation Novelist Who Inspired America’s Organic Food Revolution",Public Scholars,Research Programs,60000,Area Studies,American Studies,American Literature; American Studies; U.S. History,4.2,11.7,5940946.359999999,446468.27
FZ-261543-18,139959,University of Georgia,University,3,0,Athens,GA,Georgia,Clarke,0,13059,30602,-83.37298,33.95023,2018,Industrial and Technical Standards in Modern Life: A History,Public Scholars,Research Programs,60000,History,U.S. History,"Economic History; History and Philosophy of Science, Technology, and Medicine; U.S. History",4,27,1048174.2,292535.47
FZ-261551-18,NA,NA,Individual,NA,NA,Sunnyside,NY,New York,Queens,0,36081,11104,-73.92175,40.74377,2018,Picasso's Dealer: Paul Rosenberg and the 1939 Exhibition that Changed America,Public Scholars,Research Programs,40000,History,Cultural History,Art History and Criticism; Cultural History,3.6,11.6,2433038.77,145998.86
ES-261599-18,NA,"Theatre for a New Audience, Inc.",National Organization,NA,NA,New York,NY,New York,New York,0,36061,10014,-74.00861,40.73255,2018,Teaching Shakespeare’s Plays through Scholarship and Performance,Institutes for K-12 Educators,Education Programs,153877,Arts,"Arts, Other","Arts, Other",3.7,15.6,78116853.73,5058485.3100000005
BH-261604-18,139940,"Georgia State University Research Foundation, Inc.",Two-Year College,NA,NA,Atlanta,GA,Georgia,Newton,0,13217,30302,-83.69758,33.612,2018,The Problem of the Color Line: Atlanta Landmarks and Civil Rights History,Landmarks of American History and Culture for K-12 Educators,Education Programs,158445.37,History,U.S. History,African American History; African American Studies; U.S. History,4.5,14.8,1331330.3399999999,158445.37
BH-261615-18,175616,Delta State University,Four-Year College,6,0,Cleveland,MS,Mississippi,Bolivar,0,28011,38733,-90.73321,33.74742,2018,"The Most Southern Place on Earth: Music, History, and Culture of the Mississippi Delta",Landmarks of American History and Culture for K-12 Educators,Education Programs,170000,Area Studies,U.S. Regional Studies,U.S. Regional Studies,6.3,29.4,380257,170000
ES-261625-18,NA,Rendell Center for Civics and Civic Engagement,Non-Profit Educational Center,NA,NA,Philadelphia,PA,Pennsylvania,Philadelphia,0,42101,19102,-75.16486,39.94905,2018,The First Amendment and Twenty-first-Century America,Institutes for K-12 Educators,Education Programs,92511.95,Humanities,Law and Jurisprudence,Law and Jurisprudence,5.7,24.3,14436056.34,1885765.17
FV-261637-18,190099,Colgate University,Four-Year College,9,0,Hamilton,NY,New York,Madison,0,36053,13346,-75.53284,42.81934,2018,Abolitionism and the Underground Railroad,Seminars for K-12 Educators,Education Programs,98395,History,U.S. History,U.S. History,4.7,10.8,1002715.85,164395
BH-261645-18,196149,Research Foundation for the State University of New York,Four-Year College,NA,NA,Cortland,NY,New York,Tompkins,1,36109,13045,-76.26239,42.56495,2018,Forever Wild: The Adirondacks in the Gilded Age and Progressive Era,Landmarks of American History and Culture for K-12 Educators,Education Programs,165198,History,U.S. History,Cultural History; U.S. History,3.6,16.8,2959805.7,395459.73
FS-261646-18,190415,Cornell University,Four-Year College,3,0,Ithaca,NY,New York,Tompkins,1,36109,14850,-76.46515,42.43782,2018,"Situating Democratic Writers in Western New York: Tocqueville, Cooper, Stanton, and Douglass",Seminars for Higher Education Faculty,Education Programs,71588.73,Literature,American Literature,American Literature,3.6,16.8,2959805.7,395459.73
ES-261677-18,NA,Interfaith Center of New York,Non-Profit Educational Center,NA,NA,New York,NY,New York,New York,0,36061,10115,-73.96432,40.81071,2018,Religious Worlds of New York: Teaching the Everyday Life of American Religious Diversity,Institutes for K-12 Educators,Education Programs,173005.96,Humanities,Comparative Religion,American Studies; Comparative Religion; Urban Studies,3.7,15.6,78116853.73,5058485.3100000005
ES-261717-18,NA,Rector and Visitors of the University of Virginia,Publishing,NA,NA,Charlottesville,VA,Virginia,Charlottesville city,0,51540,22903,-78.50208,38.05021,2018,Thomas Jefferson: The Public and Private Worlds of Monticello and the University of Virginia,Institutes for K-12 Educators,Education Programs,144022.47,Social Science,Architecture,Architecture; U.S. History,2.6,23.1,5667497.82,1459145.1199999999
FV-261720-18,162760,"Hood College of Frederick, Maryland",Four-Year College,7,0,Frederick,MD,Maryland,Frederick,0,24021,21701,-77.42047,39.42049,2018,World War I in History and Literature,Seminars for K-12 Educators,Education Programs,95997,Interdisciplinary,"Interdisciplinary Studies, General","History, General; Interdisciplinary Studies, General; Literature, General",3.4,6.2,309486,95997
ES-261739-18,NA,Historic Hudson Valley,Historical Site/House,NA,NA,Tarrytown,NY,New York,Westchester,0,36119,10591,-73.841014,41.090097,2018,Slavery in the Colonial North,Institutes for K-12 Educators,Education Programs,109490,History,African American History,African American History,3.9,8.3,2797620.9,205490
ES-261741-18,NA,New York Historical Society,Historical Society,NA,NA,New York,NY,New York,New York,0,36061,10024,-73.97399,40.77909,2018,American Women in the Revolutionary and Civil Wars,Institutes for K-12 Educators,Education Programs,173056,History,U.S. History,U.S. History; Women's History,3.7,15.6,78116853.73,5058485.3100000005
EH-261743-18,217819,College of Charleston,Four-Year College,7,0,Charleston,SC,South Carolina,Charleston,0,45019,29424,-79.93665,32.78359,2018,Jewish History in the American South,Institutes for Higher Education Faculty,Education Programs,142078.3,Area Studies,Jewish Studies,Jewish Studies; U.S. History; U.S. Regional Studies,2.7,14.2,157078.3,142078.3
HT-261794-18,215293,University of Pittsburgh,Four-Year College,3,0,Pittsburgh,PA,Pennsylvania,Allegheny,1,42003,15260,-79.95595,40.44347,2018,Workshops on Sustainability for Digital Projects,Institutes for Advanced Topics in the Digital Humanities,Digital Humanities,181796.65,Interdisciplinary,"Interdisciplinary Studies, Other","Interdisciplinary Studies, Other",4.2,11.7,5940946.359999999,446468.27
CHA-261814-19,NA,Cabell County Public Library,Public Library,NA,NA,Huntington,WV,West Virginia,Cabell,1,54011,25701,-82.44382,38.42006,2018,"Construction of New 14,000-Square-Foot Barboursville Library Branch",Infrastructure and Capacity Building Challenge Grants,Challenge Programs,400000,Interdisciplinary,"Interdisciplinary Studies, General","History, General; Interdisciplinary Studies, General; Literature, General",4.6,19.3,659957,481398
CHA-261857-19,NA,Pellissippi State Community College,Two-Year College,NA,NA,Knoxville,TN,Tennessee,Knox,1,47093,37932,-84.16601,35.94368,2018,The Appalachian Heritage Project,Infrastructure and Capacity Building Challenge Grants,Challenge Programs,400000,History,Cultural History,Cultural History; Folklore and Folklife; Rural Studies,2.9,13.2,2097050.66,846000
CHA-261860-19,NA,Philadelphia Museum of Art,Art Museum,NA,NA,Philadelphia,PA,Pennsylvania,Philadelphia,0,42101,19101,-75.18336,39.9532,2018,Construction of Early American Art Galleries,Infrastructure and Capacity Building Challenge Grants,Challenge Programs,500000,Arts,Art History and Criticism,Art History and Criticism; U.S. History,5.7,24.3,14436056.34,1885765.17
CHA-261881-19,NA,"Reynolda House, Inc.",Four-Year College,NA,NA,Winston-Salem,NC,North Carolina,Forsyth,1,37067,27106,-80.28703,36.12722,2018,Reynolda House Roof Renovation,Infrastructure and Capacity Building Challenge Grants,Challenge Programs,420482,Arts,"Arts, General","Arts, General",3.9,16.4,676597,420482
CHA-261918-19,NA,Cincinnati Art Museum,Art Museum,NA,NA,Cincinnati,OH,Ohio,Hamilton,0,39061,45202,-84.49719,39.1164,2018,Re-envisioning the Art and Architecture of the Near East,Infrastructure and Capacity Building Challenge Grants,Challenge Programs,500000,Arts,"Arts, Other","Arts, Other",4.1,15.4,2003700,500000
CHA-261978-19,NA,"HBCU Library Alliance, Inc.",Library,NA,NA,Atlanta,GA,Georgia,Fulton,0,13121,30314,-84.41291,33.75201,2018,Building Capacity for Humanities Special Collections at Historically Black Colleges and Universities,Infrastructure and Capacity Building Challenge Grants,Challenge Programs,264100,History,African American History,African American History,4.1,13.5,2230578.12,631469.7100000001
CHA-261990-19,NA,Brooklyn Institute of Arts and Sciences,Art Museum,NA,NA,Brooklyn,NY,New York,Kings,0,36047,11238,-73.96335,40.6717,2018,Mobilization of Collection through Storage Assessment,Infrastructure and Capacity Building Challenge Grants,Challenge Programs,700000,Arts,"Arts, General","Arts, General; History, Criticism, and Theory of the Arts",4.2,18.9,7011052.99,1090000
FEL-262061-19,199193,North Carolina State University,University,3,0,Raleigh,NC,North Carolina,Wake,0,37183,27695,-78.62526,35.79769,2018,"Boundaries of Nature: National Parks and Environmental Change at the Argentine-Brazilian Border, 1890-1990",Fellowships,Research Programs,60000,History,Latin American History,Latin American History; Latin American Studies,3.5,8.4,1354074.6,265074.6
FEL-262178-19,195030,University of Rochester,University,3,0,Rochester,NY,New York,Monroe,0,36055,14627,-77.62391,43.13182,2018,Materialized: The Global Life of Steel,Fellowships,Research Programs,60000,Social Science,Architecture,Architecture; Art History and Criticism; Cultural History,4.2,14.4,5554529.78,742502
FEL-262222-19,190099,Colgate University,Four-Year College,9,0,Hamilton,NY,New York,Madison,0,36053,13346,-75.53284,42.81934,2018,"Black Flight from Slavery in the Americas, 1500-1865",Fellowships,Research Programs,60000,History,U.S. History,U.S. History,4.7,10.8,1002715.85,164395
FEL-262248-19,196060,"SUNY Research Foundation, Albany",Four-Year College,3,0,Albany,NY,New York,Albany,0,36001,12222,-73.83172,42.68798,2018,Staging Christ’s Passion in Eighteenth-Century Nahua Mexico,Fellowships,Research Programs,60000,Humanities,Cultural Anthropology,Cultural Anthropology; Latin American History; Native American Studies,3.7,11.3,1483153.6,125146.86
HB-262280-19,141060,Spelman College,Four-Year College,9,1,Atlanta,GA,Georgia,Fulton,0,13121,30314,-84.4087,33.74512,2018,"British Literature, Suicide, and the Bounds of Liberalism in the Romantic Era",Awards for Faculty,Research Programs,30000,Literature,British Literature,African American Studies; British Literature,4.1,13.5,2230578.12,631469.7100000001
FEL-262292-19,195030,University of Rochester,University,3,0,Rochester,NY,New York,Monroe,0,36055,14627,-77.62391,43.13182,2018,Silent History: Judaism and Islam on the Arabian Peninsula in the 7th and 8th Centuries CE,Fellowships,Research Programs,60000,Area Studies,Jewish Studies,Comparative Religion; History of Religion; Jewish Studies,4.2,14.4,5554529.78,742502
FEL-262314-19,139658,Emory University,Two-Year College,3,0,Atlanta,GA,Georgia,DeKalb,0,13089,30322,-84.32618,33.78858,2018,Concubinage and Illegitimacy in the Late Medieval Mediterranean,Fellowships,Research Programs,60000,History,Medieval History,Gender Studies; Medieval History; Women's History,4.1,14.3,1817120.51,326000
FEL-262324-19,190150,Trustees of Columbia University in the City of New York,Center For Advanced Study/Research Institute,3,0,New York,NY,New York,New York,0,36061,10027,-73.95707,40.81771,2018,The Politics of Knowledge in Late Republican Rome,Fellowships,Research Programs,60000,Literature,Classics,Classical Literature; Classics; Intellectual History,3.7,15.6,78116853.73,5058485.3100000005
FEL-262384-19,231624,College of William and Mary,Four-Year College,4,0,Williamsburg,VA,Virginia,Williamsburg city,0,51830,23186,-76.71257,37.27342,2018,The Specter of the State: Archives and Political Practice in Early Modern Britain,Fellowships,Research Programs,45000,History,British History,British History; History of Science; Renaissance History,4.1,23,1988346.08,45000
FEL-262385-19,196413,Syracuse University,University,4,0,Syracuse,NY,New York,Onondaga,0,36067,13244,-76.13731,43.03933,2018,Reforming Muslim Family Laws in Non-Muslim Regimes: The Role of Civil Courts,Fellowships,Research Programs,60000,Social Science,Comparative Politics,Area Studies; Comparative Politics; Law and Jurisprudence,4,13.7,546098.95,187848.95
FEL-262454-19,206084,University of Toledo,Four-Year College,4,0,Toledo,OH,Ohio,Lucas,0,39095,43606,-83.61224,41.663,2018,"The World of Westover: Mary Willing Byrd, Gender, Slavery, and the Economics of Citizenship in Revolutionary Virginia",Fellowships,Research Programs,45000,History,U.S. History,U.S. History; Women's History,5.2,18.7,1176150,45000
FEL-262466-19,221759,"University of Tennessee, Knoxville",Publishing,3,0,Knoxville,TN,Tennessee,Knox,1,47093,37916,-83.92774,35.9529,2018,The Literary Status of French and Cultural Boundaries in the Long Fourteenth Century : The Formation of a Francophone Identity,Fellowships,Research Programs,60000,Literature,French Literature,French Language; French Literature; Medieval Studies,2.9,13.2,2097050.66,846000
FEL-262527-19,201645,Case Western Reserve University,University,3,0,Cleveland,OH,Ohio,Cuyahoga,0,39035,44106,-81.60929,41.5055,2018,"The 2,000-Year-Old Calculator Know as the Antikythera Mechanism and Ancient Greek Calendars",Fellowships,Research Programs,60000,History,Classical History,"Classical History; History of Science; Religion, Other",4.8,17.9,1340039.36,60000
FEL-262599-19,NA,NA,Individual,NA,NA,Charlottesville,VA,Virginia,Charlottesville city,0,51540,22902,-78.468,38.02082,2018,"Morningside in America: The “Greensboro Massacre” and the Contested History of Race, Class, and Power in the New South",Fellowships,Research Programs,60000,Area Studies,American Studies,African American Studies; American Studies; Labor Relations,2.6,23.1,5667497.82,1459145.1199999999
FEL-262607-19,238032,West Virginia University,University,4,0,Morgantown,WV,West Virginia,Monongalia,1,54061,26506,-79.96529,39.65043,2018,"After the Wars:  German Central Europe after Napoleonic Conquest, 1814-1848",Fellowships,Research Programs,60000,History,European History,Cultural History; European History; Military History,4,18.3,771198.9199999999,141352
FEL-262628-19,163268,"University of Maryland, Baltimore County",University,4,0,Baltimore,MD,Maryland,Baltimore,0,24005,21250,-76.71442,39.25569,2018,Migration and Prostitution in the Medieval Mediterranean World,Fellowships,Research Programs,60000,History,Medieval History,Gender Studies; Medieval History; Urban Studies,3.9,9.9,734447.9,60000
FEL-262653-19,NA,Rector and Visitors of the University of Virginia,Publishing,NA,NA,Charlottesville,VA,Virginia,Charlottesville city,0,51540,22903,-78.50208,38.05021,2018,"Border Patrol on the Digital Frontier: China, the United States, and the Global War over Data",Fellowships,Research Programs,60000,Social Science,Communications,Communications; East Asian Studies; International Studies,2.6,23.1,5667497.82,1459145.1199999999
FEL-262659-19,216339,Temple University,University,4,0,Philadelphia,PA,Pennsylvania,Philadelphia,0,42101,19122,-75.15747,39.98021,2018,"Our Bodies, Our Selves:  Problems of Embodiment in Margaret Cavendish, Anne Conway, and Mary Astell",Fellowships,Research Programs,35000,History,History of Philosophy,History of Philosophy,5.7,24.3,14436056.34,1885765.17
FEL-262681-19,212577,Franklin and Marshall College,Four-Year College,9,0,Lancaster,PA,Pennsylvania,Lancaster,0,42071,17603,-76.31655,40.0494,2018,"Italy Out of the Ghetto: A Catholic Nation in the Jewish Mirror, 1789-1910",Fellowships,Research Programs,60000,Language,Romance Languages,Cultural History; Jewish Studies; Romance Languages,3.5,7.9,520044,60000
FEL-262690-19,221759,"University of Tennessee, Knoxville",Publishing,3,0,Knoxville,TN,Tennessee,Knox,1,47093,37916,-83.92774,35.9529,2018,'Salvation is Medicine': Gender and the Caregiving Communities of Late Medieval Europe,Fellowships,Research Programs,60000,History,Medieval History,History of Religion; Medieval History; Women's History,2.9,13.2,2097050.66,846000
FEL-262699-19,218663,University of South Carolina,Four-Year College,3,0,Columbia,SC,South Carolina,Richland,0,45079,29208,-81.0252,33.99326,2018,"Technology, Listening and Labor: Music in New Hollywood Film",Fellowships,Research Programs,60000,Arts,Film History and Criticism,Film History and Criticism; Music History and Criticism,3.4,16.7,3178952.8600000003,208289.05
FEL-262705-19,218663,University of South Carolina,Four-Year College,3,0,Columbia,SC,South Carolina,Richland,0,45079,29208,-81.0252,33.99326,2018,Shaking the Empire: Dadabhai Naoroji and the Birth of Indian Nationalism,Fellowships,Research Programs,60000,History,South Asian History,Intellectual History; Political History; South Asian History,3.4,16.7,3178952.8600000003,208289.05
FEL-262726-19,190150,Trustees of Columbia University in the City of New York,Center For Advanced Study/Research Institute,3,0,New York,NY,New York,New York,0,36061,10027,-73.95707,40.81771,2018,"The Unknowing of American History: Past, Present, and the Historical Novel in the U.S.",Fellowships,Research Programs,60000,Literature,American Literature,American Literature; U.S. History,3.7,15.6,78116853.73,5058485.3100000005
FEL-262747-19,195304,Sarah Lawrence College,Four-Year College,9,0,Bronxville,NY,New York,Westchester,0,36119,10708,-73.84626,40.93419,2018,The World that Latin America Created: Knowledge and Power in the Development Era,Fellowships,Research Programs,60000,History,Latin American History,Intellectual History; Latin American History,3.9,8.3,2797620.9,205490
FEL-262805-19,198516,Elon University,Four-Year College,8,0,Elon,NC,North Carolina,Alamance,0,37001,27244,-79.50247,36.10549,2018,"What is Magic?  Debating 18th-Century Science, Sorcery, and Secrets in West African Sufi Texts",Fellowships,Research Programs,35000,History,History of Religion,African Studies; History of Religion; Intellectual History,3.8,13.5,41000,35000
FEL-262814-19,NA,Rector and Visitors of the University of Virginia,Publishing,NA,NA,Charlottesville,VA,Virginia,Charlottesville city,0,51540,22903,-78.50208,38.05021,2018,"Preservation and Publication of Bernard Narokobi's ""History of Wautogik Village"" Manuscript",Fellowships,Research Programs,60000,History,Cultural History,Cultural History; Folklore and Folklife; Intellectual History,2.6,23.1,5667497.82,1459145.1199999999
FEL-262865-19,233374,University of Richmond,Four-Year College,9,0,Richmond,VA,Virginia,Richmond city,0,51760,23173,-77.54296,37.57626,2018,Voice of a Nation: Mapping Documentary Expression in New Deal America,Fellowships,Research Programs,35000,History,Cultural History,American Studies; Cultural History; U.S. History,3.6,22.3,3795322.18,128090.57
FEL-262889-19,190415,Cornell University,Four-Year College,3,0,Ithaca,NY,New York,Tompkins,1,36109,14850,-76.46515,42.43782,2018,Human Agency and Cause from Aristotle to Alexander,Fellowships,Research Programs,60000,History,History of Philosophy,Classical History; Classical Literature; History of Philosophy,3.6,16.8,2959805.7,395459.73
FEL-262925-19,NA,American University of Kuwait,Individual,NA,NA,Kuwait City,PA,Pennsylvania,Chester,0,42029,15668,-75.66737,40.22307,2018,Theatre on the Arabian Peninsula,Fellowships,Research Programs,60000,Arts,Theater History and Criticism,Near and Middle Eastern Literature; Theater History and Criticism,3.3,6.7,235059.28999999998,139964.28999999998
FEL-262943-19,198385,Trustees of Davidson College,Four-Year College,9,0,Davidson,NC,North Carolina,Mecklenburg,0,37119,28036,-80.84671,35.50308,2018,"Black Consciousness in Cuba: The Untold Revolution, 1968-1978",Fellowships,Research Programs,60000,History,Latin American History,African American Studies; Latin American History; Latin American Studies,3.8,11.7,537270.64,60000
FEL-262948-19,204501,Oberlin College,Four-Year College,9,0,Oberlin,OH,Ohio,Lorain,0,39093,44074,-82.22383,41.29413,2018,Objects of Memory: The Medieval Art Historical Imagination,Fellowships,Research Programs,60000,Arts,Art History and Criticism,Art History and Criticism; Medieval Studies,5,14.2,196000,60000
FEL-262993-19,NA,Unaffiliated Independent Scholar,Individual,NA,NA,New York,NY,New York,New York,0,36061,10012,-73.998078,40.725581,2018,"The World's War on the World's Stage: Italian Movie Studio Cinecittà, 1942-1950",Fellowships,Research Programs,60000,Arts,Film History and Criticism,Area Studies; Cultural History; Film History and Criticism,3.7,15.6,78116853.73,5058485.3100000005
FEL-263014-19,189088,Bard College,Center For Advanced Study/Research Institute,9,0,Annandale-on-Hudson,NY,New York,Dutchess,0,36027,12504,-73.90364,42.02458,2018,"Memory, Genealogy and Power in al-Andalus: A Study of Rex Lupus, Medieval Islamic Ruler in Southern Spain",Fellowships,Research Programs,60000,History,Near and Middle Eastern History,Art History and Criticism; Medieval Studies; Near and Middle Eastern History,3.7,9.2,1526523,539075
FEL-263043-19,190150,Trustees of Columbia University in the City of New York,Center For Advanced Study/Research Institute,3,0,New York,NY,New York,New York,0,36061,10027,-73.95707,40.81771,2018,Music and Mind in the Renaissance,Fellowships,Research Programs,60000,Arts,Music History and Criticism,Music History and Criticism,3.7,15.6,78116853.73,5058485.3100000005
FEL-263057-19,215062,Trustees of the University of Pennsylvania,University,3,0,Philadelphia,PA,Pennsylvania,Philadelphia,0,42101,19104,-75.19276,39.95298,2018,Cut/Copy/Paste: A New History of the Book in 17th-Century England,Fellowships,Research Programs,60000,History,Renaissance Studies,British Literature; Cultural History; Renaissance Studies,5.7,24.3,14436056.34,1885765.17
FEL-263129-19,217882,Clemson University,University,4,0,Clemson,SC,South Carolina,Pickens,1,45077,29634,-82.82688,34.68163,2018,Reconstructing Civil War Memory in American Literature after Brown v. Board of Education (1954),Fellowships,Research Programs,60000,Literature,American Literature,African American Studies; American Literature; American Studies,3.3,16.6,985048.5,76745.53
FEL-263155-19,238032,West Virginia University,University,4,0,Morgantown,WV,West Virginia,Monongalia,1,54061,26506,-79.96529,39.65043,2018,"Sierra Leone’s History of Epidemics, 1787- 2015",Fellowships,Research Programs,60000,History,African History,African History; African Studies; History of Science,4,18.3,771198.9199999999,141352
HB-263199-19,190567,"CUNY Research Foundation, City College",Four-Year College,6,0,New York,NY,New York,New York,0,36061,10031,-73.95096,40.81846,2018,A Real Negro Girl: Fredi Washington and the Politics of Performance during the New Negro Renaissance.,Awards for Faculty,Research Programs,60000,History,African American History,African American History; Cultural History; Women's History,3.7,15.6,78116853.73,5058485.3100000005
PG-263398-19,NA,Eastern Shore Public Library Foundation,Philanthropic Foundation,NA,NA,Accomac,VA,Virginia,Accomack,0,51001,23301,-75.67194,37.70084,2018,Preservation of Eastern Shore Public Library Archives,Preservation Assistance Grants,Preservation and Access,6000,History,U.S. History,African American History; U.S. History; U.S. Regional Studies,3.8,17.3,506000,6000
PG-263440-19,216694,Waynesburg University,Four-Year College,6,0,Waynesburg,PA,Pennsylvania,Greene,1,42059,15370,-80.18595,39.89914,2018,Paul R. Stewart Museum Collection Preservation,Preservation Assistance Grants,Preservation and Access,6000,History,"History, Other","History, Other",5,15.9,6000,6000
PG-263489-19,NA,City of Falls Church,Public Library,NA,NA,Falls Church,VA,Virginia,Falls Church city,0,51610,22046,-77.17477,38.88634,2018,General Preservation Assessment for Local History Collection in the Mary Riley Styles Public Library,Preservation Assistance Grants,Preservation and Access,5900,History,Public History,"History, General; History, Other; Public History",2.2,3.6,5900,5900
PE-263506-19,195003,Rochester Institute of Technology,Four-Year College,6,0,Rochester,NY,New York,Monroe,0,36055,14623,-77.6748,43.09218,2018,Training Sustainable Environmental Management Teams for Cultural Institutions,Preservation and Access Education and Training,Preservation and Access,199801,Arts,"Arts, General","Arts, General; Interdisciplinary Studies, Other",4.2,14.4,5554529.78,742502
PE-263509-19,193900,New York University,Publishing,3,0,New York,NY,New York,New York,0,36061,10012,-73.99706,40.7299,2018,Preserving Material Memory through Conservation Education and Training,Preservation and Access Education and Training,Preservation and Access,200000,Arts,"Arts, Other","Arts, Other",3.7,15.6,78116853.73,5058485.3100000005
PG-263523-19,157854,West Kentucky Community and Technical College,Two-Year College,NA,NA,Paducah,KY,Kentucky,McCracken,0,21145,42001,-88.65718,37.05674,2018,"Store, Access, Value, and Engage (SAVE)",Preservation Assistance Grants,Preservation and Access,5948.43,History,"History, General","History, General",5.5,14.7,5948.43,5948.43
PG-263537-19,NA,Friends of the North Carolina Museum of Natural Sciences,Natural History Museum,NA,NA,Raleigh,NC,North Carolina,Wake,0,37183,27611,-78.63464,35.78031,2018,Collection Care: Archives of the H. H. Brimley Memorial Library,Preservation Assistance Grants,Preservation and Access,5678,History,Public History,"Interdisciplinary Studies, Other; Public History",3.5,8.4,1354074.6,265074.6
PE-263541-19,193900,New York University,Publishing,3,0,New York,NY,New York,New York,0,36061,10012,-73.99706,40.7299,2018,Education and Fieldwork in Media Archiving and Preservation,Preservation and Access Education and Training,Preservation and Access,200000,Interdisciplinary,"Interdisciplinary Studies, Other","Cultural History; Interdisciplinary Studies, Other; Media Studies",3.7,15.6,78116853.73,5058485.3100000005
PG-263543-19,218973,Wofford College,Four-Year College,9,0,Spartanburg,SC,South Carolina,Spartanburg,1,45083,29303,-81.93785,34.95784,2018,A Proposal for a Digital Preservation Assessment for Wofford College’s Archival and Special Collections and Digital Preservation Training,Preservation Assistance Grants,Preservation and Access,6260,Literature,"Literature, General","Literature, General; Religion, General; U.S. History",3,13.6,314170.9,6260
PG-263550-19,233295,Randolph-Macon College,Four-Year College,9,0,Ashland,VA,Virginia,Hanover,0,51085,23005,-77.47785,37.760980000000004,2018,Improving the Storage Environment of the Collections in the Flavia Reed Owen Special Collections and Archives at Randolph-Macon College,Preservation Assistance Grants,Preservation and Access,6000,Interdisciplinary,"Interdisciplinary Studies, General","Interdisciplinary Studies, General",2.6,5.2,6000,6000
PG-263551-19,204936,Otterbein University,Four-Year College,7,0,Westerville,OH,Ohio,Franklin,0,39049,43081,-82.93555,40.12483,2018,Preparing our Past for the Future: Evaluation of the Otterbein University Archives,Preservation Assistance Grants,Preservation and Access,5999,History,U.S. History,U.S. History,3.8,15.5,1472216.81,105448.39
PE-263553-19,193900,New York University,Publishing,3,0,New York,NY,New York,New York,0,36061,10012,-73.99706,40.7299,2018,Local Contexts: Collaborative Curation Training and Education for Indigenous collections,Preservation and Access Education and Training,Preservation and Access,300000,Area Studies,Native American Studies,Cultural Anthropology; Law and Jurisprudence; Native American Studies,3.7,15.6,78116853.73,5058485.3100000005
PG-263554-19,204796,Ohio State University,University,3,0,Columbus,OH,Ohio,Franklin,0,39049,43210,-83.0098,40.00011,2018,Bonnie Cashin American Sportswear Collection Rehousing Project,Preservation Assistance Grants,Preservation and Access,5019,History,Women's History,Women's History,3.8,15.5,1472216.81,105448.39
PG-263556-19,190415,Cornell University,Four-Year College,3,0,Ithaca,NY,New York,Tompkins,1,36109,14850,-76.46515,42.43782,2018,Preservation Assessment for the Cornell Costume & Textile Collection,Preservation Assistance Grants,Preservation and Access,6000,Arts,"Arts, Other","Arts, Other; Cultural Anthropology; Interdisciplinary Studies, Other",3.6,16.8,2959805.7,395459.73
PG-263571-19,204909,Ohio Wesleyan University,Four-Year College,9,0,Delaware,OH,Ohio,Delaware,0,39041,43015,-83.06793,40.29545,2018,Preservation Planning at the Richard M. Ross Art Museum,Preservation Assistance Grants,Preservation and Access,4664,Arts,"Arts, General","Arts, General; Interdisciplinary Studies, General",3.4,4.1,136187,4664
PG-263573-19,NA,Washington County Museum of Fine Arts,Art Museum,NA,NA,Hagerstown,MD,Maryland,Washington,1,24043,21740,-77.72182,39.63607,2018,Collections Storage Furniture Project,Preservation Assistance Grants,Preservation and Access,5651,Arts,Art History and Criticism,Art History and Criticism; Cultural History,4.2,11.1,243172.30000000002,97193.58
PG-263574-19,100706,"University of Alabama, Huntsville",University,3,0,Huntsville,AL,Alabama,Madison,1,01089,35805,-86.64405,34.72006,2018,Improving Environmental Monitoring and Document Enclosures at The University of Alabama in Huntsville,Preservation Assistance Grants,Preservation and Access,5996,Interdisciplinary,"Interdisciplinary Studies, General","History, General; Interdisciplinary Studies, General; Political Science, General",3.5,11.9,332581,5996
PE-263609-19,NA,Conservation Center for Art and Historic Artifacts,Non-Profit Educational Center,NA,NA,Philadelphia,PA,Pennsylvania,Philadelphia,0,42101,19103,-75.1789,39.94974,2018,CCAHA Preservation Field Services: Making Collections Care Accessible,Preservation and Access Education and Training,Preservation and Access,392918,History,"History, Other","Arts, Other; History, Other",5.7,24.3,14436056.34,1885765.17
PG-263620-19,NA,Ohio Historical Society,Four-Year College,NA,NA,Columbus,OH,Ohio,Franklin,0,39049,43211,-82.98765,40.00095,2018,National Afro-American Museum and Cultural Center Lillian M. Bartok Doll Collection,Preservation Assistance Grants,Preservation and Access,6000,History,African American History,African American History,3.8,15.5,1472216.81,105448.39
MR-263631-18,196167,"SUNY Research Foundation, College at Geneseo",Four-Year College,8,0,Geneseo,NY,New York,Livingston,0,36051,14454,-77.82493,42.7958,2018,NEH on the Road: Bandits & Heroes,NEH on the Road,Public Programs,1000,Area Studies,Latin American Studies,Ethnic Studies; Latin American Studies,4.3,12.5,223692,1000
MR-263634-18,NA,"Birthplace of Country Music, Inc.",University,NA,NA,Bristol,TN,Tennessee,Sullivan,1,47163,37621,-82.18323,36.59334,2018,NEH on the Road: For All the World to See,NEH on the Road,Public Programs,1000,History,"History, General","History, General",3.7,16.5,1000,1000
MR-263643-18,NA,Laurel County Public Library,Public Library,NA,NA,London,KY,Kentucky,Laurel,1,21125,40741,-84.10523,37.10578,2018,NEH on the Road: Bandits & Heroes,NEH on the Road,Public Programs,1000,Unspecified,NA,NA,5,20.6,1000,1000
MR-263645-18,221759,"University of Tennessee, Knoxville",Publishing,3,0,Knoxville,TN,Tennessee,Knox,1,47093,37916,-83.92774,35.9529,2018,NEH on the Road: For All the World to See,NEH on the Road,Public Programs,1000,Unspecified,NA,NA,2.9,13.2,2097050.66,846000
HAA-263651-19,190576,"CUNY Research Foundation, Graduate School and University Center",Center For Advanced Study/Research Institute,3,0,New York,NY,New York,New York,0,36061,10016,-73.98421,40.74873,2018,An Open Educational Resource for Who Built America,Digital Humanities Advancement Grants,Digital Humanities,363436,History,U.S. History,U.S. History,3.7,15.6,78116853.73,5058485.3100000005
PY-263663-19,221519,University of the South,Four-Year College,9,0,Sewanee,TN,Tennessee,Franklin,1,47051,37383,-85.92097,35.20471,2018,"Restore, Remember and Rebuild the St. Mark’s Community",Common Heritage,Preservation and Access,12000,History,African American History,African American History; Rural Studies; U.S. History,3.4,16,18000,12000
PY-263665-19,NA,Marian Cheek Jackson Center for Saving and Making History,Non-Profit Educational Center,NA,NA,Chapel Hill,NC,North Carolina,Orange,0,37135,27516,-79.06509,35.91116,2018,"Teachers, Artisans, and Entrepreneurs: Black Community and Work in a Southern Town",Common Heritage,Preservation and Access,10697,History,African American History,African American History; Public History,3.3,12.4,1384311.22,89697
PY-263670-19,201441,Bowling Green State University,University,4,0,Bowling Green,OH,Ohio,Wood,0,39173,43403,-83.6324,41.37807,2018,Preserving and Contextualizing the Islamic Culture and Heritage of Northwest Ohio.,Common Heritage,Preservation and Access,9853.65,History,Public History,Nonwestern Religion; Public History,4,11.9,312685.46,44853.65
PY-263676-19,163851,Salisbury University,Four-Year College,6,0,Salisbury,MD,Maryland,Wicomico,0,24045,21801,-75.60743,38.34953,2018,Delmarva Baseball: Digitizing the Heritage of 20th-Century Eastern Shore Baseball Leagues,Common Heritage,Preservation and Access,10978.21,History,Cultural History,African American History; Cultural History; U.S. History,5.1,14.6,189613.93,10978.21
PY-263696-19,139861,Georgia College and State University,Four-Year College,6,0,Milledgeville,GA,Georgia,Baldwin,0,13009,31061,-83.22941,33.08087,2018,Documenting Milledgeville's African American History,Common Heritage,Preservation and Access,9282.61,History,African American History,African American History; Cultural History,5,23.8,394276.61,9282.61
PY-263730-19,217882,Clemson University,University,4,0,Clemson,SC,South Carolina,Pickens,1,45077,29634,-82.82688,34.68163,2018,"Call My Name: Digitizing African American Heritage in the Greater Clemson, South Carolina Community",Common Heritage,Preservation and Access,10745.53,History,U.S. History,American Studies; U.S. History,3.3,16.6,985048.5,76745.53
PY-263731-19,NA,Seneca Nation of Indians,University,NA,NA,Salamanca,NY,New York,Cattaraugus,1,36009,14779,-78.72012,42.16297,2018,Pathways to Sovereignty,Common Heritage,Preservation and Access,11931,History,"History, General","History, General",5.3,17.1,237435,11931
PY-263754-19,NA,Museum of Chinese in the Americas,History Museum,NA,NA,New York,NY,New York,New York,0,36061,10013,-73.99892,40.71947,2018,Our Family Treasures,Common Heritage,Preservation and Access,12000,Area Studies,Asian American Studies,Asian American Studies; Immigration History; Public History,3.7,15.6,78116853.73,5058485.3100000005
PY-263758-19,176017,University of Mississippi Medical Center,University,NA,NA,Jackson,MS,Mississippi,Hinds,0,28049,39216,-90.17552,32.32871,2018,Finding Community:  Documenting Descendants of Mississippi State Lunatic Asylum Patients in History and Cultural Memory,Common Heritage,Preservation and Access,7781.77,History,Cultural History,Cultural History,4.8,19.4,2385566.77,282781.77
PY-263763-19,163286,"University of Maryland, College Park",University,3,0,College Park,MD,Maryland,Prince George's,0,24033,20742,-76.95018,38.9975,2018,"Change and Resilience in Lakeland: African Americans in College Park, MD 1950-1980",Common Heritage,Preservation and Access,12000,Area Studies,American Studies,African American Studies; American Studies,3.9,8.3,4393763.9399999995,853858.91
PY-263764-19,NA,"Firelight Media, Inc.",Arts-Related Organization,NA,NA,New York,NY,New York,New York,0,36061,10031,-73.9471,40.82363,2018,Apalachicola Black Archive Project,Common Heritage,Preservation and Access,12000,History,African American History,African American History,3.7,15.6,78116853.73,5058485.3100000005
HAA-263773-19,100751,University of Alabama,Four-Year College,4,0,Tuscaloosa,AL,Alabama,Tuscaloosa,1,01125,35487,-87.54182,33.22002,2018,Creating National Access to Digital Dance Resources,Digital Humanities Advancement Grants,Digital Humanities,43933,Arts,Dance History and Criticism,"Arts, Other; Dance History and Criticism",3.6,16.8,1343238.51,615907.51
HAA-263774-19,139959,"University of Georgia Research Foundation, Inc.",Publishing,3,0,Athens,GA,Georgia,Clarke,0,13059,30602,-83.37887,33.93117,2018,Historical Profiles of American Incarceration,Digital Humanities Advancement Grants,Digital Humanities,39219,History,U.S. History,Sociology; U.S. History,4,27,1048174.2,292535.47
MD-263786-19,232186,George Mason University,Four-Year College,4,0,Fairfax,VA,Virginia,Fairfax,0,51059,22030,-77.30756,38.83542,2018,All the Appalachian Trails,Digital Projects for the Public: Discovery Grants,Public Programs,26748.46,History,"History, General","History, General",2.5,6.1,3509975.9699999997,505625.05
MN-263793-19,199193,North Carolina State University,University,3,0,Raleigh,NC,North Carolina,Wake,0,37183,27695,-78.62526,35.79769,2018,The Virtual Martin Luther King Project: Producing Digital Experiences and Recovering Civil Rights History,Digital Projects for the Public: Production Grants,Public Programs,199396.6,Social Science,Communications,African American History; Communications,3.5,8.4,1354074.6,265074.6
MD-263817-19,191241,Fordham University,Publishing,4,0,Bronx,NY,New York,Bronx,0,36005,10458,-73.88788,40.86011,2018,Towards a Complete History of Art: Building an Interface that Connects Museum Data Internationally,Digital Projects for the Public: Discovery Grants,Public Programs,29940,Arts,Art History and Criticism,Art History and Criticism; Media Studies,5.7,27.3,1261876.04,489940
HAA-263818-19,139959,"University of Georgia Research Foundation, Inc.",Publishing,3,0,Athens,GA,Georgia,Clarke,0,13059,30602,-83.37887,33.93117,2018,Freedom's Movement:  Mapping African American Space in War and Reconstruction,Digital Humanities Advancement Grants,Digital Humanities,16185.66,History,Cultural History,Cultural History,4,27,1048174.2,292535.47
HAA-263831-19,140553,Morehouse College,Four-Year College,9,1,Atlanta,GA,Georgia,Fulton,0,13121,30314,-84.41563,33.74672,2018,"Algorithmic Thinking, Analysis and Visualization in Music (ATAVizM)",Digital Humanities Advancement Grants,Digital Humanities,129856.3,Arts,Music History and Criticism,Music History and Criticism,4.1,13.5,2230578.12,631469.7100000001
HAA-263835-19,NA,Montpelier Foundation,Historical Site/House,NA,NA,Orange,VA,Virginia,Orange,0,51137,22960,-77.96541,38.15443,2018,Montpelier Digital Collections Project,Digital Humanities Advancement Grants,Digital Humanities,37555,Interdisciplinary,"Interdisciplinary Studies, Other","Interdisciplinary Studies, Other",3,9.4,685085,37555
HAA-263850-19,157085,University of Kentucky Research Foundation,Four-Year College,3,0,Lexington,KY,Kentucky,Fayette,0,21067,40506,-84.50654,38.03919,2018,Reading the Invisible Library: Rescuing the Hidden Texts of Herculaneum,Digital Humanities Advancement Grants,Digital Humanities,449977.56,Literature,Classics,Ancient Literature; Classics,3.2,14.6,1457528.43,717247.4299999999
MT-263895-19,237525,Marshall University Research Corporation,University,6,0,Huntington,WV,West Virginia,Cabell,1,54011,25701,-82.44061,38.42134,2018,Walking Through History: An Open Platform for Humanities Scholars and Organizations to Reach the Public Where They Stand,Digital Projects for the Public: Prototyping Grants,Public Programs,81398,History,U.S. History,U.S. History,4.6,19.3,659957,481398
MD-263902-19,196060,"SUNY Research Foundation, Albany",Four-Year College,3,0,Albany,NY,New York,Albany,0,36001,12222,-73.83172,42.68798,2018,Remembering Lost Places: A Digital History of Urban Renewal,Digital Projects for the Public: Discovery Grants,Public Programs,27451.86,History,"History, General","History, General",3.7,11.3,1483153.6,125146.86
MD-263922-19,157085,University of Kentucky Research Foundation,Four-Year College,3,0,Lexington,KY,Kentucky,Fayette,0,21067,40506,-84.50654,38.03919,2018,The Anatolian Trail: An Indo-European Adventure,Digital Projects for the Public: Discovery Grants,Public Programs,29998.09,Language,Linguistics,Archaeology; Classics; Linguistics,3.2,14.6,1457528.43,717247.4299999999
MD-263929-19,NA,Historic Hudson Valley,Historical Site/House,NA,NA,Tarrytown,NY,New York,Westchester,0,36119,10591,-73.82421,41.10316,2018,Cuffee’s Trial: A Digital Graphic Novel,Digital Projects for the Public: Discovery Grants,Public Programs,30000,History,African American History,African American History; U.S. History,3.9,8.3,2797620.9,205490
PR-263931-19,195003,Rochester Institute of Technology,Four-Year College,6,0,Rochester,NY,New York,Monroe,0,36055,14623,-77.6748,43.09218,2018,"Digital Preservation and Access to Aural Heritage Via A Scalable,  Extensible Method",Research and Development,Preservation and Access,347701,Interdisciplinary,"Interdisciplinary Studies, Other","Interdisciplinary Studies, Other",4.2,14.4,5554529.78,742502
PR-263932-19,162928,Johns Hopkins University,Publishing,3,0,Baltimore,MD,Maryland,Baltimore city,0,24510,21218,-76.61787,39.33085,2018,"Encapsulation: Past, Present, and Future",Research and Development,Preservation and Access,349879,Interdisciplinary,"Interdisciplinary Studies, Other","Interdisciplinary Studies, Other",5.5,18.9,3788310,665879
MN-263963-19,NA,Squire Family Foundation,Non-Profit Educational Center,NA,NA,East Northport,NY,New York,Suffolk,0,36103,11731,-73.31996,40.8663,2018,Wireless Philosophy,Digital Projects for the Public: Production Grants,Public Programs,250000,Humanities,"Philosophy, General","Philosophy, General",3.8,7.3,755203,250000
MT-263969-19,NA,Carnegie Hall Corporation,Archive,NA,NA,New York,NY,New York,New York,0,36061,10019,-73.98042,40.7648,2018,A History of African American Music: Interactive Digital Timeline Prototyping Project,Digital Projects for the Public: Prototyping Grants,Public Programs,100000,Area Studies,African American Studies,African American History; African American Studies; Music History and Criticism,3.7,15.6,78116853.73,5058485.3100000005
AC-263982-19,190628,"CUNY Research Foundation, LaGuardia Community College",Two-Year College,1,0,Long Island City,NY,New York,Queens,0,36081,11101,-73.93514,40.74395,2018,Summer Institute on Incarceration and the Humanities,Humanities Initiatives at Hispanic-Serving Institutions,Education Programs,99998.86,Area Studies,American Studies,American Studies,3.6,11.6,2433038.77,145998.86
AE-264000-19,162706,Harford Community College,Two-Year College,1,0,Bel Air,MD,Maryland,Harford,0,24025,21015,-76.28315,39.56089,2018,"Understanding the Civil Rights Movement in Harford County, Maryland",Humanities Initiatives at Community Colleges,Education Programs,93647.1,Area Studies,African American Studies,African American Studies,3.5,7,93647.1,93647.1
PW-264004-19,234207,Washington and Lee University,Four-Year College,9,0,Lexington,VA,Virginia,Lexington city,0,51678,24450,-79.4449,37.78705,2019,Mapping the Scottish Reformation,Humanities Collections and Reference Resources,Preservation and Access,49959,History,British History,British History,4.7,22.9,121959,109959
PW-264006-19,204024,"Miami University, Oxford",Center For Advanced Study/Research Institute,4,0,Oxford,OH,Ohio,Butler,0,39017,45056,-84.73473,39.51029,2019,aacimwahkionkonci 'A Land of Stories' A Web-based GIS Learning Tool for Myaamia Geospatial Data,Humanities Collections and Reference Resources,Preservation and Access,177006.99,Area Studies,Native American Studies,"History, General; Native American Studies",3.8,11.7,1756194.8,177006.99
PW-264025-19,214971,Pennsylvania Academy of the Fine Arts,Four-Year College,16,0,Philadelphia,PA,Pennsylvania,Philadelphia,0,42101,19102,-75.16313,39.95536,2019,"Rediscovering John W. Rhoden: Processing, Cataloging, Rehousing, and Digitizing the John W. Rhoden papers",Humanities Collections and Reference Resources,Preservation and Access,75000,Arts,Art History and Criticism,Art History and Criticism,5.5,23,14436056.34,2460521.51
AE-264030-19,213543,Lehigh University,University,4,0,Bethlehem,PA,Pennsylvania,Northampton,0,42095,18015,-75.37849,40.60733,2018,Infusing Contemporary American Indian Cultural Studies across the Curriculum,Humanities Initiatives at Community Colleges,Education Programs,97815.72,Area Studies,Native American Studies,Native American Studies,4.6,10.2,1295725.72,299576.72
PW-264033-19,NA,George Eastman Museum,University,NA,NA,Rochester,NY,New York,Monroe,0,36055,14607,-77.58123,43.15179,2019,Preserving and Improving Access to the Boyer Collection,Humanities Collections and Reference Resources,Preservation and Access,350000,Arts,"Arts, General","Arts, General; History, General",4,12.7,5554529.78,1818329.28
AB-264042-19,102377,Tuskegee University,Four-Year College,9,1,Tuskegee,AL,Alabama,Macon,1,01087,36088,-85.70886,32.42864,2018,"Literary Legacies of Macon County and Tuskegee Institute: Zora Neale Hurston, Ralph Ellison, and Albert Murray",Humanities Initiatives at Historically Black Colleges and Universities,Education Programs,98750.77,Literature,American Literature,American Literature,5.4,30.2,170516.16999999998,98750.77
PW-264046-19,218663,University of South Carolina,Four-Year College,3,0,Columbia,SC,South Carolina,Richland,0,45079,29208,-81.0252,33.99326,2019,The Digital Piranesi,Humanities Collections and Reference Resources,Preservation and Access,339684,Arts,Art History and Criticism,Art History and Criticism; Classical History; European History,2.7,16.2,3178952.8600000003,1275058.53
PW-264049-19,233921,Virginia Polytechnic Institute and State University,University,3,0,Blacksburg,VA,Virginia,Montgomery,1,51121,24061,-80.4191,37.22859,2019,The American Soldier in World War II,Humanities Collections and Reference Resources,Preservation and Access,346267.88,History,U.S. History,Military History; U.S. History,2.8,20.5,1218224.98,406267.88
PW-264050-19,232186,George Mason University,Four-Year College,4,0,Fairfax,VA,Virginia,Fairfax,0,51059,22030,-77.30756,38.83542,2019,Mapping American Religious Ecologies,Humanities Collections and Reference Resources,Preservation and Access,349944,History,"History, General","History, General",2.3,6,3509975.9699999997,985511.38
PW-264060-19,NA,"American Research Center in Egypt, Inc.",Center For Advanced Study/Research Institute,NA,NA,Alexandria,VA,Virginia,Alexandria city,0,51510,22314,-77.04486,38.81434,2019,"Sharing 7,000 Years of Egyptian Culture with the American Research Center in Egypt's Open Access Conservation Archive",Humanities Collections and Reference Resources,Preservation and Access,50000,Interdisciplinary,"Interdisciplinary Studies, Other","Interdisciplinary Studies, Other",2.1,8.6,1077133,272804
AE-264078-19,162690,Hagerstown Community College,Two-Year College,1,0,Hagerstown,MD,Maryland,Washington,1,24043,21742,-77.66839,39.63303,2018,"Bridging the Antietam:  Memory, History, and Folklore of Communities Along the Antietam Creek",Humanities Initiatives at Community Colleges,Education Programs,91542.58,Literature,Composition and Rhetoric,American Literature; Composition and Rhetoric; U.S. History,4.2,11.1,243172.30000000002,97193.58
PW-264083-19,NA,Historical Society of Western Pennsylvania,Historical Society,NA,NA,Pittsburgh,PA,Pennsylvania,Allegheny,1,42003,15222,-79.99276,40.44638,2019,"Coasters, Culture, and Change: Processing and Digitizing the Kennywood Park Records",Humanities Collections and Reference Resources,Preservation and Access,87598,History,Cultural History,Cultural History; U.S. History; Urban History,4.1,10.8,5940946.359999999,683675.09
PW-264110-19,216287,Swarthmore College,Four-Year College,9,0,Swarthmore,PA,Pennsylvania,Delaware,0,42045,19081,-75.35106,39.90635,2019,“Digitizing the Sound and Sight of American Women’s Work for Peace and Justice”,Humanities Collections and Reference Resources,Preservation and Access,325624,History,U.S. History,Cultural History; U.S. History; Women's History,4,9.9,1278329,325624
AB-264116-19,141060,Spelman College,Four-Year College,9,1,Atlanta,GA,Georgia,Fulton,0,13121,30314,-84.4087,33.74512,2018,The SIS Oral History Project: Transformative Teaching and Learning in the Humanities,Humanities Initiatives at Historically Black Colleges and Universities,Education Programs,68510.41,Interdisciplinary,"Interdisciplinary Studies, Other","Interdisciplinary Studies, Other; Psychology",4.1,13.5,2230578.12,631469.7100000001
PW-264121-19,NA,Historical Society of Pennsylvania,Historical Society,NA,NA,Philadelphia,PA,Pennsylvania,Philadelphia,0,42101,19107,-75.16238,39.94784,2019,"In Her Own Right:  A Century of Women's Activism, 1820-1920",Humanities Collections and Reference Resources,Preservation and Access,329450.51,History,U.S. History,U.S. History; Women's History,5.5,23,14436056.34,2460521.51
PW-264131-19,NA,Mississippi Department of Archives and History,State/Local/Federal Government,NA,NA,Jackson,MS,Mississippi,Hinds,0,28049,39205,-90.18521,32.29434,2019,Sharing the Literary and Photographic Legacy of Eudora Welty,Humanities Collections and Reference Resources,Preservation and Access,217982,Literature,"Literature, General","Literature, General",5.3,20.1,2385566.77,217982
PW-264162-19,NA,YIVO Institute for Jewish Research,Center For Advanced Study/Research Institute,NA,NA,New York,NY,New York,New York,0,36061,10011,-73.99332,40.73771,2019,Edward Blank YIVO Vilna Collections Project,Humanities Collections and Reference Resources,Preservation and Access,193248,History,European History,European History; Russian History,3.5,14.1,78116853.73,13888088.21
PW-264175-19,140553,Morehouse College,Four-Year College,9,1,Atlanta,GA,Georgia,Fulton,0,13121,30314,-84.41563,33.74672,2019,Africana Digital Ethnography Project Collection Accessibility Program (ADEPt-CAP),Humanities Collections and Reference Resources,Preservation and Access,349808,Area Studies,African Studies,African Studies; Comparative Languages; Ethnomusicology,3.6,13.8,2230578.12,449381.43
PW-264179-19,163286,"University of Maryland, College Park",University,3,0,College Park,MD,Maryland,Prince George's,0,24033,20742,-76.95018,38.9975,2019,"Preserving and Presenting the Past, Present, and Future of Dance History: Digitizing the Liz Lerman Dance Exchange Archives",Humanities Collections and Reference Resources,Preservation and Access,207532.47,Arts,Dance History and Criticism,Dance History and Criticism,3.5,8.7,4393763.9399999995,820321.44
PW-264204-19,NA,"Penland School of Crafts, Inc.",Secondary School,NA,NA,Penland,NC,North Carolina,Mitchell,1,37121,28765,-82.11122,35.93055,2019,Penland School of Crafts: Securing a Visual Legacy,Humanities Collections and Reference Resources,Preservation and Access,153745,Arts,"Arts, Other","Arts, Other; Cultural History; Rural Studies",4.5,14.8,153745,153745
PW-264219-19,139658,Emory University,Two-Year College,3,0,Atlanta,GA,Georgia,DeKalb,0,13089,30322,-84.32618,33.78858,2019,"Sounding Spirit Digital Library: Sacred Music from the Southern Diaspora, 1850-1925",Humanities Collections and Reference Resources,Preservation and Access,58230,Area Studies,American Studies,American Studies,3.6,12.9,1817120.51,302057.51
AB-264248-19,234155,Virginia State University,Four-Year College,8,1,Petersburg,VA,Virginia,Chesterfield,0,51041,23803,-77.41911,37.23528,2018,Re-visioning Virginia Foremothers through their Lives and Legacies,Humanities Initiatives at Historically Black Colleges and Universities,Education Programs,80645.34,Literature,"Literature, General","African American History; American Literature; Literature, General",2.9,7.6,80645.34,80645.34
SP-264396-18,NA,Federation of State Humanities Councils,National Organization,NA,NA,Arlington,VA,Virginia,Arlington,0,51013,22209,-77.07671,38.8943,2018,Capacity Building for State Humanities Councils:  Planning Grant,State Projects,Federal/State Partnership,30000,Unspecified,NA,"Business; Education; Humanities; Information Science; Interdisciplinary Studies, General; Social Sciences, General; Statistics",2,6.3,2852075.54,325000
CHA-264402-19,233426,Roanoke College,Four-Year College,9,0,Salem,VA,Virginia,Salem city,0,51775,24153,-80.05842,37.2936,2019,Humanities Collaboration Center,Infrastructure and Capacity Building Challenge Grants,Challenge Programs,62785,Literature,English,Communications; English; Film History and Criticism,2.8,9.4,90378.27,84378.27
CHA-264403-19,NA,Christ Church Preservation Trust,Historical Site/House,NA,NA,Philadelphia,PA,Pennsylvania,Philadelphia,0,42101,19106,-75.14454,39.95114,2019,Restoration of Christ Church Tower & Steeple,Infrastructure and Capacity Building Challenge Grants,Challenge Programs,500000,History,U.S. History,History of Religion; Public History; U.S. History,5.5,23,14436056.34,2460521.51
CHA-264417-19,NA,"Eastern State Penitentiary Historic Site, Inc.",History Museum,NA,NA,Philadelphia,PA,Pennsylvania,Philadelphia,0,42101,19130,-75.17085,39.96735,2019,Eastern State Visitor Center,Infrastructure and Capacity Building Challenge Grants,Challenge Programs,500000,History,"History, Other","History, Other; Interdisciplinary Studies, Other",5.5,23,14436056.34,2460521.51
CHA-264438-19,NA,Menokin Foundation,Historical Site/House,NA,NA,Warsaw,VA,Virginia,Richmond,0,51159,22572,-76.75703,37.9689,2019,Menokin Glass House Project,Infrastructure and Capacity Building Challenge Grants,Challenge Programs,500000,History,U.S. History,Architecture; Cultural History; U.S. History,2.9,17.8,500000,500000
RA-264466-19,NA,"American Research Center in Egypt, Inc.",Center For Advanced Study/Research Institute,NA,NA,Alexandria,VA,Virginia,Alexandria city,0,51510,22314,-77.04486,38.81434,2019,Long-Term Research Fellowships in Egypt at the American Research Center in Egypt,Fellowship Programs at Independent Research Institutions,Research Programs,57704,Social Science,"Social Sciences, Other","Social Sciences, Other",2.1,8.6,1077133,272804
RA-264472-19,NA,American Center of Research,Center For Advanced Study/Research Institute,NA,NA,Alexandria,VA,Virginia,Alexandria city,0,51510,22314,-77.05434,38.80523,2019,Long-Term Research Fellowships in Jordan at the American Center of Oriental Research,Fellowship Programs at Independent Research Institutions,Research Programs,165100,Area Studies,Area Studies,"Area Studies; Social Sciences, General",2.1,8.6,1077133,272804
RA-264486-19,NA,Library Company of Philadelphia,Independent Research Library,NA,NA,Philadelphia,PA,Pennsylvania,Philadelphia,0,42101,19107,-75.16343,39.94798,2019,Long-Term Research Fellowships at the Library Company of Philadelphia,Fellowship Programs at Independent Research Institutions,Research Programs,226728,History,U.S. History,U.S. History,5.5,23,14436056.34,2460521.51
RA-264495-19,NA,American Council of Learned Societies,Philanthropic Foundation,NA,NA,New York,NY,New York,New York,0,36061,10017,-73.97493,40.74992,2019,Long Term Research Fellowships in China sponsored by the American Council of Learned Societies,Fellowship Programs at Independent Research Institutions,Research Programs,212867,Area Studies,East Asian Studies,East Asian Studies,3.5,14.1,78116853.73,13888088.21
GW-264504-19,NA,Hastings Center,Center For Advanced Study/Research Institute,NA,NA,Garrison,NY,New York,Putnam,0,36079,10524,-73.92942,41.39607,2019,"Shaping Humans: A Discussion Series on Technology, Disability, and Human Flourishing",Community Conversations,Public Programs,250000,Humanities,Ethics,Ethics,3.5,5.2,429571,250000
GW-264519-19,NA,Aquila Theatre Company Inc.,Non-Profit Educational Center,NA,NA,New York,NY,New York,New York,0,36061,10003,-73.9962,40.73114,2019,The Warrior Chorus: American Odyssey,Community Conversations,Public Programs,250000,Literature,Classics,"Classical Literature; Classics; Interdisciplinary Studies, General",3.5,14.1,78116853.73,13888088.21
GI-264528-19,NA,American Jewish Historical Society,Historical Society,NA,NA,New York,NY,New York,New York,0,36061,10011,-73.99332,40.73771,2019,"From Sitting Room to Soapbox: Emma Lazarus and Union Square, 1860s-1930s",Exhibitions: Implementation,Public Programs,300000,History,U.S. History,"History, Other; U.S. History",3.5,14.1,78116853.73,13888088.21
TR-264534-19,NA,CultureTrust Greater Philadelphia,University,NA,NA,Philadelphia,PA,Pennsylvania,Philadelphia,0,42101,19107,-75.16224,39.94919,2019,Beethoven in Beijing,Media Projects Production,Public Programs,200000,Arts,Music History and Criticism,Cultural History; Music History and Criticism,5.5,23,14436056.34,2460521.51
TR-264564-19,NA,"Smarthistory, Inc.",National Organization,NA,NA,Pleasantville,NY,New York,Westchester,0,36119,10570,-73.76036,41.13342,2019,"Smarthistory: At Risk Cultural Heritage Education Series, Phase 2",Media Projects Production,Public Programs,260740,Arts,Art History and Criticism,"Archaeology; Art History and Criticism; History, General",3.6,8.4,2797620.9,396740
GI-264588-19,NA,Jewish Museum of Maryland,History Museum,NA,NA,Baltimore,MD,Maryland,Baltimore city,0,24510,21202,-76.60128,39.29025,2019,Scrap Yard: Innovators of Recycling,Exhibitions: Implementation,Public Programs,50000,History,U.S. History,"History and Philosophy of Science, Technology, and Medicine; Labor History; U.S. History",4.8,20.4,3788310,274926
BP-264596-19,NA,LancasterHistory.org,Historical Society,NA,NA,Lancaster,PA,Pennsylvania,Lancaster,0,42071,17603,-76.32928,40.04231,2019,The Thaddeus Stevens & Lydia Hamilton Smith Historic Site,Historic Places: Planning,Public Programs,75000,History,U.S. History,African American History; Political History; U.S. History,3.4,10.5,520044,75000
GI-264602-19,NA,Please Touch Museum,Four-Year College,NA,NA,Philadelphia,PA,Pennsylvania,Philadelphia,0,42101,19131,-75.21126,39.984,2019,Please Touch Museum's New Centennial Innovations Gallery,Exhibitions: Implementation,Public Programs,200000,Area Studies,American Studies,American Studies,5.5,23,14436056.34,2460521.51
BR-264610-19,218663,University of South Carolina,Four-Year College,3,0,Columbia,SC,South Carolina,Richland,0,45079,29208,-81.0252,33.99326,2019,Free and Equal: The Promise of Reconstruction in America,Historic Places: Implementation,Public Programs,280000,History,Public History,African American History; Cultural History; Public History,2.7,16.2,3178952.8600000003,1275058.53
GE-264652-19,NA,"Museum of the City of New York, Inc.",History Museum,NA,NA,New York,NY,New York,New York,0,36061,10029,-73.95257,40.79209,2019,The New York Mystique,Exhibitions: Planning,Public Programs,44909,History,U.S. History,"Interdisciplinary Studies, General; U.S. History",3.5,14.1,78116853.73,13888088.21
TR-264665-19,NA,"Women Make Movies, Inc.",Art Museum,NA,NA,New York,NY,New York,New York,0,36061,10001,-73.99042,40.74691,2019,Travel Notes of a Geechee Girl,Media Projects Production,Public Programs,500000,History,U.S. History,African American History; U.S. History; Women's History,3.5,14.1,78116853.73,13888088.21
GE-264694-19,NA,Brooklyn Children's Museum Corporation,University,NA,NA,Brooklyn,NY,New York,Kings,0,36047,11213,-73.94436,40.67476,2019,BK Brooklyn Climber,Exhibitions: Planning,Public Programs,66150,Arts,"Arts, Other","Arts, Other",4.1,17.7,7011052.99,429073.99
TR-264697-19,NA,"City Lore, Inc.",University,NA,NA,New York,NY,New York,New York,0,36061,10003,-73.98969,40.7239,2019,Steeplechase Films: Dante,Media Projects Production,Public Programs,572688,Literature,Italian Literature,"Italian Literature; Medieval History; Religion, General",3.5,14.1,78116853.73,13888088.21
FT-264762-19,204796,Ohio State University,University,3,0,Columbus,OH,Ohio,Franklin,0,39049,43210,-83.0098,40.00011,2019,New World Calculation: The Making of Numbers in Colonial America,Summer Stipends,Research Programs,6000,Literature,American Literature,American Literature; American Studies; History of Science,3.6,13.5,1472216.81,12000
FT-264777-19,232186,George Mason University,Four-Year College,4,0,Fairfax,VA,Virginia,Fairfax,0,51059,22030,-77.30756,38.83542,2019,"Gender, Urban Space, and Everyday Life in the Age of the Delhi Subway System, 2002-2018",Summer Stipends,Research Programs,6000,Humanities,Cultural Anthropology,Cultural Anthropology; Urban Studies,2.3,6,3509975.9699999997,985511.38
FT-264784-19,206604,Wright State University,University,4,0,Dayton,OH,Ohio,Greene,0,39057,45435,-84.06901,39.78298,2019,Air Manchuria - The Army Behind the Mask: Aviation and Nation Building in Wartime Manchuria,Summer Stipends,Research Programs,6000,History,East Asian History,East Asian History,3.8,9.9,155516,6000
FT-264797-19,196158,"SUNY Research Foundation, College at Fredonia",Four-Year College,7,0,Fredonia,NY,New York,Chautauqua,1,36013,14063,-79.33413,42.45384,2019,"Loss in Translation: Mourning Across Language in Plath, Pynchon, and Whitehead",Summer Stipends,Research Programs,6000,Literature,American Literature,American Literature; Comparative Literature; Literary Criticism,4.5,16.3,385410,6000
FT-264815-19,196079,"SUNY Research Foundation, Binghamton",Two-Year College,4,0,Binghamton,NY,New York,Broome,1,36007,13902,-75.96456,42.09521,2019,"Trafficking, Travel, and Illicit Migration in Early Twentieth-Century France and the Americas",Summer Stipends,Research Programs,6000,History,Immigration History,European History; Immigration History; Women's History,4.5,17.8,600707.48,126000
FT-264816-19,216339,Temple University,University,4,0,Philadelphia,PA,Pennsylvania,Philadelphia,0,42101,19122,-75.15747,39.98021,2019,Freedom of Speech in Ancient Athens,Summer Stipends,Research Programs,6000,History,Classical History,Classical History,5.5,23,14436056.34,2460521.51
GJ-264826-18,190150,Trustees of Columbia University in the City of New York,Individual,3,0,New York,NY,New York,New York,0,36061,10027,-73.9404,40.84125,2018,"2018 Jefferson Lecture: ""To See the Suffering: The Humanities Have What Medicine Needs""",The Jefferson Lecture,Agency-wide Projects,10000,History,"History and Philosophy of Science, Technology, and Medicine","History and Philosophy of Science, Technology, and Medicine; Interdisciplinary Studies, General",3.7,15.6,78116853.73,5058485.3100000005
FT-264836-19,195809,"St. John's University, New York",Four-Year College,5,0,Queens,NY,New York,Queens,0,36081,11439,-73.79297,40.72167,2019,"Instant Housing: Operation Breakthrough, George Romney, and the Unrealized promise of the Factory Built House",Summer Stipends,Research Programs,6000,History,U.S. History,Political History; U.S. History; Urban History,3.5,11,2433038.77,78698.91
FT-264843-19,213543,Lehigh University,University,4,0,Bethlehem,PA,Pennsylvania,Northampton,0,42095,18015,-75.37849,40.60733,2019,"Domestic Enemies, National Identity Mobilization, and China's Attitudes toward Foreign Others",Summer Stipends,Research Programs,6000,Social Science,International Relations,East Asian History; East Asian Studies; International Relations,4.4,7.9,1295725.72,6000
FT-264870-19,221999,Vanderbilt University,Four-Year College,3,0,Nashville,TN,Tennessee,Davidson,0,47037,37203,-86.80065,36.14959,2019,"Politics of Ephemerality in African American Art Practices, 1965-2015",Summer Stipends,Research Programs,6000,Arts,Art History and Criticism,African American Studies; American Studies; Art History and Criticism,2.5,12.6,3331367.6799999997,200538.55
FT-264915-19,221999,Vanderbilt University,Four-Year College,3,0,Nashville,TN,Tennessee,Davidson,0,47037,37203,-86.80065,36.14959,2019,The Shifting Fate of World Jewry from Iraq to North Africa in the Early Islamic Period,Summer Stipends,Research Programs,6000,History,Medieval History,Economic History; Medieval History; Near and Middle Eastern History,2.5,12.6,3331367.6799999997,200538.55
FT-264956-19,233374,University of Richmond,Four-Year College,9,0,Richmond,VA,Virginia,Richmond city,0,51760,23173,-77.54296,37.57626,2019,"Shakers and the Shawnee Prophet: A Microhistory of Religious Violence on the Early American Frontier, 1805–1815",Summer Stipends,Research Programs,6000,History,U.S. History,History of Religion; U.S. History; U.S. Regional Studies,3.3,19.2,3795322.18,110560.54
FT-264958-19,231581,Bridgewater College,Four-Year College,9,0,Bridgewater,VA,Virginia,Rockingham,0,51165,22812,-78.97189,38.37912,2019,"Environing Empire: Nature, Infrastructure, and the Making of German Southwest Africa",Summer Stipends,Research Programs,6000,History,European History,African History; European History,2.3,8.1,6000,6000
FT-264973-19,193900,New York University Abu Dhabi,University,NA,NA,Abu Dhabi,NY,New York,Kings,0,36047,NA,-73.98,40.68129,2019,"The Eastern International: Culture, Power, and Realpolitik in Soviet-Arab Relations",Summer Stipends,Research Programs,6000,History,Russian History,Near and Middle Eastern History; Russian History,4.1,17.7,7011052.99,429073.99
FT-264991-19,232982,Old Dominion University Research Foundation,University,4,0,Norfolk,VA,Virginia,Norfolk city,0,51710,23508,-76.29878,36.8858,2019,Holocaust Truth and Justice: Literary and Filmic Criticism of the Frankfurt Auschwitz Trial (1963-1965),Summer Stipends,Research Programs,6000,Literature,German Literature,"German Literature; History, Other; Jewish Studies",3.4,19,392645,210119
FT-264997-19,212106,Duquesne University,University,4,0,Pittsburgh,PA,Pennsylvania,Allegheny,1,42003,15282,-79.99284,40.43697,2019,"The Art of Compassion: Aesthetics, Ethics, and Pity in Early Modern English Literature",Summer Stipends,Research Programs,6000,Literature,British Literature,British Literature,4.1,10.8,5940946.359999999,683675.09
FT-265034-19,218663,University of South Carolina,Four-Year College,3,0,Columbia,SC,South Carolina,Richland,0,45079,29208,-81.0252,33.99326,2019,"Music, Memory, and Alternative Performance Spaces in Seventeenth Century England",Summer Stipends,Research Programs,6000,Arts,Music History and Criticism,British Literature; Music History and Criticism; Theater History and Criticism,2.7,16.2,3178952.8600000003,1275058.53
FT-265043-19,194310,Pace University,University,5,0,New York,NY,New York,New York,0,36061,10038,-74.00634,40.71096,2019,"Cuban Anti-Communism in Cold War Latin America, 1960-1990",Summer Stipends,Research Programs,6000,History,Latin American History,Latin American History; Political History,3.5,14.1,78116853.73,13888088.21
FT-265053-19,195003,Rochester Institute of Technology,Four-Year College,6,0,Rochester,NY,New York,Monroe,0,36055,14623,-77.6748,43.09218,2019,A History of Bird-Banding and Wildlife Conservation in 20th-century North America,Summer Stipends,Research Programs,6000,History,History of Science,"History and Philosophy of Science, Technology, and Medicine; History of Science; History, Other",4,12.7,5554529.78,1818329.28
FT-265080-19,199148,"University of North Carolina, Greensboro",University,4,0,Greensboro,NC,North Carolina,Guilford,0,37081,27412,-79.8055,36.06642,2019,"Queer Networks: Latin American and Spanish Writers, Artists and Patrons in the First Half of the XXth Century",Summer Stipends,Research Programs,6000,Social Science,Gender Studies,Gender Studies; Latin American Studies,4.1,16,999908.92,349713.39
FT-265099-19,204796,Ohio State University,University,3,0,Columbus,OH,Ohio,Franklin,0,39049,43210,-83.0098,40.00011,2019,"Theatrical Consciousness: Actor and Self in Russian Modernism, 1898-1934",Summer Stipends,Research Programs,6000,Arts,Theater History and Criticism,Area Studies; Russian Literature; Theater History and Criticism,3.6,13.5,1472216.81,12000
HZ-265135-19,199120,"University of North Carolina Press, Inc.",Publishing,3,0,Chapel Hill,NC,North Carolina,Orange,0,37135,27515,-79.03022,35.92769,2019,Recovering an Important Body of Work in German Studies: Reissuing the UNC Studies in Germanic Languages & Literatures Series,Humanities Open Book Program,Digital Humanities,95633.22,Area Studies,Area Studies,Area Studies; European History; German Literature,3.3,13.4,1384311.22,95633.22
FT-265158-19,199139,"University of North Carolina, Charlotte",Center For Advanced Study/Research Institute,5,0,Charlotte,NC,North Carolina,Mecklenburg,0,37119,28223,-80.72556,35.30519,2019,An Annotated Anthology of the Newspaper Columns of Politician and Activist Harvey Milk (1930-1978),Summer Stipends,Research Programs,6000,Social Science,Gender Studies,Communications; Gender Studies,3.7,10.3,537270.64,6000
FT-265166-19,201885,University of Cincinnati,University,3,0,Cincinnati,OH,Ohio,Hamilton,0,39061,45220,-84.52053,39.12967,2019,"Marginalized, Mobilized, Incorporated: Women and Religious Nationalism in India, 1915-2015",Summer Stipends,Research Programs,6000,Area Studies,South Asian Studies,Comparative Politics; South Asian History; South Asian Studies,3.8,14.6,2003700,756000
FT-265181-19,204501,Oberlin College,Four-Year College,9,0,Oberlin,OH,Ohio,Lorain,0,39093,44074,-82.22383,41.29413,2019,The Philosophy of Digital Art,Summer Stipends,Research Programs,6000,Arts,Aesthetics,"Aesthetics; History, Criticism, and Theory of the Arts; Media Studies",4.3,13.9,196000,6000
HZ-265200-19,139959,"University of Georgia Research Foundation, Inc.",Publishing,3,0,Athens,GA,Georgia,Clarke,0,13059,30602,-83.37887,33.93117,2019,Georgia Open History Library: From Colony to Statehood,Humanities Open Book Program,Digital Humanities,206568.73,History,U.S. History,U.S. History,3.7,25.7,1048174.2,273568.73
FT-265225-19,191515,Hamilton College,Four-Year College,9,0,Clinton,NY,New York,Oneida,0,36065,13323,-75.40491,43.05041,2019,Soundscapes of Liberation: African American Music in Postwar France,Summer Stipends,Research Programs,6000,History,African American History,African American History; African American Studies; American Studies,4.1,14.6,267059,6000
FT-265301-19,188429,"CUNY Research Foundation, Queens College",Four-Year College,NA,NA,Flushing,NY,New York,Queens,0,36081,11367,-73.81863,40.73745,2019,"Race, Language, and Roma Culture in the Islamic Middle Ages",Summer Stipends,Research Programs,6000,History,Near and Middle Eastern History,Near and Middle Eastern History; Near and Middle Eastern Languages,3.5,11,2433038.77,78698.91
FT-265307-19,196219,"SUNY Research Foundation, College at Purchase",Four-Year College,9,0,Purchase,NY,New York,Westchester,0,36119,10577,-73.71327,41.03693,2019,"Dancing Days: Nationalism, Soap Operas, and Dreams of Modernization in Authoritarian Brazil. 1970 - 1988""",Summer Stipends,Research Programs,6000,History,Latin American History,Latin American History; Latin American Studies; Media Studies,3.6,8.4,2797620.9,396740
FT-265336-19,176017,University of Mississippi,Center For Advanced Study/Research Institute,4,0,University,MS,Mississippi,Lafayette,0,28071,38677,-89.5352,34.36633,2019,"On the Literary Use of Language: Translation of French Philosopher Maurice Merleau-Ponty’s Lecture Notes, 1953",Summer Stipends,Research Programs,6000,Humanities,Phenomenology - Existentialism,Aesthetics; Phenomenology - Existentialism; Philosophy of Language,4.4,17.5,93204.45,6000
FT-265344-19,196237,"SUNY Research Foundation, College at Old Westbury",Four-Year College,9,0,Old Westbury,NY,New York,Nassau,0,36059,11568,-73.58326,40.78231,2019,"A Selected Edition of the Journalism of Charlotte Perkins Gilman (1860-1935), American Writer and Intellectual",Summer Stipends,Research Programs,6000,Literature,American Literature,American Literature; Journalism; Women's History,3.3,5.6,852541.01,253959
FT-265358-19,157085,University of Kentucky Research Foundation,Four-Year College,3,0,Lexington,KY,Kentucky,Fayette,0,21067,40506,-84.50654,38.03919,2019,"Lady Justice's Schoolrooms: Learning Law in the Holy Roman Empire (Germany and Italy, ca. 800-1000)",Summer Stipends,Research Programs,6000,History,Medieval History,Law and Jurisprudence; Legal History; Medieval History,3.2,15.4,1457528.43,96000
HZ-265426-19,204857,Ohio University,Four-Year College,4,0,Athens,OH,Ohio,Athens,1,39009,45701,-82.1051,39.33319,2019,Ohio University Press Humanities Open Book Program,Humanities Open Book Program,Digital Humanities,2338.3,Humanities,"Philosophy, General","History, General; Philosophy, General",5.3,26.6,156003.22999999998,2338.3
FT-265455-19,212106,Duquesne University,University,4,0,Pittsburgh,PA,Pennsylvania,Allegheny,1,42003,15282,-79.99284,40.43697,2019,Let Music Rise from Every Tongue: Reading and Writing Poetry in Antebellum African American Communities,Summer Stipends,Research Programs,6000,Literature,American Literature,African American Studies; American Literature; Gender Studies,4.1,10.8,5940946.359999999,683675.09
FT-265463-19,232706,Marymount University,Four-Year College,6,0,Arlington,VA,Virginia,Arlington,0,51013,22207,-77.12878,38.90447,2019,"Orson Welles, Macbeth, and Africa: Collective Genius and the Diaspora",Summer Stipends,Research Programs,6000,Arts,Theater History and Criticism,African American Studies; American Studies; Theater History and Criticism,1.9,7.6,2852075.54,453850.54
FT-265510-19,190099,Colgate University,Four-Year College,9,0,Hamilton,NY,New York,Madison,0,36053,13346,-75.53284,42.81934,2019,"The Young Catholic: Girlhood and the Making of American Catholicism, 1836-1911",Summer Stipends,Research Programs,6000,History,U.S. History,History of Religion; U.S. History; Women's History,4.3,9.8,1002715.85,6000
FT-265568-19,139959,University of Georgia,University,3,0,Athens,GA,Georgia,Clarke,0,13059,30602,-83.37298,33.95023,2019,Muslim Comics and Warsacpe Witnessing,Summer Stipends,Research Programs,6000,Literature,Comparative Literature,"Comparative Literature; Literary Criticism; Religion, General",3.7,25.7,1048174.2,273568.73
AKA-265585-19,206349,Ursuline College,Four-Year College,8,0,Pepper Pike,OH,Ohio,Cuyahoga,0,39035,44124,-81.46308,41.49617,2019,Cleveland Divided: Rust Belt Revival Curriculum,Humanities Connections Planning Grants,Education Programs,29372.05,Interdisciplinary,"Interdisciplinary Studies, General","Interdisciplinary Studies, General",4.2,16.2,1340039.36,89372.05
AKA-265594-19,195030,University of Rochester,University,3,0,Rochester,NY,New York,Monroe,0,36055,14627,-77.62391,43.13182,2019,Textual Science: A Curriculum for Cultural Heritage Recovery,Humanities Connections Planning Grants,Education Programs,29034.28,Literature,"Literature, Other","Interdisciplinary Studies, Other; Literature, Other; Medieval History",4,12.7,5554529.78,1818329.28
AKA-265666-19,233426,Roanoke College,Four-Year College,9,0,Salem,VA,Virginia,Salem city,0,51775,24153,-80.05842,37.2936,2019,A Liberal Arts Approach to an Archaeological Curriculum,Humanities Connections Planning Grants,Education Programs,21593.27,Humanities,Archaeology,Archaeology,2.8,9.4,90378.27,84378.27
AKA-265670-19,215929,University of Scranton,Four-Year College,6,0,Scranton,PA,Pennsylvania,Lackawanna,1,42069,18510,-75.65825,41.40641,2019,A Health Humanities Concentration and Community-Based Learning,Humanities Connections Planning Grants,Education Programs,27509.44,Interdisciplinary,"Interdisciplinary Studies, General","Interdisciplinary Studies, General",4.8,14.2,186300.44,27509.44
AKA-265689-19,191649,Hofstra University,University,5,0,Hempstead,NY,New York,Nassau,0,36059,11549,-73.6016,40.7178,2019,A Global-Local Health Initiative,Humanities Connections Planning Grants,Education Programs,35000,History,"History and Philosophy of Science, Technology, and Medicine","Cultural History; Geography; History and Philosophy of Science, Technology, and Medicine",3.3,5.6,852541.01,253959
AKB-265731-19,216278,Susquehanna University,Four-Year College,9,0,Selinsgrove,PA,Pennsylvania,Snyder,1,42109,17870,-76.87047,40.79965,2019,Promoting Civic Discourse in a Polarizing World,Humanities Connections Implementation Grants,Education Programs,83820,Literature,Composition and Rhetoric,American Government; Composition and Rhetoric; Political Theory,5.4,10.3,83820,83820
AKA-265741-19,237969,West Virginia Wesleyan College,Four-Year College,9,0,Buckhannon,WV,West Virginia,Upshur,1,54097,26201,-80.22151,38.98939,2019,Appalachian Humanities and Sciences:   A Holistic Approach to Regional Studies,Humanities Connections Planning Grants,Education Programs,31735.43,Area Studies,Area Studies,Area Studies,6,17.5,31735.43,31735.43
AV-265854-19,NA,"Touchstones Discussion Project, Inc.",Non-Profit Educational Center,NA,NA,Stevensville,MD,Maryland,Queen Anne's,0,24035,21666,-76.31858,38.98957,2019,Completing the Odyssey: A Discussion Program for Veterans and Civilians,Dialogues on the Experience of War,Education Programs,97784,Social Science,Communications,"Communications; Interdisciplinary Studies, General; Literature, General",2.9,6,107784,97784
AV-265909-19,NA,National Humanities Center,Center For Advanced Study/Research Institute,NA,NA,Research Triangle Park,NC,North Carolina,Durham,0,37063,27709,-78.84971,35.93232,2019,Troops to Teachers:  Helping Communities and Classrooms Understand the Military Experience,Dialogues on the Experience of War,Education Programs,99862,History,"History, General","History, General",3.4,14,4368610,1161542
AV-266018-19,NA,"Clemente Course in the Humanities, Inc.",Non-Profit Educational Center,NA,NA,New York,NY,New York,New York,0,36061,10065,-73.96968,40.76542,2019,"Clemente Veterans' Initiative: Providence, RI",Dialogues on the Experience of War,Education Programs,99330,Interdisciplinary,"Interdisciplinary Studies, General","Interdisciplinary Studies, General",3.5,14.1,78116853.73,13888088.21
AV-266019-19,NA,"Clemente Course in the Humanities, Inc.",Non-Profit Educational Center,NA,NA,New York,NY,New York,New York,0,36061,10065,-73.96968,40.76542,2019,"Clemente Veterans' Initiative: Tacoma, WA; Houston, TX; and Newark, NJ",Dialogues on the Experience of War,Education Programs,99600,Interdisciplinary,"Interdisciplinary Studies, General","Interdisciplinary Studies, General",3.5,14.1,78116853.73,13888088.21
MR-266032-19,139959,University of Georgia,University,3,0,Athens,GA,Georgia,Clarke,0,13059,30602,-83.37298,33.95023,2019,NEH on the Road: Power of Children,NEH on the Road,Public Programs,1000,History,"History, General","History, General",3.7,25.7,1048174.2,273568.73
RZ-266063-19,215062,Trustees of the University of Pennsylvania,University,3,0,Philadelphia,PA,Pennsylvania,Philadelphia,0,42101,19104,-75.19276,39.95298,2019,The Papers of British Writer and Suffragist May Sinclair (1863-1946): Creating a Digital Archive of her Manuscripts,Collaborative Research,Research Programs,45336,Literature,British Literature,"British Literature; Literature, Other",5.5,23,14436056.34,2460521.51
RQ-266079-19,NA,New School,University,NA,NA,New York,NY,New York,New York,0,36061,10011,-73.99673,40.73547,2019,The Complete Short Stories of American Author Charles W. Chesnutt (1858-1932),Scholarly Editions and Translations,Research Programs,206330,Literature,American Literature,American Literature,3.5,14.1,78116853.73,13888088.21
RZ-266080-19,214777,Pennsylvania State University,Four-Year College,3,0,University Park,PA,Pennsylvania,Centre,1,42027,16802,-77.85432,40.80366,2019,Maya Christian Murals of Yucatán: Indigenous Catholicism in Early Modern New Spain,Collaborative Research,Research Programs,171350.84,Arts,Art History and Criticism,"Art History and Criticism; Interdisciplinary Studies, General; Latin American History",3.3,15.9,2265848.84,498553.83999999997
RZ-266114-19,163286,"University of Maryland, College Park",University,3,0,College Park,MD,Maryland,Prince George's,0,24033,20742,-76.95018,38.9975,2019,Immigration and the Making of African America,Collaborative Research,Research Programs,33421.97,History,"History, General","History, General",3.5,8.7,4393763.9399999995,820321.44
RZ-266119-19,215062,Trustees of the University of Pennsylvania,University,3,0,Philadelphia,PA,Pennsylvania,Philadelphia,0,42101,19104,-75.19276,39.95298,2019,The Long Road to Freedom: Biddy Mason (1818-1891) and the Making of Black Los Angeles,Collaborative Research,Research Programs,242000,History,African American History,African American History,5.5,23,14436056.34,2460521.51
RZ-266147-19,190415,Cornell University,Four-Year College,3,0,Ithaca,NY,New York,Tompkins,1,36109,14850,-76.46515,42.43782,2019,Medieval Monuments and Wooden Cultural Heritage on Cyprus: Building History with Tree-Rings,Collaborative Research,Research Programs,208882,History,Medieval Studies,Architecture; Medieval Studies,3.5,16.9,2959805.7,318881.98
RQ-266163-19,193900,New York University,Publishing,3,0,New York,NY,New York,New York,0,36061,10012,-73.99706,40.7299,2019,The Legends of Barbara and Katherine in the Greek Tradition (4th-10th Centuries),Scholarly Editions and Translations,Research Programs,249466,Literature,Classics,Classics,3.5,14.1,78116853.73,13888088.21
RZ-266168-19,193900,New York University,Publishing,3,0,New York,NY,New York,New York,0,36061,10012,-73.99706,40.7299,2019,The Post-Soviet Public Sphere: Multimedia Sourcebook of the 1990s,Collaborative Research,Research Programs,250000,Literature,Russian Literature,Cultural History; International Relations; Russian Literature,3.5,14.1,78116853.73,13888088.21
RZ-266176-19,221759,"University of Tennessee, Knoxville",Publishing,3,0,Knoxville,TN,Tennessee,Knox,1,47093,37916,-83.92774,35.9529,2019,In a Speculative Light: The Arts of Writer James Baldwin (1924-1987) and Painter Beauford Delaney (1901-1979),Collaborative Research,Research Programs,50000,Area Studies,African American Studies,"African American Studies; History, Criticism, and Theory of the Arts",2.9,13.4,2097050.66,50000
RQ-266188-19,NA,Rector and Visitors of the University of Virginia,Publishing,NA,NA,Charlottesville,VA,Virginia,Charlottesville city,0,51540,22903,-78.50208,38.05021,2019,The Papers of U.S. President George Washington (1732-1799),Scholarly Editions and Translations,Research Programs,160000,History,U.S. History,U.S. History,2.3,22.1,5667497.82,435000
RQ-266191-19,NA,Rector and Visitors of the University of Virginia,Publishing,NA,NA,Charlottesville,VA,Virginia,Charlottesville city,0,51540,22903,-78.50208,38.05021,2019,The Papers of James Madison,Scholarly Editions and Translations,Research Programs,275000,History,U.S. History,U.S. History,2.3,22.1,5667497.82,435000
RQ-266198-19,214777,Pennsylvania State University,Four-Year College,3,0,University Park,PA,Pennsylvania,Centre,1,42027,16802,-77.85432,40.80366,2019,"The Secret Vow to the Goddess: A Translation of Nepal’s Svasthanivratakatha, A Premodern Tradition in the Twenty-First Century",Scholarly Editions and Translations,Research Programs,177203,Humanities,Nonwestern Religion,Nonwestern Religion; South Asian Studies,3.3,15.9,2265848.84,498553.83999999997
RZ-266202-19,215062,Trustees of the University of Pennsylvania,University,3,0,Philadelphia,PA,Pennsylvania,Philadelphia,0,42101,19104,-75.19276,39.95298,2019,New Narratives in the History of Philosophy: Women and Early Modern European Philosophy,Collaborative Research,Research Programs,50000,Humanities,"Philosophy, General","History of Philosophy; Philosophy, General; Women's History",5.5,23,14436056.34,2460521.51
RZ-266206-19,215798,Saint Vincent College,Four-Year College,9,0,Latrobe,PA,Pennsylvania,Westmoreland,1,42129,15650,-79.39947,40.29009,2019,Tracing the Historical and Cultural Trajectories of Antimicrobial Resistance in China (1920 - The Present),Collaborative Research,Research Programs,39245,History,"History and Philosophy of Science, Technology, and Medicine","Anthropology; East Asian History; History and Philosophy of Science, Technology, and Medicine",4.4,10.5,218218.54,49245
RZ-266251-19,NA,Montpelier Foundation,Historical Site/House,NA,NA,Orange,VA,Virginia,Orange,0,51137,22960,-77.96541,38.15443,2019,Understanding the Overseer: Using Archaeology to Examine Status and Identity at James Madison's Montpelier,Collaborative Research,Research Programs,249820,Humanities,Archaeology,Archaeology,3,9.7,685085,249820
MR-266268-19,NA,Wood County Historical Center & Museum,Historical Society,NA,NA,Bowling Green,OH,Ohio,Wood,0,39173,43402,-83.61283,41.35131,2019,NEH on the Road: Jacob A. Riis,NEH on the Road,Public Programs,1000,History,Public History,"History, General; Immigration History; Public History",3.7,11.2,312685.46,1000
PB-266275-19,NA,"Council of American Jewish Museums, Inc.",National Organization,NA,NA,Brooklyn,NY,New York,Kings,0,36047,11213,-73.94357,40.67208,2018,Security Preparedness for Terrorist Acts Against Jewish Museums,Cooperative Agreements and Special Projects (P&A),Preservation and Access,30000,Unspecified,NA,Archival Management and Conservation; Cultural History; Jewish Studies,4.2,18.9,7011052.99,1090000
MR-266296-19,NA,Museum of the Mississippi Delta,History Museum,NA,NA,Greenwood,MS,Mississippi,Leflore,0,28083,38930,-90.21267,33.52577,2019,NEH on the Road: For All the World to See,NEH on the Road,Public Programs,1000,History,African American History,African American History,7.6,35.7,60962,1000
GE-266304-19,NA,"Trustees of the Walters Art Gallery, Inc.",Art Museum,NA,NA,Baltimore,MD,Maryland,Baltimore city,0,24510,21201,-76.61567,39.29588,2019,Ethiopia at the Crossroads,Exhibitions: Planning,Public Programs,40000,Arts,"History, Criticism, and Theory of the Arts","History, Criticism, and Theory of the Arts",4.8,20.4,3788310,274926
TD-266328-19,NA,"New York Foundation for the Arts, Inc.",Four-Year College,NA,NA,Brooklyn,NY,New York,Kings,0,36047,11201,-73.9867,40.70412,2019,Hazel Scott: Café Society,Media Projects Development,Public Programs,75000,Arts,Music History and Criticism,African American History; Music History and Criticism,4.1,17.7,7011052.99,429073.99
GI-266338-19,NA,Margaret Woodbury Strong Museum,History Museum,NA,NA,Rochester,NY,New York,Monroe,0,36055,14607,-77.60072,43.15495,2019,Digital Worlds: History and Cultural Impact,Exhibitions: Implementation,Public Programs,700000,History,Cultural History,Cultural History,4,12.7,5554529.78,1818329.28
TR-266341-19,NA,Futuro Media Group,Independent Production Company,NA,NA,New York,NY,New York,New York,0,36061,10027,-73.95324,40.81115,2019,UNLADYLIKE2020,Media Projects Production,Public Programs,600000,History,Women's History,Ethnic Studies; U.S. History; Women's History,3.5,14.1,78116853.73,13888088.21
TR-266364-19,NA,PBS Foundation,National Organization,NA,NA,Arlington,VA,Virginia,Arlington,0,51013,22202,-77.04947,38.85518,2019,It’s Lit! A Series About Books from PBS Digital Studios,Media Projects Production,Public Programs,419500.54,Literature,American Literature,American Literature; Media Studies,1.9,7.6,2852075.54,453850.54
GG-266368-19,NA,International Storytelling Center,National Organization,NA,NA,Jonesborough,TN,Tennessee,Washington,1,47179,37659,-82.47409,36.29402,2019,Freedom Stories: Unearthing the African American Heritage of Appalachia,Humanities Discussions,Public Programs,200000,History,African American History,African American History; African American Studies; Folklore and Folklife,3.4,15.8,693950,200000
TR-266369-19,NA,Southern Documentary Fund,Four-Year College,NA,NA,Durham,NC,North Carolina,Durham,0,37063,27702,-78.90062,35.99704,2019,South by Somewhere,Media Projects Production,Public Programs,600000,Area Studies,Rural Studies,"Interdisciplinary Studies, General; Rural Studies",3.4,14,4368610,1161542
GE-266378-19,NA,Staten Island Institute of Arts and Sciences,General Museum,NA,NA,Staten Island,NY,New York,Richmond,0,36085,10301,-74.09989,40.64469,2019,Arise Women of the Nation: Staten Islanders in the Fight for Women's Right to Vote,Exhibitions: Planning,Public Programs,40000,History,Women's History,Women's History,3.9,9.1,167145,55000
GE-266392-19,NA,New York Historical Society,Historical Society,NA,NA,New York,NY,New York,New York,0,36061,10024,-73.97399,40.77909,2019,Religion and the American West,Exhibitions: Planning,Public Programs,75000,History,U.S. History,U.S. History,3.5,14.1,78116853.73,13888088.21
HAA-266444-19,232186,George Mason University,Four-Year College,4,0,Fairfax,VA,Virginia,Fairfax,0,51059,22030,-77.30756,38.83542,2019,Datascribe: Enabling Structured Data Transcription in the Omeka S Web Platform,Digital Humanities Advancement Grants,Digital Humanities,324733,History,"History, General","History, General; Interdisciplinary Studies, General",2.3,6,3509975.9699999997,985511.38
HAA-266465-19,199193,North Carolina State University,University,3,0,Raleigh,NC,North Carolina,Wake,0,37183,27695,-78.62526,35.79769,2019,Using Scalar to Deep-Map Modern East Asian History,Digital Humanities Advancement Grants,Digital Humanities,99995,History,East Asian History,East Asian History,3.4,8,1354074.6,155495
HAA-266472-19,NA,South Carolina Department of Natural Resources,State/Local/Federal Government,NA,NA,Columbia,SC,South Carolina,Richland,0,45079,29202,-81.03891,34.00858,2019,SnowVision: A Machine Learning-Based Image Processing Tool for the Study of Archaeological Collections,Digital Humanities Advancement Grants,Digital Humanities,323668,Humanities,Archaeology,Archaeology,2.7,16.2,3178952.8600000003,1275058.53
HAA-266482-19,212674,Gettysburg College,Four-Year College,9,0,Gettysburg,PA,Pennsylvania,Adams,0,42001,17325,-77.23291,39.83371,2019,Mesolex: Lexicosemantic Resources for Mesoamerican Languages,Digital Humanities Advancement Grants,Digital Humanities,48698,Language,"Languages, Other","Cultural Anthropology; Languages, Other; Linguistics",3.3,7.6,541785.0700000001,262933.54000000004
HAA-266513-19,231624,College of William and Mary,Four-Year College,4,0,Williamsburg,VA,Virginia,Williamsburg city,0,51830,23186,-76.71257,37.27342,2019,Transkribus and the Georgian Papers Programme Tabular-Formatted Manuscripts,Digital Humanities Advancement Grants,Digital Humanities,52400.08,Interdisciplinary,"Interdisciplinary Studies, Other","Interdisciplinary Studies, Other",3.8,18.2,1988346.08,52400.08
HAA-266528-19,199148,"University of North Carolina, Greensboro",University,4,0,Greensboro,NC,North Carolina,Guilford,0,37081,27412,-79.8055,36.06642,2019,MassMine Advancement Grant for Sustainable Data-Driven Humanities Research,Digital Humanities Advancement Grants,Digital Humanities,322092,Literature,English,"Composition and Rhetoric; English; Interdisciplinary Studies, General",4.1,16,999908.92,349713.39
HAA-266568-19,NA,"Rhizome Communications, Inc.",Art Museum,NA,NA,New York,NY,New York,New York,0,36061,10002,-73.99314,40.72233,2019,Early Online Communities in Context,Digital Humanities Advancement Grants,Digital Humanities,45722,Arts,Art History and Criticism,American Literature; Art History and Criticism; Media Studies,3.5,14.1,78116853.73,13888088.21
PG-266590-19,NA,Museum of Chinese in the Americas,History Museum,NA,NA,New York,NY,New York,New York,0,36061,10013,-73.99892,40.71947,2019,First phase fire recovery efforts for the Museum of Chinese in the Americas archive,Preservation Assistance Grants,Preservation and Access,10000,Area Studies,Asian American Studies,"Arts, General; Asian American Studies",3.5,14.1,78116853.73,13888088.21
PF-266605-19,198695,High Point Museum,History Museum,9,0,High Point,NC,North Carolina,Guilford,0,37081,27262,-79.99106,35.97968,2019,Analysis and Optimization of the High Point Museum's Preservation Environment,Sustaining Cultural Heritage Collections,Preservation and Access,21621.39,History,"History, General","History, General",4.1,16,999908.92,349713.39
FZ-266641-19,197036,United States Military Academy,Four-Year College,9,0,West Point,NY,New York,Orange,0,36071,10996,-73.96981,41.39227,2019,The Nine Lives of Alexander the Great,Public Scholars,Research Programs,60000,Literature,"Literature, General","Cultural History; Interdisciplinary Studies, General; Literature, General",3.6,12.3,60000,60000
PG-266645-19,NA,County of Fauquier,State/Local/Federal Government,NA,NA,Warrenton,VA,Virginia,Fauquier,0,51061,20186,-77.80931,38.71464,2019,Fauquier County Gold Mining Museum Storage Assessment,Preservation Assistance Grants,Preservation and Access,3750,History,Cultural History,Cultural History,2.4,6.1,3750,3750
PG-266653-19,188429,"CUNY Research Foundation, Queens College",Four-Year College,NA,NA,Flushing,NY,New York,Queens,0,36081,11367,-73.81863,40.73745,2019,Training and Supplies for the Queens College Rare Book Collection,Preservation Assistance Grants,Preservation and Access,6698.91,Literature,"Literature, General","History, Other; Literature, General",3.5,11,2433038.77,78698.91
PG-266664-19,162928,Johns Hopkins University,Publishing,3,0,Baltimore,MD,Maryland,Baltimore city,0,24510,21218,-76.61787,39.33085,2019,Purchase of Furniture and Supplies to Upgrade Homewood Museum's Collections Storage Room,Preservation Assistance Grants,Preservation and Access,9926,Interdisciplinary,"Interdisciplinary Studies, General","Interdisciplinary Studies, General; U.S. History",4.8,20.4,3788310,274926
PG-266670-19,206507,"Wilmington College, Ohio",Four-Year College,9,0,Wilmington,OH,Ohio,Clinton,0,39027,45177,-83.81724,39.4413,2019,PRC BRMA Environmental Monitoring and Collections Storage Improvements,Preservation Assistance Grants,Preservation and Access,9798,History,East Asian History,East Asian History; U.S. History,4.7,14.8,19798,9798
PG-266672-19,190424,Weill Cornell Medical College of Cornell University,Four-Year College,11,0,New York,NY,New York,New York,0,36061,10065,-73.95555,40.76419,2019,Preserving the History of America's Second Oldest Hospital,Preservation Assistance Grants,Preservation and Access,10000,History,U.S. History,U.S. History,3.5,14.1,78116853.73,13888088.21
PF-266727-19,190415,Cornell University,Four-Year College,3,0,Ithaca,NY,New York,Tompkins,1,36109,14850,-76.46515,42.43782,2019,"Sustainable Preservation Plan for Works on Paper in the Herbert F. Johnson Museum of Art, Cornell University",Sustaining Cultural Heritage Collections,Preservation and Access,49999.98,Arts,Art History and Criticism,Art History and Criticism,3.5,16.9,2959805.7,318881.98
PG-266728-19,NA,"Travellers Rest Historic House Museum, Inc.",Historical Site/House,NA,NA,Nashville,TN,Tennessee,Davidson,0,47037,37220,-86.76463,36.0761,2019,Assessment of Environmental Conditions and Mechanical Systems for Historic House at Historic Travellers Rest,Preservation Assistance Grants,Preservation and Access,8538.55,History,U.S. History,African American History; U.S. History,2.5,12.6,3331367.6799999997,200538.55
PG-266731-19,NA,Columbus Lowndes Public Library,Public Library,NA,NA,Columbus,MS,Mississippi,Lowndes,1,28087,39701,-88.42612,33.49827,2019,"Focusing the Camera's Lens: Assessing and Preserving Lowndes County, Mississippi's Photographic History",Preservation Assistance Grants,Preservation and Access,10000,History,"History, General","History, General",5.3,17.2,10000,10000
PF-266733-19,NA,Fort Ticonderoga Association,Historical Site/House,NA,NA,Ticonderoga,NY,New York,Essex,0,36031,12883,-73.41087,43.85041,2019,The Future is Calling: Developing a Master Preservation and Storage Needs Plan for Ticonderoga’s Collections,Sustaining Cultural Heritage Collections,Preservation and Access,40000,History,U.S. History,U.S. History,4.5,12.4,587226,40000
PG-266734-19,NA,Chester County Historical Society,Historical Society,NA,NA,West Chester,PA,Pennsylvania,Chester,0,42029,19380,-75.6065,39.96223,2019,Expansion and Improvement of Works of Art on Paper Storage,Preservation Assistance Grants,Preservation and Access,8615,History,U.S. History,U.S. History,3.2,5.9,235059.28999999998,8615
PG-266736-19,NA,Wyoming Historical and Geological Society,Historical Society,NA,NA,Wilkes-Barre,PA,Pennsylvania,Luzerne,1,42079,18701,-75.88541,41.24575,2019,Laying the Foundation: Storage Materials and Envrionmental Monitoring Tools for Luzerne County Historical Society,Preservation Assistance Grants,Preservation and Access,9358,History,Public History,Public History; U.S. History,5.6,15.2,429720,9358
PG-266745-19,215798,Saint Vincent College,Four-Year College,9,0,Latrobe,PA,Pennsylvania,Westmoreland,1,42129,15650,-79.39947,40.29009,2019,Expanding Care and Access to the Art & Heritage Collections at Saint Vincent,Preservation Assistance Grants,Preservation and Access,10000,Arts,"Arts, General","Arts, General",4.4,10.5,218218.54,49245
PF-266759-19,NA,New York City Department of Records and Information Services,State/Local/Federal Government,NA,NA,New York,NY,New York,New York,0,36061,10007,-74.00467,40.71351,2019,New York City Department of Records Municipal Archives: Creating a Sustainable Preservation Environment,Sustaining Cultural Heritage Collections,Preservation and Access,40186,History,U.S. History,U.S. History,3.5,14.1,78116853.73,13888088.21
PF-266767-19,NA,George Eastman Museum,University,NA,NA,Rochester,NY,New York,Monroe,0,36055,14607,-77.58123,43.15179,2019,Protecting the Nitrate Film Heritage,Sustaining Cultural Heritage Collections,Preservation and Access,340615,Arts,Film History and Criticism,"Arts, General; Film History and Criticism; History, General",4,12.7,5554529.78,1818329.28
PG-266791-19,NA,Shaker Heritage Society,Historical Site/House,NA,NA,Albany,NY,New York,Albany,0,36001,12211,-73.80945,42.73842,2019,Assessment of Shaker Heritage Society Collections and Preservation Training for Staff and Volunteers,Preservation Assistance Grants,Preservation and Access,5250,Area Studies,American Studies,American Studies,3.5,11.7,1483153.6,5250
FZ-266854-19,196079,"SUNY Research Foundation, Binghamton",Two-Year College,4,0,Binghamton,NY,New York,Broome,1,36007,13902,-75.96456,42.09521,2019,A Biography of American Author and Civil Rights Activist Anne Moody (1940-2015),Public Scholars,Research Programs,60000,History,Women's History,African American History; U.S. History; Women's History,4.5,17.8,600707.48,126000
FZ-266866-19,199193,North Carolina State University,University,3,0,Raleigh,NC,North Carolina,Wake,0,37183,27695,-78.62526,35.79769,2019,Leftover Ladies: American Writer Ursula Parrott (1900-1957) and the Emergence of the Modern Woman,Public Scholars,Research Programs,55500,History,Women's History,American Studies; Film History and Criticism; Women's History,3.4,8,1354074.6,155495
FZ-266874-19,157085,University of Kentucky,University,3,0,Lexington,KY,Kentucky,Fayette,0,21067,40506,-84.50387,38.03794,2019,A Biography of John Dickinson (1732-1808),Public Scholars,Research Programs,60000,History,U.S. History,U.S. History,3.2,15.4,1457528.43,96000
FZ-266880-19,NA,NA,Individual,NA,NA,New York,NY,New York,New York,0,36061,10022,-73.96389,40.75692,2019,THE GATEKEEPER: Dr. Frances Kelsey and the Unlikely Heroes Who Foiled the Greatest Pharmaceutical Scandal of the 20th Century,Public Scholars,Research Programs,60000,History,"History and Philosophy of Science, Technology, and Medicine","American Government; History and Philosophy of Science, Technology, and Medicine; History, Other",3.5,14.1,78116853.73,13888088.21
FZ-266889-19,139658,Emory University,Two-Year College,3,0,Atlanta,GA,Georgia,DeKalb,0,13089,30322,-84.32618,33.78858,2019,How To Be Disabled: Shaping the Future for Everyone,Public Scholars,Research Programs,60000,Humanities,Ethics,"Ethics; Interdisciplinary Studies, General",3.6,12.9,1817120.51,302057.51
FZ-266940-19,NA,NA,Individual,NA,NA,Pittsburgh,PA,Pennsylvania,Allegheny,1,42003,15222,-79.98295,40.45438,2019,"The Life of Ballerina Tanaquil Le Clercq (1929-2000), Wife of George Balanchine and Mid-Century Muse to New York Artists, Writers and Intellectuals",Public Scholars,Research Programs,60000,Arts,Dance History and Criticism,Cultural History; Dance History and Criticism; Gender Studies,4.1,10.8,5940946.359999999,683675.09
FZ-266948-19,NA,NA,Individual,NA,NA,Annapolis,MD,Maryland,Anne Arundel,0,24003,21409,-76.44889,39.01501,2019,"A History of the Massachusetts Almshouse Scandal, 1854-1884",Public Scholars,Research Programs,30000,Area Studies,American Studies,American Studies; U.S. History,2.9,5.8,179837.87,124337.87
EH-266984-19,190664,Adelphi University,University,NA,NA,Garden City,NY,New York,Nassau,0,36059,11530,-73.66409,40.72272,2019,Worlds in Collision: Nahua and Spanish Pictorial Histories and Annals in 16th-Century Mexico,Institutes for Higher Education Faculty,Education Programs,152959,Area Studies,Native American Studies,Anthropology; Latin American History; Native American Studies,3.3,5.6,852541.01,253959
ES-267025-19,NA,National Humanities Center,Center For Advanced Study/Research Institute,NA,NA,Research Triangle Park,NC,North Carolina,Durham,0,37063,27709,-78.84971,35.93232,2019,"Contested Territory: America’s Involvement in Vietnam, 1945-1975",Institutes for K-12 Educators,Education Programs,161049,History,"History, General","History, General",3.4,14,4368610,1161542
EH-267026-19,190576,"CUNY Research Foundation, Graduate School and University Center",Center For Advanced Study/Research Institute,3,0,New York,NY,New York,New York,0,36061,10016,-73.98421,40.74873,2019,The Visual Culture of the American Civil War and its Aftermath,Institutes for Higher Education Faculty,Education Programs,181689,History,U.S. History,U.S. History,3.5,14.1,78116853.73,13888088.21
ES-267034-19,138600,Agnes Scott College,Four-Year College,9,0,Decatur,GA,Georgia,DeKalb,0,13089,30030,-84.29518,33.77008,2019,Shakespeare and Digital Storytelling,Institutes for K-12 Educators,Education Programs,148827.51,Literature,British Literature,"British Literature; Interdisciplinary Studies, General",3.6,12.9,1817120.51,302057.51
ES-267039-19,218663,University of South Carolina,Four-Year College,3,0,Columbia,SC,South Carolina,Richland,0,45079,29208,-81.0252,33.99326,2019,America's Reconstruction: The Untold Story,Institutes for K-12 Educators,Education Programs,152736.97,History,African American History,African American History; U.S. History,2.7,16.2,3178952.8600000003,1275058.53
ES-267059-19,NA,Center for Documentary Studies,Professional School,NA,NA,Durham,NC,North Carolina,Durham,0,37063,27705,-78.91767,36.00418,2019,"The Civil Rights Movement: Grassroots Perspectives, 1940-1980",Institutes for K-12 Educators,Education Programs,201292,History,U.S. History,U.S. History,3.4,14,4368610,1161542
BH-267062-19,215293,University of Pittsburgh,Four-Year College,3,0,Pittsburgh,PA,Pennsylvania,Allegheny,1,42003,15260,-79.95595,40.44347,2019,The Homestead Steel Strike and the Growth of America as an Industrial Power,Landmarks of American History and Culture for K-12 Educators,Education Programs,156481.09,History,Labor History,Labor History,4.1,10.8,5940946.359999999,683675.09
BH-267064-19,212674,Gettysburg College,Four-Year College,9,0,Gettysburg,PA,Pennsylvania,Adams,0,42001,17325,-77.23291,39.83371,2019,On Hallowed Ground: Gettysburg in History and Memory,Landmarks of American History and Culture for K-12 Educators,Education Programs,154235.54,History,U.S. History,U.S. History,3.3,7.6,541785.0700000001,262933.54000000004
ES-267085-19,NA,Intrepid Sea-Air-Space Museum,History Museum,NA,NA,New York,NY,New York,New York,0,36061,10036,-73.99939,40.76339,2019,The Cold War through the Collections of the Intrepid Museum,Institutes for K-12 Educators,Education Programs,131702.55,History,"History, General","History, General",3.5,14.1,78116853.73,13888088.21
BH-267091-19,198464,East Carolina University,University,5,0,Greenville,NC,North Carolina,Pitt,0,37147,27858,-77.36389,35.58604,2019,Saipan's Land and Sea: Battle Scars and Sites of Resilience,Landmarks of American History and Culture for K-12 Educators,Education Programs,179327.98,History,"History, Other","History, Other",4.2,19.2,511535.98,179327.98
BH-267105-19,232982,Old Dominion University Research Foundation,University,4,0,Norfolk,VA,Virginia,Norfolk city,0,51710,23508,-76.29878,36.8858,2019,The Long Road from Brown: School Desegregation in Virginia,Landmarks of American History and Culture for K-12 Educators,Education Programs,204119,History,U.S. History,U.S. History,3.4,19,392645,210119
EH-267110-19,190655,"CUNY Research Foundation, NYC College of Technology",Two-Year College,9,0,Brooklyn,NY,New York,Kings,0,36047,11201,-73.98721,40.69639,2019,City of Print: New York and the Periodical Press,Institutes for Higher Education Faculty,Education Programs,161923.99,Area Studies,American Studies,American Studies; U.S. History,4.1,17.7,7011052.99,429073.99
BH-267113-19,203517,Kent State University,Four-Year College,4,0,Kent,OH,Ohio,Portage,0,39133,44242,-81.3513,41.15366,2019,Making Meaning of May 4th: The 1970 Kent State Shootings in US History,Landmarks of American History and Culture for K-12 Educators,Education Programs,185327.81,History,U.S. History,American Government; American Studies; U.S. History,4.3,11.9,528346.72,350488.72
FS-267118-19,196088,"SUNY Research Foundation, University at Buffalo",University,3,0,Amherst,NY,New York,Erie,0,36029,14228,-78.7855,43.00266,2019,Emmanuel Levinas: Ethics of Democracy,Seminars for Higher Education Faculty,Education Programs,67139,Social Science,Political Theory,Phenomenology - Existentialism; Political Theory,4.1,13.3,3031666.7,892138.5800000001
ES-267130-19,NA,Historical Society of Pennsylvania,Historical Society,NA,NA,Philadelphia,PA,Pennsylvania,Philadelphia,0,42101,19107,-75.16238,39.94784,2019,Becoming US: The Immigrant Experience through Primary Sources,Institutes for K-12 Educators,Education Programs,86007,History,Immigration History,Immigration History,5.5,23,14436056.34,2460521.51
ES-267135-19,NA,New York Public Library,Public Library,NA,NA,New York,NY,New York,New York,0,36061,10016,-73.98192,40.75188,2019,Harlem’s Education Movements: Changing the Civil Rights Narrative,Institutes for K-12 Educators,Education Programs,135239.66,History,U.S. History,African American History; U.S. History,3.5,14.1,78116853.73,13888088.21
ES-267151-19,218663,University of South Carolina,Four-Year College,3,0,Columbia,SC,South Carolina,Richland,0,45079,29208,-81.0252,33.99326,2019,Freedom’s Lawmakers: Black Leadership during Reconstruction,Institutes for K-12 Educators,Education Programs,172969.56,History,Political History,Cultural History; Political History,2.7,16.2,3178952.8600000003,1275058.53
ES-267170-19,NA,New York Historical Society,Historical Society,NA,NA,New York,NY,New York,New York,0,36061,10024,-73.97399,40.77909,2019,"American Women, American Citizens: 1920-1948",Institutes for K-12 Educators,Education Programs,144607,History,U.S. History,U.S. History; Women's History,3.5,14.1,78116853.73,13888088.21
ES-267191-19,NA,American Civil War Museum Foundation,History Museum,NA,NA,Richmond,VA,Virginia,Richmond city,0,51760,23219,-77.44355,37.5354,2019,Emancipation and Evolving American Identity,Institutes for K-12 Educators,Education Programs,104560.54,History,U.S. History,African American History; Military History; U.S. History,3.3,19.2,3795322.18,110560.54
HT-267282-19,232186,George Mason University,Four-Year College,4,0,Fairfax,VA,Virginia,Fairfax,0,51059,22030,-77.30756,38.83542,2019,Digital Methods for Military History: An Institute for Advanced Topics in the Digital Humanities,Institutes for Advanced Topics in the Digital Humanities,Digital Humanities,73806.64,History,Military History,Military History,2.3,6,3509975.9699999997,985511.38
HT-267285-19,215293,University of Pittsburgh,Four-Year College,3,0,Pittsburgh,PA,Pennsylvania,Allegheny,1,42003,15260,-79.95595,40.44347,2019,Advanced Digital Editing: Modeling the Text and Making the Edition,Institutes for Advanced Topics in the Digital Humanities,Digital Humanities,247596,Language,Slavic Languages,Slavic Languages,4.1,10.8,5940946.359999999,683675.09
HT-267293-19,190576,"CUNY Research Foundation, Graduate School and University Center",Center For Advanced Study/Research Institute,3,0,New York,NY,New York,New York,0,36061,10016,-73.98421,40.74873,2019,Digital Humanities Research Institutes: Further Expanding Communities of Practice,Institutes for Advanced Topics in the Digital Humanities,Digital Humanities,411774,Interdisciplinary,"Interdisciplinary Studies, General","History, General; Interdisciplinary Studies, General; Literature, General",3.5,14.1,78116853.73,13888088.21
GA-268572-19,NA,American Association of Museums,Professional Association,NA,NA,Arlington,VA,Virginia,Arlington,0,51013,22202,-77.04971,38.85221,2019,NEH Scholarships for Participants Attending the AAM Annual Meetings,Cooperative Agreements and Special Projects (Public Programs),Public Programs,28350,Unspecified,NA,Public History,1.9,7.6,2852075.54,453850.54
AH-268879-19,NA,Journey Through Hallowed Ground Partnership,Four-Year College,NA,NA,Waterford,VA,Virginia,Loudoun,0,51107,20197,-77.5956,39.18442,2019,National History Academy K-12 Teachers Fellowships,Cooperative Agreements and Special Projects (Education),Education Programs,30000,History,U.S. History,American Government; Education; Military History; Political History; U.S. History,2.3,3.1,30000,30000
PB-270809-19,NA,Sing Sing Prison Museum,Museum,NA,NA,Ossining,NY,New York,Westchester,0,36119,10562,-73.86408,41.16089,2019,Sing Sing Prison Museum Collections Survey,Cooperative Agreements and Special Projects (P&A),Preservation and Access,30000,Unspecified,NA,Archival Management and Conservation; Political History; Public History; U.S. History,3.6,8.4,2797620.9,396740
CHA-264437-20,NA,"Anthology Film Archives, Inc.",Archive,NA,NA,New York,NY,New York,New York,0,36061,10009,-73.98101,40.72649,2019,Anthology Film Archives Library Project,Infrastructure and Capacity Building Challenge Grants,Challenge Programs,750000,Arts,Film History and Criticism,Film History and Criticism,3.5,14.1,78116853.73,13888088.21
FEL-267194-20,214777,Pennsylvania State University,Four-Year College,3,0,University Park,PA,Pennsylvania,Centre,1,42027,16802,-77.85432,40.80366,2019,The First Novel Specially Written for Women: An Edition and Translation of Jacopo Caviceo's Peregrino (1508),Fellowships,Research Programs,30000,Literature,Italian Literature,Italian Literature,3.3,15.9,2265848.84,498553.83999999997
FEL-267212-20,157085,University of Kentucky Research Foundation,Four-Year College,3,0,Lexington,KY,Kentucky,Fayette,0,21067,40506,-84.50654,38.03919,2019,The Aesthetic Cold War: Decolonization and Global Literature,Fellowships,Research Programs,30000,Literature,"Literature, General","African Literature; British Literature; Literature, General",3.2,15.4,1457528.43,96000
FEL-267248-20,212106,Duquesne University,University,4,0,Pittsburgh,PA,Pennsylvania,Allegheny,1,42003,15282,-79.99284,40.43697,2019,"The Professor Was a Spy: A Biography of Norman Holmes Pearson (1909-1975), American Literary Scholar",Fellowships,Research Programs,60000,History,Cultural History,American Literature; Cultural History,4.1,10.8,5940946.359999999,683675.09
FEL-267252-20,232186,George Mason University,Four-Year College,4,0,Fairfax,VA,Virginia,Fairfax,0,51059,22030,-77.30756,38.83542,2019,"Abstract Art in the Andes, 1950-1970",Fellowships,Research Programs,60000,Arts,Art History and Criticism,Art History and Criticism; Latin American Studies,2.3,6,3509975.9699999997,985511.38
FEL-267328-20,211291,Bucknell University,Four-Year College,9,0,Lewisburg,PA,Pennsylvania,Union,1,42119,17837,-76.88981,40.95478,2019,Gandhi's Ashrams: Residential Experiments for Universal Wellbeing,Fellowships,Research Programs,30000,Area Studies,South Asian Studies,Nonwestern Religion; South Asian Studies,4,12,223869,30000
FEL-267414-20,139959,University of Georgia,University,3,0,Athens,GA,Georgia,Clarke,0,13059,30602,-83.37298,33.95023,2019,Reclaiming Realism: From Documentary Film in Africa to African Documentary Film,Fellowships,Research Programs,60000,Arts,Film History and Criticism,African Studies; Film History and Criticism; French Language,3.7,25.7,1048174.2,273568.73
HB-267428-20,188429,"CUNY Research Foundation, Queens College",Four-Year College,NA,NA,Flushing,NY,New York,Queens,0,36081,11367,-73.81863,40.73745,2019,Stranger Studies: 'Gypsies' and Race-Making in the Premodern Middle East,Awards for Faculty,Research Programs,60000,History,Near and Middle Eastern History,Ethnic Studies; Near and Middle Eastern History,3.5,11,2433038.77,78698.91
FEL-267436-20,214777,Pennsylvania State University,Four-Year College,3,0,University Park,PA,Pennsylvania,Centre,1,42027,16802,-77.85432,40.80366,2019,An Inquiry into Humanist Reason,Fellowships,Research Programs,60000,Literature,Literary Criticism,Comparative Literature; Literary Criticism,3.3,15.9,2265848.84,498553.83999999997
FEL-267501-20,212674,Gettysburg College,Four-Year College,9,0,Gettysburg,PA,Pennsylvania,Adams,0,42001,17325,-77.23291,39.83371,2019,A Biography of American Author Elizabeth Stuart Phelps (1844-1911),Fellowships,Research Programs,60000,Literature,American Literature,American Literature; American Studies; Women's History,3.3,7.6,541785.0700000001,262933.54000000004
FEL-267507-20,191649,Hofstra University,University,5,0,Hempstead,NY,New York,Nassau,0,36059,11549,-73.6016,40.7178,2019,Christian Spain before the Crusades: Power and Pragmatism in Eleventh-Century Iberia,Fellowships,Research Programs,60000,History,Medieval History,European History; Medieval History; Medieval Studies,3.3,5.6,852541.01,253959
FEL-267532-20,196079,"SUNY Research Foundation, Binghamton",Two-Year College,4,0,Binghamton,NY,New York,Broome,1,36007,13902,-75.96456,42.09521,2019,"Trafficking, Travel, and Illicit Migration in the Early Twentieth-Century French Atlantic World",Fellowships,Research Programs,60000,History,Immigration History,European History; Immigration History; Women's History,4.5,17.8,600707.48,126000
FEL-267537-20,157289,University of Louisville,University,3,0,Louisville,KY,Kentucky,Jefferson,0,21111,40292,-85.76194,38.21556,2019,Paper Art and Craft: Victorian Writers and Their Materials,Fellowships,Research Programs,35000,Literature,British Literature,Art History and Criticism; British Literature; Gender Studies,3.9,14.2,918894,35000
FEL-267550-20,192448,Long Island University,University,NA,NA,Brooklyn,NY,New York,Kings,0,36047,11201,-73.98263,40.69001,2019,A Translation and Commentary of The Voronezh Notebooks by Russian Poet Osip Mandelstam (1891-1938),Fellowships,Research Programs,60000,Literature,American Literature,American Literature,4.1,17.7,7011052.99,429073.99
HB-267551-20,157058,Kentucky State University,Four-Year College,9,1,Frankfort,KY,Kentucky,Franklin,0,21073,40601,-84.85687,38.19976,2019,"Housing Discrimination in Chicago's Northern Suburbs, 1853-1966",Awards for Faculty,Research Programs,60000,History,African American History,African American History; Sociology,3.6,11.5,101000,60000
FEL-267562-20,195030,University of Rochester,University,3,0,Rochester,NY,New York,Monroe,0,36055,14627,-77.62391,43.13182,2019,An Edition and Translation of Toffeh 'Arukh (Hell Arrayed) by Oses Zacuto (1620-1697),Fellowships,Research Programs,45000,Literature,Near and Middle Eastern Literature,Jewish Studies; Literary Criticism; Near and Middle Eastern Literature,4,12.7,5554529.78,1818329.28
FEL-267576-20,139658,Emory University,Two-Year College,3,0,Atlanta,GA,Georgia,DeKalb,0,13089,30322,-84.32618,33.78858,2019,Mapping Senufo: African Art History and the Art-Historical Monograph in the Era of Digital Publication,Fellowships,Research Programs,35000,Area Studies,African Studies,African Studies; Art History and Criticism,3.6,12.9,1817120.51,302057.51
FEL-267640-20,163268,"University of Maryland, Baltimore County",University,4,0,Baltimore,MD,Maryland,Baltimore,0,24005,21250,-76.71442,39.25569,2019,"Confederate Hunger: Food and Famine in the Civil War South, 1861-1867",Fellowships,Research Programs,60000,History,U.S. History,Cultural History; U.S. History,3.5,8.9,734447.9,60000
FEL-267657-20,190150,Trustees of Columbia University in the City of New York,Center For Advanced Study/Research Institute,3,0,New York,NY,New York,New York,0,36061,10027,-73.95707,40.81771,2019,A Cultural History of Incarceration and the Prison in Greece and Rome,Fellowships,Research Programs,60000,History,Classical History,Classical History; Classical Literature; Legal History,3.5,14.1,78116853.73,13888088.21
FEL-267666-20,221999,Vanderbilt University,Four-Year College,3,0,Nashville,TN,Tennessee,Davidson,0,47037,37203,-86.80065,36.14959,2019,Everyday Salafism in an Entangled World: The Saudi Spirit of Global Exchange in the Age of Bin Baz,Fellowships,Research Programs,30000,History,Near and Middle Eastern History,"History of Religion; History, Other; Near and Middle Eastern History",2.5,12.6,3331367.6799999997,200538.55
FEL-267717-20,202134,Cleveland State University,University,4,0,Cleveland,OH,Ohio,Cuyahoga,0,39035,44115,-81.67539,41.50174,2019,"Moses Jacob Ezekiel (1844-1917): The Life of a Confederate, Expatriate, Jewish Sculptor",Fellowships,Research Programs,60000,Arts,Art History and Criticism,American Studies; Art History and Criticism; Jewish Studies,4.2,16.2,1340039.36,89372.05
FEL-267727-20,162928,Johns Hopkins University,Publishing,3,0,Baltimore,MD,Maryland,Baltimore city,0,24510,21218,-76.61787,39.33085,2019,"A Biography of James D. Watson (b. 1928), American Molecular Biologist and Geneticist",Fellowships,Research Programs,60000,History,History of Science,Cultural History; History of Science; U.S. History,4.8,20.4,3788310,274926
FEL-267748-20,233921,Virginia Polytechnic Institute and State University,University,3,0,Blacksburg,VA,Virginia,Montgomery,1,51121,24061,-80.4191,37.22859,2019,A World at Court: Nested Legality and French Empire across the Indian Ocean,Fellowships,Research Programs,60000,History,European History,European History; Legal History; South Asian History,2.8,20.5,1218224.98,406267.88
FEL-267749-20,NA,NA,Individual,NA,NA,Slaterville Springs,NY,New York,Tompkins,1,36109,14881,-76.38036,42.42537,2019,"A Literary Biography of Katharine S. White (1892-1977), Editor of The New Yorker",Fellowships,Research Programs,60000,Literature,American Literature,American Literature; Women's History,3.5,16.9,2959805.7,318881.98
FEL-267760-20,162928,Johns Hopkins University,Publishing,3,0,Baltimore,MD,Maryland,Baltimore city,0,24510,21218,-76.61787,39.33085,2019,"An Intellectual Biography of the American Economy, 1896-2008",Fellowships,Research Programs,60000,History,U.S. History,"History, General; Interdisciplinary Studies, General; U.S. History",4.8,20.4,3788310,274926
FEL-267784-20,190150,Trustees of Columbia University in the City of New York,Center For Advanced Study/Research Institute,3,0,New York,NY,New York,New York,0,36061,10027,-73.95707,40.81771,2019,A Translation and Commentary of The Voronezh Notebooks by Russian Poet Osip Mandelstam (1891-1938),Fellowships,Research Programs,60000,Literature,Russian Literature,Russian History; Russian Literature; Slavic Languages,3.5,14.1,78116853.73,13888088.21
HB-267880-20,190558,"CUNY Research Foundation, College of Staten Island",Four-Year College,6,0,Staten Island,NY,New York,Richmond,0,36085,10314,-74.15771,40.60789,2019,"Becoming Iberians, Becoming Sephardis: Spanish and Portuguese Citizenship Laws for Sephardi Descendants in the Americas",Awards for Faculty,Research Programs,15000,Area Studies,Jewish Studies,Jewish Studies; Latin American Studies; U.S. Regional Studies,3.9,9.1,167145,55000
FEL-267927-20,162928,Johns Hopkins University,Publishing,3,0,Baltimore,MD,Maryland,Baltimore city,0,24510,21218,-76.61787,39.33085,2019,"Fragments of Devotion: Relics, Remembrance and Material History in the Aftermath of the Fourth Crusade",Fellowships,Research Programs,55000,History,Medieval History,Art History and Criticism; History of Religion; Medieval History,4.8,20.4,3788310,274926
FEL-267928-20,191241,Fordham University,Publishing,4,0,Bronx,NY,New York,Bronx,0,36005,10458,-73.88788,40.86011,2019,The Lost Patriarchs Project: Recovering the Greek Fathers in the Medieval Latin Tradition,Fellowships,Research Programs,60000,History,Medieval History,Classical Languages; History of Religion; Medieval History,5.4,26.2,1261876.04,120000
HB-268177-20,190655,"CUNY Research Foundation, NYC College of Technology",Two-Year College,9,0,Brooklyn,NY,New York,Kings,0,36047,11201,-73.98721,40.69639,2019,"Poetry & Politics: Audre Lorde, Adrienne Rich and the Women's Liberation Movement",Awards for Faculty,Research Programs,60000,Social Science,Gender Studies,"American Literature; Gender Studies; History, Criticism, and Theory of the Arts",4.1,17.7,7011052.99,429073.99
HB-268364-20,190567,"CUNY Research Foundation, City College",Four-Year College,6,0,New York,NY,New York,New York,0,36061,10031,-73.95096,40.81846,2019,"Inland Trade in Central East Africa, ca. 1st-17th Centuries",Awards for Faculty,Research Programs,60000,History,African History,African History; African Studies; Cultural History,3.5,14.1,78116853.73,13888088.21
FEL-268372-20,102094,University of South Alabama,University,4,0,Mobile,AL,Alabama,Mobile,0,01097,36688,-88.17413,30.69655,2019,Forensic Medicine in Nineteenth-Century France,Fellowships,Research Programs,60000,History,European History,European History,3.9,17.7,977783,60000
FEL-268433-20,199847,Wake Forest University,University,4,0,Winston-Salem,NC,North Carolina,Forsyth,1,37067,27109,-80.27798,36.13612,2019,Translating India: Mughal Art and French Knowledge Production in the Eighteenth Century,Fellowships,Research Programs,60000,Arts,Art History and Criticism,Art History and Criticism; South Asian Studies,3.7,15.2,676597,60000
FEL-268467-20,191241,Fordham University,Publishing,4,0,Bronx,NY,New York,Bronx,0,36005,10458,-73.88788,40.86011,2019,Brazilian Atlantic: Archives and Stories of Illegal Slavery,Fellowships,Research Programs,60000,History,Latin American History,"African History; Interdisciplinary Studies, Other; Latin American History",5.4,26.2,1261876.04,120000
FEL-268510-20,234207,Washington and Lee University,Four-Year College,9,0,Lexington,VA,Virginia,Lexington city,0,51678,24450,-79.4449,37.78705,2019,"Hindu Law and the Brahmin Class on the Peripheries of India, 300 BCE - 1000 CE",Fellowships,Research Programs,60000,History,History of Religion,History of Religion; South Asian History,4.7,22.9,121959,109959
FO-268629-20,214777,Pennsylvania State University,Four-Year College,3,0,University Park,PA,Pennsylvania,Centre,1,42027,16802,-77.85432,40.80366,2019,Nuclear Minds: Cold War Psychological Science and Hiroshima,Fellowships for Advanced Social Science Research on Japan,Research Programs,60000,History,East Asian History,Cultural History; East Asian History; History of Science,3.3,15.9,2265848.84,498553.83999999997
FO-268646-20,190567,"CUNY Research Foundation, City College",Four-Year College,6,0,New York,NY,New York,New York,0,36061,10031,-73.95096,40.81846,2019,"Gateway Imperialism: Colonial Taiwan and Japanese Expansion into South China and Southeast Asia, 1895–1945",Fellowships for Advanced Social Science Research on Japan,Research Programs,60000,History,East Asian History,East Asian History; East Asian Studies,3.5,14.1,78116853.73,13888088.21
FO-268654-20,215293,University of Pittsburgh,Four-Year College,3,0,Pittsburgh,PA,Pennsylvania,Allegheny,1,42003,15260,-79.95595,40.44347,2019,The Typewriter and the History of Writing Technologies in Japan,Fellowships for Advanced Social Science Research on Japan,Research Programs,60000,History,East Asian History,"East Asian History; History, General; Media Studies",4.1,10.8,5940946.359999999,683675.09
SO-268695-20,NA,Humanities New York,National Organization,NA,NA,New York,NY,New York,New York,0,36061,10038,-74.01036,40.70921,2019,State Humanities Program,State Humanities Councils General Operating Support Grants,Federal/State Partnership,6467969,Interdisciplinary,"Interdisciplinary Studies, Other","Interdisciplinary Studies, Other",3.5,14.1,78116853.73,13888088.21
PE-268736-20,196130,"SUNY Research Foundation, Buffalo State College",Center For Advanced Study/Research Institute,6,0,Buffalo,NY,New York,Erie,0,36029,14222,-78.8771,42.93334,2019,Fellowships for Graduate Students in the Conservation of Cultural Heritage for the 2020-2022 Period at Buffalo State College’s Patricia H. and Richard E. Garman Art Conservation Department,Preservation and Access Education and Training,Preservation and Access,349999.58,Arts,"Arts, Other","Arts, Other",4.1,13.3,3031666.7,892138.5800000001
CHA-268747-20,NA,Taft Museum of Art,Museum,NA,NA,Cincinnati,OH,Ohio,Hamilton,0,39061,45202,-84.50301,39.10175,2019,Bicentennial Love This House Capital Campaign,Infrastructure and Capacity Building Challenge Grants,Challenge Programs,750000,Arts,Art History and Criticism,Architecture; Art History and Criticism,3.8,14.6,2003700,756000
CHA-268766-21,NA,Buffalo Fine Arts Academy,Art Museum,NA,NA,Buffalo,NY,New York,Erie,0,36029,14222,-78.87687,42.93198,2019,Renovation of Albright-Knox Art Gallery Historic 1905 Building,Infrastructure and Capacity Building Challenge Grants,Challenge Programs,475000,Arts,"Arts, General","Arts, General",4.1,13.3,3031666.7,892138.5800000001
PR-268783-20,195003,Rochester Institute of Technology,Four-Year College,6,0,Rochester,NY,New York,Monroe,0,36055,14623,-77.6748,43.09218,2019,Low-Cost End-to-End Spectral Imaging System for Historical Document Discovery,Research and Development,Preservation and Access,347680,Interdisciplinary,"Interdisciplinary Studies, General","Interdisciplinary Studies, General",4,12.7,5554529.78,1818329.28
CHA-268791-20,NA,Eastern Shore Public Library Foundation,Philanthropic Foundation,NA,NA,Accomac,VA,Virginia,Accomack,0,51001,23301,-75.67194,37.70084,2019,Humanities in Service to our Community,Infrastructure and Capacity Building Challenge Grants,Challenge Programs,500000,History,Cultural History,African American History; Cultural History,3.5,16.4,506000,500000
CHA-268835-22,NA,New York Historical Society,Historical Society,NA,NA,New York,NY,New York,New York,0,36061,10024,-73.97399,40.77909,2019,Securing New-York Historical's Future: Historic Building Renovation Project,Infrastructure and Capacity Building Challenge Grants,Challenge Programs,750000,History,"History, General","History, General",3.5,14.1,78116853.73,13888088.21
CHA-268843-20,175810,Holmes Community College,Two-Year College,1,0,Goodman,MS,Mississippi,Holmes,0,28051,39079,-89.91212,32.96901,2019,McMorrough Library Renovation Project for Cultivating the Humanities,Infrastructure and Capacity Building Challenge Grants,Challenge Programs,201541,Interdisciplinary,"Interdisciplinary Studies, General","Interdisciplinary Studies, General",10.3,33.8,201541,201541
CHA-268844-21,NA,New York Public Radio,Radio Station,NA,NA,New York,NY,New York,New York,0,36061,10013,-74.00553,40.7265,2019,Preservation and Digitization of the New York Public Radio Archives,Infrastructure and Capacity Building Challenge Grants,Challenge Programs,750000,Humanities,Journalism,"Arts, General; Journalism; Political Science, General",3.5,14.1,78116853.73,13888088.21
MN-268882-20,NA,"ETV Endowment of South Carolina, Inc.",Philanthropic Foundation,NA,NA,Spartanburg,SC,South Carolina,Spartanburg,1,45083,29302,-81.92162,34.94945,2019,Reconstruction 360 Production Grant,Digital Projects for the Public: Production Grants,Public Programs,296257,Area Studies,African American Studies,African American Studies,2.5,12.9,314170.9,296257
MN-268896-20,232186,George Mason University,Four-Year College,4,0,Fairfax,VA,Virginia,Fairfax,0,51059,22030,-77.30756,38.83542,2019,Hearing the Americas,Digital Projects for the Public: Production Grants,Public Programs,171027.74,History,U.S. History,U.S. History,2.3,6,3509975.9699999997,985511.38
MT-268897-20,NA,Historic Hudson Valley,Historical Site/House,NA,NA,Tarrytown,NY,New York,Westchester,0,36119,10591,-73.82421,41.10316,2019,Cuffee's Trial: A Digital Graphic History,Digital Projects for the Public: Prototyping Grants,Public Programs,100000,History,U.S. History,African American Studies; U.S. History,3.6,8.4,2797620.9,396740
MN-268921-20,203517,Kent State University,Four-Year College,4,0,Kent,OH,Ohio,Portage,0,39133,44242,-81.3513,41.15366,2019,Social Engagement in Layers of History: Instant Creation of Universal Access to Humanities Content,Digital Projects for the Public: Production Grants,Public Programs,165160.91,History,U.S. History,Communications; Political History; U.S. History,4.3,11.9,528346.72,350488.72
HAA-269004-20,193900,New York University,Publishing,3,0,New York,NY,New York,New York,0,36061,10012,-73.99706,40.7299,2019,Shanati: Reconstructing the Daily Ancient Babylonian Chronology in Synchronization with the Proleptic Julian Calendar,Digital Humanities Advancement Grants,Digital Humanities,99761,History,Near and Middle Eastern History,Ancient History; Near and Middle Eastern History,3.5,14.1,78116853.73,13888088.21
HAA-269013-20,198419,Duke University,Publishing,3,0,Durham,NC,North Carolina,Durham,0,37063,27705,-78.92459,36.00683,2019,The Sandcastle Workflow: A Malleable System for Visualizing Pre-modern Maps and Views,Digital Humanities Advancement Grants,Digital Humanities,99339,Interdisciplinary,"Interdisciplinary Studies, Other","History, Criticism, and Theory of the Arts; Interdisciplinary Studies, Other",3.4,14,4368610,1161542
HAA-269019-20,237525,Marshall University Research Corporation,University,6,0,Huntington,WV,West Virginia,Cabell,1,54011,25701,-82.44061,38.42134,2019,Accessibility in Digital Humanities: Making Clio Available to All,Digital Humanities Advancement Grants,Digital Humanities,128559,History,"History, General","History, General; Interdisciplinary Studies, General; Public History",4.2,18.5,659957,128559
HAA-269020-20,139755,Georgia Tech Research Corporation,Center For Advanced Study/Research Institute,3,0,Atlanta,GA,Georgia,Fulton,0,13121,30318,-84.40002,33.78076,2019,"Hidden Histories: Digitally Processing, Analyzing, and Visualizing Large Archives in Omeka",Digital Humanities Advancement Grants,Digital Humanities,99573.43,Interdisciplinary,"Interdisciplinary Studies, General","Interdisciplinary Studies, General",3.6,13.8,2230578.12,449381.43
HAA-269068-20,163286,"University of Maryland, College Park",University,3,0,College Park,MD,Maryland,Prince George's,0,24033,20742,-76.95018,38.9975,2019,Advancing Community Digital Collections through Minimal Computing: The Lakeland Digital Archive,Digital Humanities Advancement Grants,Digital Humanities,98906,Interdisciplinary,"Interdisciplinary Studies, Other","Interdisciplinary Studies, Other",3.5,8.7,4393763.9399999995,820321.44
AB-269178-20,102377,Tuskegee University,Four-Year College,9,1,Tuskegee,AL,Alabama,Macon,1,01087,36088,-85.70886,32.42864,2019,Making an Institute: Tuskegee University Virtual Campus Tour,Humanities Initiatives at Historically Black Colleges and Universities,Education Programs,71765.4,History,U.S. History,African American History; Architecture; U.S. History,4.5,29.3,170516.16999999998,71765.4
AE-269210-20,161767,Anne Arundel Community College,Two-Year College,1,0,Arnold,MD,Maryland,Anne Arundel,0,24003,21012,-76.50508,39.05111,2019,Bridge to the Liberal Arts through Primary Source Texts (BLAST),Humanities Initiatives at Community Colleges,Education Programs,94337.87,Area Studies,American Studies,"American Studies; Philosophy, General; Political Theory",2.9,5.8,179837.87,124337.87
PW-269262-20,NA,Frick Collection,Museum,NA,NA,New York,NY,New York,New York,0,36061,10021,-73.96772,40.77114,2020,Completion of Frick Art Reference Library Photoarchive Digitization,Humanities Collections and Reference Resources,Preservation and Access,350000,Arts,Art History and Criticism,Art History and Criticism,9.5,16.3,78116853.73,14055196.65
PW-269333-20,NA,"Treasury of Lives, Inc.",Publishing,NA,NA,New York,NY,New York,New York,0,36061,10011,-73.99269,40.73822,2020,"Transformation and Growth of The Treasury of Lives Encyclopedia: Creating Access to the People and Places of Tibet, Inner Asia and the Himalayan Region",Humanities Collections and Reference Resources,Preservation and Access,349475,Area Studies,Area Studies,Area Studies; East Asian Studies; Nonwestern Religion,9.5,16.3,78116853.73,14055196.65
PW-269343-20,NA,New York State Archives Partnership Trust,State Department of Education,NA,NA,Albany,NY,New York,Albany,0,36001,12230,-73.97081,42.61485,2020,A Statewide Inventory of Urban Renewal Records,Humanities Collections and Reference Resources,Preservation and Access,52029,History,U.S. History,U.S. History,6.9,11.3,1483153.6,333406.36
PW-269355-20,NA,Historical Society of Pennsylvania,Historical Society,NA,NA,Philadelphia,PA,Pennsylvania,Philadelphia,0,42101,19107,-75.16238,39.94784,2020,Improving Access to Women's  History Collections at HSP,Humanities Collections and Reference Resources,Preservation and Access,124266,History,Women's History,U.S. History; Women's History,12.2,19.4,14436056.34,2799025.66
PW-269391-20,176372,University of Southern Mississippi,University,4,0,Hattiesburg,MS,Mississippi,Forrest,0,28035,39406,-89.33298,31.32796,2020,Civil War Governors of Mississippi Digital Documentary Edition,Humanities Collections and Reference Resources,Preservation and Access,345258,History,U.S. History,American Government; Military History; U.S. History,8,24.9,351258,345258
PW-269393-20,NA,Rector and Visitors of the University of Virginia,Publishing,NA,NA,Charlottesville,VA,Virginia,Charlottesville city,0,51540,22903,-78.50208,38.05021,2020,Virginia Emigrants to Liberia Project,Humanities Collections and Reference Resources,Preservation and Access,126527,History,African American History,African American History; African American Studies; U.S. History,6.7,15.8,5667497.82,1134527
PW-269407-20,NA,Green-Wood Historic Fund Inc.,Historical Society,NA,NA,Brooklyn,NY,New York,Kings,0,36047,11232,-73.9961,40.6592,2020,Providing Access to the Unexpectedly Rich Records of Brooklyn’s Green-Wood Cemetery,Humanities Collections and Reference Resources,Preservation and Access,144940,Social Science,"Social Sciences, General","History, General; Social Sciences, General",12.5,17.8,7011052.99,1093678
PW-269423-20,232186,George Mason University,Four-Year College,4,0,Fairfax,VA,Virginia,Fairfax,0,51059,22030,-77.30756,38.83542,2020,Preserving the Legacy of James M. Buchanan,Humanities Collections and Reference Resources,Preservation and Access,334720,Area Studies,American Studies,American Studies,6,5.3,3509975.9699999997,741003
PW-269432-20,NA,Young Men & Young Women's Hebrew Association,Non-Profit Educational Center,NA,NA,New York,NY,New York,New York,0,36061,10128,-73.95285,40.78306,2020,Preservation of and Increased Access to the 92nd Street Y Humanities Audio Archives,Humanities Collections and Reference Resources,Preservation and Access,350000,Interdisciplinary,"Interdisciplinary Studies, General","Arts, General; Interdisciplinary Studies, General; Jewish Studies",9.5,16.3,78116853.73,14055196.65
TT-269533-20,NA,"Georgia Trust for Historic Preservation, Inc.",Historical Society,NA,NA,Atlanta,GA,Georgia,Fulton,0,13121,30309,-84.38788,33.79588,2020,Historic Rural Churches of Georgia's Saving Grace Documentary Series,Short Documentaries,Public Programs,49414,History,"History, General","History, General",7.9,13,2230578.12,343360
FT-269538-20,213543,Lehigh University,University,4,0,Bethlehem,PA,Pennsylvania,Northampton,0,42095,18015,-75.37849,40.60733,2020,Justice in Plato's Republic: The Lessons of Book 1,Summer Stipends,Research Programs,6000,History,History of Philosophy,Ethics; History of Philosophy; Political Theory,8.7,7.6,1295725.72,177742
GE-269635-20,NA,Museum of Arts and Design,Museum,NA,NA,New York,NY,New York,New York,0,36061,10019,-73.97835,40.76158,2020,"Exhibition Planning Project: Museum of Arts and Design, Materials that Make a Difference",Exhibitions: Planning,Public Programs,36385,Arts,Art History and Criticism,Art History and Criticism,9.5,16.3,78116853.73,14055196.65
BP-269670-20,NA,Carpenters Company of City and County of Philadelphia,University,NA,NA,Philadelphia,PA,Pennsylvania,Philadelphia,0,42101,19106,-75.14724,39.9487,2020,Planning a New Exhibition for Carpenters’ Hall,Historic Places: Planning,Public Programs,40000,History,U.S. History,U.S. History,12.2,19.4,14436056.34,2799025.66
GE-269695-20,NA,Corning Museum of Glass,General Museum,NA,NA,Corning,NY,New York,Steuben,1,36101,14830,-77.05381,42.14865,2020,Re-imagining 35 Centuries of Glass,Exhibitions: Planning,Public Programs,75000,Arts,"Arts, General","Arts, General; Interdisciplinary Studies, General; Social Sciences, General",7.9,12.1,75000,75000
BP-269699-20,NA,"Thomas Jefferson Foundation, Inc.",Historical Site/House,NA,NA,Charlottesville,VA,Virginia,Charlottesville city,0,51540,22902,-78.49146,38.02405,2020,New Interpretative Plan for Monticello,Historic Places: Planning,Public Programs,75000,History,Public History,Public History,6.7,15.8,5667497.82,1134527
GI-269711-20,217882,Clemson University,University,4,0,Clemson,SC,South Carolina,Pickens,1,45077,29634,-82.82688,34.68163,2020,Call My Name: The Black Experience in the South Carolina Upstate from Enslavement to Desegregation,Exhibitions: Implementation,Public Programs,400000,History,African American History,African American History; Public History,5.1,15.3,985048.5,436000
GI-269725-20,NA,Museum of the American Revolution,Non-Profit Educational Center,NA,NA,Philadelphia,PA,Pennsylvania,Philadelphia,0,42101,19106,-75.14608,39.94784,2020,"When Women Lost the Vote: A Revolutionary Story, 1776-1807",Exhibitions: Implementation,Public Programs,100000,History,Women's History,U.S. History; Women's History,12.2,19.4,14436056.34,2799025.66
TT-269738-20,NA,"Rattapallax, Inc.",Arts-Related Organization,NA,NA,New York,NY,New York,New York,0,36061,10012,-73.99924,40.7291,2020,Ginsberg's Karma,Short Documentaries,Public Programs,60000,Literature,"Literature, General","Literature, General; Religion, General; South Asian History",9.5,16.3,78116853.73,14055196.65
GE-269740-20,NA,Brooklyn Institute of Arts and Sciences,Art Museum,NA,NA,Brooklyn,NY,New York,Kings,0,36047,11238,-73.96335,40.6717,2020,Brooklyn Museum: Katsinam: Spirits of the Hopi World,Exhibitions: Planning,Public Programs,75000,Arts,"Arts, General","American Studies; Arts, General",12.5,17.8,7011052.99,1093678
GI-269765-20,NA,Asia Society,Non-Profit Educational Center,NA,NA,New York,NY,New York,New York,0,36061,10065,-73.96702,40.76572,2020,Comparative Hell: Asian Religious Traditions and Depictions of the Afterlife,Exhibitions: Implementation,Public Programs,400000,Arts,"History, Criticism, and Theory of the Arts","Arts, General; Comparative Religion; History, Criticism, and Theory of the Arts",9.5,16.3,78116853.73,14055196.65
TR-269766-20,NA,WNET,University,NA,NA,New York,NY,New York,New York,0,36061,10019,-73.98644,40.76202,2020,American Masters: Marian Anderson: The Whole World in Her Hands,Media Projects Production,Public Programs,650000,History,African American History,African American History; African American Studies; Music History and Criticism,9.5,16.3,78116853.73,14055196.65
RA-269813-20,NA,New York Public Library,Public Library,NA,NA,New York,NY,New York,New York,0,36061,10016,-73.98192,40.75188,2020,Long-Term Research Fellowships at The New York Public Library's Stephen A. Schwarzman Building,Fellowship Programs at Independent Research Institutions,Research Programs,288000,Interdisciplinary,"Interdisciplinary Studies, General","Interdisciplinary Studies, General",9.5,16.3,78116853.73,14055196.65
RA-269814-20,NA,American Academy in Rome,Center For Advanced Study/Research Institute,NA,NA,New York,NY,New York,New York,0,36061,10021,-73.96719,40.77009,2020,Long-Term Research Fellowships at the American Academy in Rome,Fellowship Programs at Independent Research Institutions,Research Programs,255000,History,"History, General","History, Criticism, and Theory of the Arts; History, General; Interdisciplinary Studies, General",9.5,16.3,78116853.73,14055196.65
RA-269821-20,NA,Omohundro Institute of Early American History and Culture,Center For Advanced Study/Research Institute,NA,NA,Williamsburg,VA,Virginia,Williamsburg city,0,51830,23187,-76.70769,37.27542,2020,Long-Term Research Fellowships at the Omohundro Institute of Early American History and Culture,Fellowship Programs at Independent Research Institutions,Research Programs,285000,History,"History, General","History, General",8.4,16.8,1988346.08,617125
RA-269824-20,NA,Center for Jewish History,Center For Advanced Study/Research Institute,NA,NA,New York,NY,New York,New York,0,36061,10011,-73.99332,40.73771,2020,Long-Term Research Fellowships for Senior Scholars at the Center for Jewish History,Fellowship Programs at Independent Research Institutions,Research Programs,62530,Area Studies,Jewish Studies,"History, General; Jewish Studies",9.5,16.3,78116853.73,14055196.65
RA-269825-20,NA,New York Historical Society,Historical Society,NA,NA,New York,NY,New York,New York,0,36061,10024,-73.97399,40.77909,2020,Long-term Research Fellowships at the New-York Historical Society,Fellowship Programs at Independent Research Institutions,Research Programs,55000,History,"History, General","History, General",9.5,16.3,78116853.73,14055196.65
RA-269826-20,NA,Philadelphia Area Center for History of Science,Center For Advanced Study/Research Institute,NA,NA,Philadelphia,PA,Pennsylvania,Philadelphia,0,42101,19106,-75.14868,39.94906,2020,"Long-Term Research Fellowships at the Consortium for History of  Science, Technology & Medicine",Fellowship Programs at Independent Research Institutions,Research Programs,125400,History,History of Science,"History and Philosophy of Science, Technology, and Medicine; History of Science",12.2,19.4,14436056.34,2799025.66
FT-269846-20,193900,New York University,Publishing,3,0,New York,NY,New York,New York,0,36061,10012,-73.99706,40.7299,2020,The Problem of Immigration in a Slaveholding Republic: Policing Mobility in the Nineteenth-Century United States,Summer Stipends,Research Programs,6000,History,U.S. History,U.S. History,9.5,16.3,78116853.73,14055196.65
FT-269862-20,199193,North Carolina State University,University,3,0,Raleigh,NC,North Carolina,Wake,0,37183,27695,-78.62526,35.79769,2020,"Measurement and Technological Inscription in the Psychology of Emotions, 1850 to the Present",Summer Stipends,Research Programs,6000,Arts,Media Studies,"History and Philosophy of Science, Technology, and Medicine; Media Studies",6.3,7.4,1354074.6,162000
FT-269883-20,204024,"Miami University, Oxford",Center For Advanced Study/Research Institute,4,0,Oxford,OH,Ohio,Butler,0,39017,45056,-84.73473,39.51029,2020,Racing the Great White Way: A Counter History of Early 20th-Century Broadway,Summer Stipends,Research Programs,6000,Arts,Theater History and Criticism,African American History; American Studies; Theater History and Criticism,7.3,10.1,1756194.8,303211
AH-269887-20,NA,"National History Day, Inc.",Non-Profit Educational Center,NA,NA,College Park,MD,Maryland,Prince George's,0,24033,20740,-76.92891,38.99635,2019,A More Perfect Union: A Semiquincentennial Cooperative Agreement,Cooperative Agreements and Special Projects (Education),Education Programs,450461,Unspecified,NA,NA,3.5,8.7,4393763.9399999995,820321.44
FT-269893-20,214777,Pennsylvania State University,Four-Year College,3,0,University Park,PA,Pennsylvania,Centre,1,42027,16802,-77.85432,40.80366,2020,"Influenza, War, and Religion in Rural Europe, 1918-1920",Summer Stipends,Research Programs,6000,History,European History,Cultural History; European History; History of Science,5.7,12.9,2265848.84,114487
FT-269903-20,196088,"SUNY Research Foundation, University at Buffalo",University,3,0,Amherst,NY,New York,Erie,0,36029,14228,-78.7855,43.00266,2020,"Unforgetting the Korean War: Cultural Representation and Memory, 1950-2017",Summer Stipends,Research Programs,6000,Area Studies,American Studies,American Studies; East Asian Studies; Ethnic Studies,9.2,13.2,3031666.7,658977
FT-269921-20,102094,University of South Alabama,University,4,0,Mobile,AL,Alabama,Mobile,0,01097,36688,-88.17413,30.69655,2020,Beer Cities: How Craft Brewing Remade Urban America,Summer Stipends,Research Programs,6000,History,U.S. History,U.S. History; Urban History; Urban Studies,8.5,17.6,977783,270224
FT-269950-20,198464,East Carolina University,University,5,0,Greenville,NC,North Carolina,Pitt,0,37147,27858,-77.36389,35.58604,2020,"The Boswell Club of Chicago, 1942-1972",Summer Stipends,Research Programs,6000,Literature,British Literature,British Literature,6.7,17.1,511535.98,189903
AKA-270024-20,176017,University of Mississippi,Center For Advanced Study/Research Institute,4,0,University,MS,Mississippi,Lafayette,0,28071,38677,-89.5352,34.36633,2020,Environmental Literacy and Engagement in North Mississippi,Humanities Connections Planning Grants,Education Programs,26704.45,Interdisciplinary,"Interdisciplinary Studies, Other","Interdisciplinary Studies, Other",6,17.6,93204.45,69204.45
AKA-270043-20,195030,University of Rochester,University,3,0,Rochester,NY,New York,Monroe,0,36055,14627,-77.62391,43.13182,2020,The Humanities and the Study of the Future: Creating a Minor in Futures Studies,Humanities Connections Planning Grants,Education Programs,25768.13,Interdisciplinary,"Interdisciplinary Studies, Other","Comparative Literature; Interdisciplinary Studies, Other",8.2,13.9,5554529.78,1192373.21
FT-270065-20,204024,"Miami University, Oxford",Center For Advanced Study/Research Institute,4,0,Oxford,OH,Ohio,Butler,0,39017,45056,-84.73473,39.51029,2020,Patriarch Tikhon Bellavin and the Orthodox Church in Revolutionary Russia,Summer Stipends,Research Programs,6000,History,Russian History,History of Religion; Russian History,7.3,10.1,1756194.8,303211
AKA-270097-20,221999,Vanderbilt University,Four-Year College,3,0,Nashville,TN,Tennessee,Davidson,0,47037,37203,-86.80065,36.14959,2020,Building Scientist Citizens: Integrating the Humanities in the Communication of Science and Technology,Humanities Connections Planning Grants,Education Programs,33375,Literature,Composition and Rhetoric,Communications; Composition and Rhetoric,8.2,12.8,3331367.6799999997,781250.13
FT-270119-20,196264,"SUNY Research Foundation, Empire State College",Four-Year College,7,0,Saratoga Springs,NY,New York,Saratoga,0,36091,12866,-73.78199,43.07777,2020,The Politics of Humor during the Interwar Period: New York Women of Wit,Summer Stipends,Research Programs,6000,Literature,American Literature,American Literature,6.4,6.3,166506.55,6000
AKA-270131-20,163851,Salisbury University,Four-Year College,6,0,Salisbury,MD,Maryland,Wicomico,0,24045,21801,-75.60743,38.34953,2020,R.E.A.C.H. Initiative: Integrating Community and Curricular Ethics,Humanities Connections Planning Grants,Education Programs,32313.72,Humanities,Ethics,"Ethics; Interdisciplinary Studies, General; Psychology",7.2,14.2,189613.93,32313.72
FT-270170-20,217882,Clemson University,University,4,0,Clemson,SC,South Carolina,Pickens,1,45077,29634,-82.82688,34.68163,2020,"Shakespeare and the American Middlebrow: Reading Publics, 1878-Present",Summer Stipends,Research Programs,6000,Literature,British Literature,American Studies; British Literature,5.1,15.3,985048.5,436000
FT-270182-20,199193,North Carolina State University,University,3,0,Raleigh,NC,North Carolina,Wake,0,37183,27695,-78.62526,35.79769,2020,"Jerusalem’s Fall and England’s Rise: Josephan History, the Prose Brut, and the Framing of a Medieval English Nation",Summer Stipends,Research Programs,6000,History,Medieval Studies,British Literature; Medieval Studies,6.3,7.4,1354074.6,162000
AKA-270192-20,214069,Misericordia University,University,7,0,Dallas,PA,Pennsylvania,Luzerne,1,42079,18612,-75.98035,41.34912,2020,Environmental Humanities Curriculum,Humanities Connections Planning Grants,Education Programs,33964,Interdisciplinary,"Interdisciplinary Studies, General","History, General; Interdisciplinary Studies, General; Philosophy, General",10.7,15.1,429720,320377
AKB-270197-20,202480,University of Dayton,University,4,0,Dayton,OH,Ohio,Montgomery,0,39113,45469,-84.18019,39.74033,2020,"Paul Laurence Dunbar: Life, Works, and Legacy",Humanities Connections Implementation Grants,Education Programs,84557,History,African American History,"African American History; Interdisciplinary Studies, General; U.S. History",8.7,14.7,326336,256336
AKB-270212-20,221999,Vanderbilt University,Four-Year College,3,0,Nashville,TN,Tennessee,Davidson,0,47037,37203,-86.80065,36.14959,2020,"An Experiential, Place-Based Curriculum for Historic Preservation and Humanities-Centered Land Use",Humanities Connections Implementation Grants,Education Programs,74228.13,History,Public History,Archaeology; Public History,8.2,12.8,3331367.6799999997,781250.13
FT-270255-20,216339,Temple University,University,4,0,Philadelphia,PA,Pennsylvania,Philadelphia,0,42101,19122,-75.15747,39.98021,2020,Lost on the Freedom Trail: The National Park Service and Urban Renewal in Postwar Boston,Summer Stipends,Research Programs,6000,History,U.S. History,U.S. History,12.2,19.4,14436056.34,2799025.66
FT-270257-20,195809,"St. John's University, New York",Four-Year College,5,0,Queens,NY,New York,Queens,0,36081,11439,-73.79297,40.72167,2020,"Imagining Disaster: Insurance, Citizenship, and Financial Futures in Modern France",Summer Stipends,Research Programs,6000,History,European History,Economic History; European History,12.4,10.3,2433038.77,804839
FT-270276-20,188429,"CUNY Research Foundation, Queens College",Four-Year College,NA,NA,Flushing,NY,New York,Queens,0,36081,11367,-73.81863,40.73745,2020,"Heydrich's Shadow: The History, Memory, and Meaning of an Assassination",Summer Stipends,Research Programs,6000,History,European History,European History,12.4,10.3,2433038.77,804839
FT-270278-20,201885,University of Cincinnati,University,3,0,Cincinnati,OH,Ohio,Hamilton,0,39061,45220,-84.52053,39.12967,2020,"Disability, Jewishness, and Belonging: A History of the Camphill Special School Movement in Postwar Britain and America",Summer Stipends,Research Programs,6000,History,European History,European History; Jewish Studies,7.9,12.7,2003700,6000
FT-270336-20,NA,Rector and Visitors of the University of Virginia,Publishing,NA,NA,Charlottesville,VA,Virginia,Charlottesville city,0,51540,22903,-78.50208,38.05021,2020,"The Business of Property: Levantine Joint-stock Companies, Land, Law, and Capitalist Development Around the Mediterranean, 1850-1925",Summer Stipends,Research Programs,6000,History,Near and Middle Eastern History,Near and Middle Eastern History,6.7,15.8,5667497.82,1134527
FT-270342-20,192323,Le Moyne College,Four-Year College,6,0,Syracuse,NY,New York,Onondaga,0,36067,13214,-76.07989,43.05234,2020,"The Ally: Thomas Wentworth Higginson, Boston Brahmin, Radical Minister, Labor Agitator, Vigilance Committee Activist, Kansas Jayhawker, Secret Six Conspirator, Feminist Essayist, Warrior, Socialist",Summer Stipends,Research Programs,6000,History,U.S. History,American Literature; American Studies; U.S. History,8,12.8,546098.95,12000
FT-270343-20,190594,"CUNY Research Foundation, Hunter College",Four-Year College,6,0,New York,NY,New York,New York,0,36061,10065,-73.96524,40.76899,2020,Contraband Russian Literature and the Cold War (1956-1991),Summer Stipends,Research Programs,6000,Literature,Russian Literature,"Political Science, Other; Russian History; Russian Literature",9.5,16.3,78116853.73,14055196.65
FT-270345-20,192323,Le Moyne College,Four-Year College,6,0,Syracuse,NY,New York,Onondaga,0,36067,13214,-76.07989,43.05234,2020,A Biography of Sally Hemings (1773-1835): Given Her Time,Summer Stipends,Research Programs,6000,History,U.S. History,African American History; U.S. History; Women's History,8,12.8,546098.95,12000
FT-270357-20,191241,Fordham University,Publishing,4,0,Bronx,NY,New York,Bronx,0,36005,10458,-73.88788,40.86011,2020,Pequod on the Seine: Translating Melville in War and Peace,Summer Stipends,Research Programs,6000,Literature,American Literature,American Literature; Comparative Literature,16,24.4,1261876.04,35999.7
FT-270374-20,232186,George Mason University,Four-Year College,4,0,Fairfax,VA,Virginia,Fairfax,0,51059,22030,-77.30756,38.83542,2020,"Afghan Stories of War, Migration, and Home",Summer Stipends,Research Programs,6000,Humanities,Folklore and Folklife,Folklore and Folklife,6,5.3,3509975.9699999997,741003
FT-270384-20,231624,College of William and Mary,Four-Year College,4,0,Williamsburg,VA,Virginia,Williamsburg city,0,51830,23186,-76.71257,37.27342,2020,"Reading Distance: Chinese and Arabic Literatures at the End of Empire, 1850–1950",Summer Stipends,Research Programs,6000,Literature,Comparative Literature,Comparative Literature; East Asian Literature; Near and Middle Eastern Literature,8.4,16.8,1988346.08,617125
FT-270390-20,201645,Case Western Reserve University,University,3,0,Cleveland,OH,Ohio,Cuyahoga,0,39035,44106,-81.60929,41.5055,2020,"Muslim Students and the Making of American Islam, 1963-present",Summer Stipends,Research Programs,6000,Humanities,"Religion, General","Religion, General",10.5,15.3,1340039.36,405010
FT-270410-20,218724,Coastal Carolina University,Four-Year College,8,0,Conway,SC,South Carolina,Horry,0,45051,29526,-79.01896,33.79636,2020,Portrait Statuary from the Athenian Agora Excavations,Summer Stipends,Research Programs,6000,Arts,"History, Criticism, and Theory of the Arts","Archaeology; Classics; History, Criticism, and Theory of the Arts",8.4,12.8,30962,6000
FT-270439-20,198516,Elon University,Four-Year College,8,0,Elon,NC,North Carolina,Alamance,0,37001,27244,-79.50247,36.10549,2020,Hegel’s Influence on Three Early American Philosophers,Summer Stipends,Research Programs,6000,History,History of Philosophy,History of Philosophy,7.1,15.1,41000,6000
FT-270474-20,213543,Lehigh University,University,4,0,Bethlehem,PA,Pennsylvania,Northampton,0,42095,18015,-75.37849,40.60733,2020,The Critical Edition of John Locke’s A Discourse on Miracles and Other Theological Texts,Summer Stipends,Research Programs,6000,History,History of Philosophy,History of Philosophy; History of Religion; Intellectual History,8.7,7.6,1295725.72,177742
FT-270519-20,218070,Furman University,Four-Year College,9,0,Greenville,SC,South Carolina,Greenville,1,45045,29613,-82.43329,34.92645,2020,An Empire of Refugees: Muslim Migration and the Late Ottoman State,Summer Stipends,Research Programs,6000,History,Near and Middle Eastern History,Immigration History; Near and Middle Eastern History; Russian History,5.5,12.1,26297,25297
FT-270531-20,199139,"University of North Carolina, Charlotte",Center For Advanced Study/Research Institute,5,0,Charlotte,NC,North Carolina,Mecklenburg,0,37119,28223,-80.72556,35.30519,2020,Bookselling in Early Modern England,Summer Stipends,Research Programs,6000,History,Renaissance Studies,British Literature; Renaissance History; Renaissance Studies,7.6,11,537270.64,6000
FT-270604-20,NA,Rector and Visitors of the University of Virginia,Publishing,NA,NA,Charlottesville,VA,Virginia,Charlottesville city,0,51540,22903,-78.50208,38.05021,2020,Among Towns/Along Paths: How Native Americans Imagined the Colonial South,Summer Stipends,Research Programs,6000,Area Studies,Native American Studies,Native American Studies; U.S. History,6.7,15.8,5667497.82,1134527
FT-270660-20,193900,New York University,Publishing,3,0,New York,NY,New York,New York,0,36061,10012,-73.99706,40.7299,2020,"American Literature and the Politics of Translation in the Age of Revolutions, 1789-1815",Summer Stipends,Research Programs,6000,Literature,American Literature,American Literature,9.5,16.3,78116853.73,14055196.65
FT-270669-20,190567,City College of New York,Two-Year College,6,0,New York,NY,New York,New York,0,36061,10016,-73.98421,40.74873,2020,How Rational Does Democracy Need to Be?,Summer Stipends,Research Programs,6000,Social Science,Political Theory,American Government; History of Philosophy; Political Theory,9.5,16.3,78116853.73,14055196.65
FT-270682-20,233426,Roanoke College,Four-Year College,9,0,Salem,VA,Virginia,Salem city,0,51775,24153,-80.05842,37.2936,2020,"Form in Transit and Translation: Sculptural Embodiments of Union, Disunion, and White Empire, 1836-1865",Summer Stipends,Research Programs,6000,Arts,Art History and Criticism,"Art History and Criticism; History, Criticism, and Theory of the Arts",6,9,90378.27,6000
FT-270716-20,188429,"CUNY Research Foundation, Queens College",Individual,NA,NA,Flushing,NY,New York,Suffolk,0,36103,11367,-72.856,40.82198,2020,Long Island Dirt: Recovering our Buried Past through Historical Archaeologies,Summer Stipends,Research Programs,6000,Humanities,Archaeology,American Studies; Archaeology; U.S. History,8.1,6.1,755203,245203
FT-270748-20,216764,West Chester University of Pennsylvania,Four-Year College,6,0,West Chester,PA,Pennsylvania,Chester,0,42029,19383,-75.59756,39.95318,2020,Cultural Heritage Futures: Narrating Loss and Legacy along the Delaware Bay,Summer Stipends,Research Programs,6000,Humanities,Archaeology,Archaeology,6.2,5.2,235059.28999999998,6000
FT-270761-20,232982,Old Dominion University Research Foundation,University,4,0,Norfolk,VA,Virginia,Norfolk city,0,51710,23508,-76.29878,36.8858,2020,"Sarkars into State: Language, Family and Politics in Early Colonial India",Summer Stipends,Research Programs,6000,History,South Asian History,South Asian History,9,17.6,392645,91161
FT-270779-20,204501,Oberlin College,Four-Year College,9,0,Oberlin,OH,Ohio,Lorain,0,39093,44074,-82.22383,41.29413,2020,A Digital Humanities Project: Song in the Sumatran Highlands,Summer Stipends,Research Programs,6000,Arts,Ethnomusicology,Ethnomusicology,9.8,11.9,196000,112000
FT-270783-20,190576,"CUNY Research Foundation, Graduate School and University Center",Center For Advanced Study/Research Institute,3,0,New York,NY,New York,New York,0,36061,10016,-73.98421,40.74873,2020,I Am Meg: The Life of American Author Madeleine L'Engle (1918-2007),Summer Stipends,Research Programs,6000,Literature,American Literature,"American Literature; Interdisciplinary Studies, General; Women's History",9.5,16.3,78116853.73,14055196.65
FT-270789-20,163912,St. Mary's College of Maryland,Four-Year College,9,0,St. Mary's City,MD,Maryland,St. Mary's,0,24037,20686,-76.43001,38.19102,2020,"Jewish Argentine Youth, 1940-1976",Summer Stipends,Research Programs,6000,History,Latin American History,Jewish Studies; Latin American History,4.6,7.3,495432,6000
FT-270794-20,102049,Samford University,Four-Year College,7,0,Birmingham,AL,Alabama,Jefferson,1,01073,35229,-86.7904,33.4629,2020,"John Jay's Statesmanship: Diplomacy, the Law, and Education",Summer Stipends,Research Programs,6000,History,U.S. History,Political History; U.S. History,6.7,14.4,15654,6000
FT-270820-20,163295,Maryland Institute College of Art,Four-Year College,16,0,Baltimore,MD,Maryland,Baltimore city,0,24510,21217,-76.62121,39.30751,2020,Design for Death: Sustainable Disposition in the 21st Century Metropolis,Summer Stipends,Research Programs,6000,Area Studies,Urban Studies,"Cultural Anthropology; Social Sciences, General; Urban Studies",8.5,20,3788310,584026
FT-270860-20,232186,George Mason University,Four-Year College,4,0,Fairfax,VA,Virginia,Fairfax,0,51059,22030,-77.30756,38.83542,2020,The Qur'an Commentary of Muslim Scholar Nusrat Amin (1886-1983),Summer Stipends,Research Programs,6000,Humanities,Nonwestern Religion,Nonwestern Religion,6,5.3,3509975.9699999997,741003
FT-270878-20,475565,"CUNY Research Foundation, Stella and Charles Guttman Community College",Two-Year College,NA,0,New York,NY,New York,New York,0,36061,10018,-73.98403,40.75302,2020,British Modernist Fiction and Spatiality,Summer Stipends,Research Programs,6000,Literature,British Literature,British Literature; Literary Criticism,9.5,16.3,78116853.73,14055196.65
FT-270920-20,204501,Oberlin College,Four-Year College,9,0,Oberlin,OH,Ohio,Lorain,0,39093,44074,-82.22383,41.29413,2020,Cinema of Indigenous Maori Filmmaker and Actress Merata Mita (1942-2010),Summer Stipends,Research Programs,6000,Arts,Film History and Criticism,Film History and Criticism; Media Studies,9.8,11.9,196000,112000
FT-270934-20,139658,Emory University,Two-Year College,3,0,Atlanta,GA,Georgia,DeKalb,0,13089,30322,-84.32618,33.78858,2020,Transpacific Piety and Politics: Cold War South Korea and the Rise of American Evangelicalism,Summer Stipends,Research Programs,6000,History,U.S. History,"East Asian History; Religion, General; U.S. History",7.9,15.8,1817120.51,56000
FT-270942-20,189088,Bard College,Center For Advanced Study/Research Institute,9,0,Annandale-on-Hudson,NY,New York,Dutchess,0,36027,12504,-73.90364,42.02458,2020,Return from the World: Stories of Leaving Economic Growth Behind in Northeastern Brazil,Summer Stipends,Research Programs,6000,Humanities,Anthropology,Anthropology; Economics; Latin American Studies,7.3,8.3,1526523,246902
FT-270969-20,189088,Bard College,Individual,NA,NA,Annandale-on-Hudson,NY,New York,Westchester,0,36119,12504,-73.888,41.19526,2020,Translation of Ave Soul by Peruvian Poet Jorge Pimentel (1944- ),Summer Stipends,Research Programs,6000,Literature,Latin American Literature,Classical Literature; Latin American Literature; Spanish Language,8,7.6,2797620.9,543555.9
FT-270983-20,232681,University of Mary Washington,Four-Year College,6,0,Fredericksburg,VA,Virginia,Fredericksburg city,0,51630,22401,-77.47371,38.29849,2020,Flying Aeroflot: A History of the Soviet Union in the Jet Age,Summer Stipends,Research Programs,6000,History,Russian History,Cultural History; International Studies; Russian History,7.4,12.2,609911,186000
GA-271039-20,NA,American Association for State and Local History,Professional Association,NA,NA,Nashville,TN,Tennessee,Davidson,0,47037,37212,-86.80135,36.13169,2019,Making History at 250: A Stronger Historical Community for the Semiquincentennial (sole source grant),Cooperative Agreements and Special Projects (Public Programs),Public Programs,150000,Unspecified,NA,NA,2.5,12.6,3331367.6799999997,200538.55
AV-271049-20,198464,East Carolina University,University,5,0,Greenville,NC,North Carolina,Pitt,0,37147,27858,-77.36389,35.58604,2020,Odysseus Goes to University: Veteran to Scholar Bootcamp,Dialogues on the Experience of War,Education Programs,97163,Interdisciplinary,"Interdisciplinary Studies, General","Film History and Criticism; Interdisciplinary Studies, General; Military History",6.7,17.1,511535.98,189903
AV-271055-20,213996,Messiah University,Four-Year College,9,0,Mechanicsburg,PA,Pennsylvania,Cumberland,0,42041,17055,-76.93815,40.19039,2020,We are Veterans Too: Women’s Experiences in the U.S. Military,Dialogues on the Experience of War,Education Programs,64593,History,Military History,Military History; Women's History,6.5,7.6,289101,198101
AV-271091-20,195720,St. John Fisher College,Four-Year College,5,0,Rochester,NY,New York,Monroe,0,36055,14618,-77.51715,43.1167,2020,"Dialogues on Ethics, Civic Engagement, and Military Service",Dialogues on the Experience of War,Education Programs,99263,History,U.S. History,"Literature, General; Military History; U.S. History",8.2,13.9,5554529.78,1192373.21
FN-271115-20,NA,"Endangered Language Alliance, Inc.",Center For Advanced Study/Research Institute,NA,NA,New York,NY,New York,New York,0,36061,10011,-73.99187,40.73864,2020,Creating and Annotating a Seke Language Corpus [skj],Dynamic Language Infrastructure-Documenting Endangered Languages - Fellowships,Research Programs,60000,Unspecified,NA,NA,9.5,16.3,78116853.73,14055196.65
FZ-271119-20,193900,New York University,Publishing,3,0,New York,NY,New York,New York,0,36061,10012,-73.99706,40.7299,2020,"The Taste Maker: The Life and Work of Judith Jones, the 20th-Century Editor Who Changed the Way America Cooked, Ate, and Read",Public Scholars,Research Programs,60000,History,Women's History,Media Studies; U.S. History; Women's History,9.5,16.3,78116853.73,14055196.65
RQ-271128-20,199111,"University of North Carolina, Asheville",Four-Year College,9,0,Asheville,NC,North Carolina,Buncombe,1,37021,28804,-82.56589,35.61901,2020,"A Critical Edition of Henry of Ghent’s Quaestiones ordinariae (Summa), art. 63-67",Scholarly Editions and Translations,Research Programs,99949.72,History,History of Philosophy,History of Philosophy,8.2,13.9,903300.45,461182.44999999995
RQ-271134-20,232681,University of Mary Washington,Four-Year College,6,0,Fredericksburg,VA,Virginia,Fredericksburg city,0,51630,22401,-77.47371,38.29849,2020,The Papers of James Monroe,Scholarly Editions and Translations,Research Programs,180000,History,U.S. History,U.S. History,7.4,12.2,609911,186000
RQ-271137-20,218663,University of South Carolina,Four-Year College,3,0,Columbia,SC,South Carolina,Richland,0,45079,29208,-81.0252,33.99326,2020,The Revolutionary Era Pinckney Statesmen of South Carolina: A Digital Documentary Edition - Phase 4 - Final,Scholarly Editions and Translations,Research Programs,200000,History,U.S. History,U.S. History,5.7,16,3178952.8600000003,537277
RQ-271155-20,163286,"University of Maryland, College Park",University,3,0,College Park,MD,Maryland,Prince George's,0,24033,20742,-76.95018,38.9975,2020,Freedmen and Southern Society Project,Scholarly Editions and Translations,Research Programs,350000,History,U.S. History,African American History; U.S. History,7.8,9.5,4393763.9399999995,922152.5900000001
RZ-271167-20,193900,New York University,Publishing,3,0,New York,NY,New York,New York,0,36061,10012,-73.99706,40.7299,2020,Prescription to Prediction: The Ancient Sciences in Cross-Cultural Perspective,Collaborative Research,Research Programs,43365,History,Ancient History,Ancient History,9.5,16.3,78116853.73,14055196.65
RQ-271184-20,162928,Johns Hopkins University,Publishing,3,0,Baltimore,MD,Maryland,Baltimore city,0,24510,21218,-76.61787,39.33085,2020,Translation and Critical Edition of Francesco Emanuele Cangiamila's Embriología Sacra,Scholarly Editions and Translations,Research Programs,215481,History,"History, Other","History, Other",8.5,20,3788310,584026
RQ-271200-20,221351,Rhodes College,Four-Year College,9,0,Memphis,TN,Tennessee,Shelby,0,47157,38112,-89.99204,35.15219,2020,The Story of Apollonius of Tyre: An Edition and Translation of Two Medieval Iberian Texts,Scholarly Editions and Translations,Research Programs,89430,Literature,Spanish Literature,Medieval Studies; Spanish Literature,9.6,19.1,1089430,89430
RZ-271209-20,139658,Emory University,Two-Year College,3,0,Atlanta,GA,Georgia,DeKalb,0,13089,30322,-84.32618,33.78858,2020,Chinese Foodways in the Modern World (19th C. - Present): Reexamining Culinary Continuity and Change,Collaborative Research,Research Programs,50000,History,East Asian History,East Asian History,7.9,15.8,1817120.51,56000
RQ-271213-20,195030,University of Rochester,University,3,0,Rochester,NY,New York,Monroe,0,36055,14627,-77.62391,43.13182,2020,Middle English Text Series (METS),Scholarly Editions and Translations,Research Programs,299763,Literature,"Literature, General","Literature, General",8.2,13.9,5554529.78,1192373.21
RQ-271230-20,196060,"SUNY Research Foundation, Albany",Four-Year College,3,0,Albany,NY,New York,Albany,0,36001,12222,-73.83172,42.68798,2020,Passion Plays of Eighteenth-Century Mexico: Nahuatl and Spanish Festival Performances Under the Eye of the Inquisition,Scholarly Editions and Translations,Research Programs,144252,Humanities,Cultural Anthropology,Cultural Anthropology; Latin American History; Latin American Literature,6.9,11.3,1483153.6,333406.36
RZ-271273-20,176017,University of Mississippi Medical Center,University,NA,NA,Jackson,MS,Mississippi,Hinds,0,28049,39216,-90.17552,32.32871,2020,An Investigation of the Mississippi Lunatic Asylum as History and Memory,Collaborative Research,Research Programs,249836,Interdisciplinary,"Interdisciplinary Studies, General","Interdisciplinary Studies, General; U.S. Regional Studies",9.3,25.9,2385566.77,641433
RQ-271286-20,NA,Rector and Visitors of the University of Virginia,Publishing,NA,NA,Charlottesville,VA,Virginia,Charlottesville city,0,51540,22903,-78.50208,38.05021,2020,The Papers of U.S. President George Washington (1732-1799),Scholarly Editions and Translations,Research Programs,256000,History,U.S. History,Military History; U.S. History,6.7,15.8,5667497.82,1134527
GA-271349-20,163286,"University of Maryland, College Park",University,3,0,College Park,MD,Maryland,Prince George's,0,24033,20742,-76.95018,38.9975,2019,The Shared Language of Poetry: Mexico and The United States,Cooperative Agreements and Special Projects (Public Programs),Public Programs,30000,Unspecified,NA,Comparative Literature,3.5,8.7,4393763.9399999995,820321.44
PD-271355-20,NA,Mississippi Band of Choctaw Indians,Indian Tribal Organization,NA,NA,Choctaw,MS,Mississippi,Neshoba,0,28099,39350,-89.21031,32.78391,2020,Mississippi Choctaw Dictionary and Comparison of Community Dialects,Documenting Endangered Languages - Preservation,Preservation and Access,387258,Unspecified,NA,NA,9.2,18.9,387258,387258
TD-271416-20,NA,"Stone Lantern Films, Inc.",Independent Production Company,NA,NA,Suffern,NY,New York,Rockland,0,36087,10901,-74.14359,41.10779,2020,Tourist Nation: The History of American Tourism,Media Projects Development,Public Programs,75000,History,U.S. History,U.S. History,7.7,14.4,107077,107077
PG-271424-20,218973,Wofford College,Four-Year College,9,0,Spartanburg,SC,South Carolina,Spartanburg,1,45083,29303,-81.93785,34.95784,2020,Preservation Assessment of the works of Julia Elizabeth Tolbert,Preservation Assistance Grants,Preservation and Access,6942,Arts,"Arts, General","Arts, General",6.3,14.2,314170.9,11653.9
GI-271433-20,NA,"National September 11 Memorial and Museum at the World Trade Center Foundation, Inc.",History Museum,NA,NA,New York,NY,New York,New York,0,36061,10281,-74.01319,40.71333,2020,"Traveling Exhibition and Public Programming to 20 Libraries Across the United States in Recognition of the 20th Anniversary of September 11, 2001",Exhibitions: Implementation,Public Programs,119112.73,History,Public History,American Studies; Public History; U.S. History,9.5,16.3,78116853.73,14055196.65
TR-271444-20,NA,New School,University,NA,NA,New York,NY,New York,New York,0,36061,10011,-73.99673,40.73547,2020,Trace Material,Media Projects Production,Public Programs,184985.21,History,U.S. History,U.S. History; Urban History,9.5,16.3,78116853.73,14055196.65
TD-271447-20,NA,"New York Foundation for the Arts, Inc.",Four-Year College,NA,NA,Brooklyn,NY,New York,Kings,0,36047,11201,-73.9867,40.70412,2020,Luis Muñoz Marín: The Making of a Modern Puerto Rico,Media Projects Development,Public Programs,75000,History,U.S. History,"Latino History; Political Science, General; U.S. History",12.5,17.8,7011052.99,1093678
GE-271479-20,NA,"Sabiha Al Khemir Foundation, Inc.",Arts-Related Organization,NA,NA,New York City,NY,New York,New York,0,36061,10024,-73.97476,40.77986,2020,Under the Same Sky: Birds in Art and Myth Traveling Exhibition,Exhibitions: Planning,Public Programs,75000,Arts,"Arts, General","Arts, General; Folklore and Folklife; Literature, General",9.5,16.3,78116853.73,14055196.65
GE-271493-20,NA,Rubin Museum of Art,Art Museum,NA,NA,New York,NY,New York,New York,0,36061,10011,-73.99695,40.7398,2020,Himalayan Art: Journeys of Discoveries,Exhibitions: Planning,Public Programs,75000,Arts,Art History and Criticism,Art History and Criticism; South Asian Studies,9.5,16.3,78116853.73,14055196.65
GI-271498-20,NA,Rector and Visitors of the University of Virginia,Publishing,NA,NA,Charlottesville,VA,Virginia,Charlottesville city,0,51540,22903,-78.50208,38.05021,2020,"Implementation of the Traveling Exhibition ""Madayin: Eight Decades of Aboriginal Australian Bark Painting from Yirrkala"" and Associated Programs",Exhibitions: Implementation,Public Programs,300000,Arts,Art History and Criticism,Art History and Criticism; Cultural Anthropology; Folklore and Folklife,6.7,15.8,5667497.82,1134527
GE-271501-20,NA,Brooklyn Public Library,Library,NA,NA,Brooklyn,NY,New York,Kings,0,36047,11238,-73.9706,40.67451,2020,A People's History of Brooklyn,Exhibitions: Planning,Public Programs,75000,History,Cultural History,Cultural History; U.S. History,12.5,17.8,7011052.99,1093678
TR-271513-20,NA,WNET,University,NA,NA,New York,NY,New York,New York,0,36061,10019,-73.98644,40.76202,2020,American Masters—Buckley,Media Projects Production,Public Programs,500000,History,"History, General","History, General; Political History",9.5,16.3,78116853.73,14055196.65
TR-271534-20,NA,"Independent Feature Project, Inc.",Arts-Related Organization,NA,NA,Brooklyn,NY,New York,Kings,0,36047,11201,-73.98643,40.70432,2020,Loïe Fuller: Obsessed with Light,Media Projects Production,Public Programs,325000,Arts,Dance History and Criticism,Dance History and Criticism; Film History and Criticism; Women's History,12.5,17.8,7011052.99,1093678
TT-271564-20,NA,Longleaf Productions,University,NA,NA,Greensboro,NC,North Carolina,Guilford,0,37081,27410,-79.86002,36.10012,2020,"""The Rosenwald Schools of North Carolina"" and ""The Rosenwald Schools of South Carolina""",Short Documentaries,Public Programs,119996.53,History,African American History,African American History; U.S. History,8.4,13.3,999908.92,119996.53
PG-271573-20,195216,St. Lawrence University,Four-Year College,9,0,Canton,NY,New York,St. Lawrence,0,36089,13617,-75.16207,44.59248,2020,St. Lawrence University Brush Gallery Preservation Needs Assessment,Preservation Assistance Grants,Preservation and Access,8200,Arts,"Arts, General","Arts, General",7.9,14.7,200382,23200
HAA-271574-20,202134,Cleveland State University,University,4,0,Cleveland,OH,Ohio,Cuyahoga,0,39035,44115,-81.67539,41.50174,2020,PlacePress: A WordPress Plugin for Publishing Location-based Tours and Stories,Digital Humanities Advancement Grants,Digital Humanities,79510,History,Public History,Public History; Urban History,10.5,15.3,1340039.36,405010
PG-271583-20,NA,Shaker Heritage Society,Historical Site/House,NA,NA,Albany,NY,New York,Albany,0,36001,12211,-73.80945,42.73842,2020,Environmental Assessment Program,Preservation Assistance Grants,Preservation and Access,6413.36,Area Studies,American Studies,American Studies,6.9,11.3,1483153.6,333406.36
PG-271608-20,NA,"Wiregrass Museum of Art, Inc.",University,NA,NA,Dothan,AL,Alabama,Houston,0,01069,36303,-85.38909,31.224240000000002,2020,Preservation Supplies,Preservation Assistance Grants,Preservation and Access,9987,Arts,"Arts, General","Arts, General",5.9,14.8,9987,9987
PG-271620-20,157951,Western Kentucky University,University,6,0,Bowling Green,KY,Kentucky,Warren,0,21227,42101,-86.45507,36.98709,2020,Protecting the Mrs. A. H. Taylor Collection,Preservation Assistance Grants,Preservation and Access,9999.11,History,Public History,Public History,6.4,18.7,395487.11,9999.11
PG-271621-20,NA,Filson Historical Society,Historical Society,NA,NA,Louisville,KY,Kentucky,Jefferson,0,21111,40208,-85.7593,38.23194,2020,Improving Preservation and Disaster Practices at The Filson Historical Society,Preservation Assistance Grants,Preservation and Access,8580,History,U.S. History,Cultural History; U.S. History,6.7,11.4,918894,8580
PG-271629-20,NA,Society for the Preservation of Long Island Antiquities,Historic Preservation Organization,NA,NA,Cold Spring Harbor,NY,New York,Suffolk,0,36103,11724,-73.45722,40.87103,2020,Preservation Long Island Emergency Preparedness and Response Program,Preservation Assistance Grants,Preservation and Access,10000,History,Public History,Public History; U.S. History,8.1,6.1,755203,245203
PG-271639-20,NA,County of Charleston,State/Local/Federal Government,NA,NA,North Charleston,SC,South Carolina,Charleston,0,45019,29405,-80.01981,32.837,2020,Archival Training and Preservation of Historical Records at the Charleston County Records Center: 250th Anniversary of America Initiative,Preservation Assistance Grants,Preservation and Access,15000,Social Science,American Government,American Government; Legal History; U.S. History,6.1,11.9,157078.3,15000
PG-271641-20,NA,County of Erie,Public Library,NA,NA,Erie,PA,Pennsylvania,Erie,1,42049,16501,-80.08823,42.12844,2020,Preservation assessment of local history collections for Erie County Public Library,Preservation Assistance Grants,Preservation and Access,6330.9,History,"History, General","History, General",9.6,13.4,106330.9,106330.9
PG-271656-20,NA,County of Spartanburg,Public Library,NA,NA,Spartanburg,SC,South Carolina,Spartanburg,1,45083,29306,-81.93089,34.94829,2020,"Spartanburg Co. Public Libraries, Emancipation Parade Flag conservation and purchase of environmental monitoring equipment.",Preservation Assistance Grants,Preservation and Access,4711.9,History,African American History,African American History; African American Studies; U.S. History,6.3,14.2,314170.9,11653.9
PG-271672-20,162928,Johns Hopkins University,Publishing,3,0,Baltimore,MD,Maryland,Baltimore city,0,24510,21218,-76.61787,39.33085,2020,Improving Storage of Evergreen Museum and Library's Works on Paper Collection,Preservation Assistance Grants,Preservation and Access,10000,Interdisciplinary,"Interdisciplinary Studies, Other","Interdisciplinary Studies, Other",8.5,20,3788310,584026
PG-271673-20,NA,"Laurel Historical Society, Inc.",History Museum,NA,NA,Laurel,MD,Maryland,Prince George's,0,24033,20707,-76.85688,39.10954,2020,Laurel Historical Society Emergency Preparedness Plan,Preservation Assistance Grants,Preservation and Access,5983.63,History,"History, General","History, General",7.8,9.5,4393763.9399999995,922152.5900000001
PG-271696-20,NA,Friends of the Knox County Public Library,Public Library,NA,NA,Knoxville,TN,Tennessee,Knox,1,47093,37902,-83.91983,35.96235,2020,Purchase of Audio and Film Preservation Supplies for the Tennessee Archive of Moving Image and Sound Film Collection,Preservation Assistance Grants,Preservation and Access,6115,History,Public History,Public History,5.9,10.9,2097050.66,251892
PG-271700-20,NA,"Arthurdale Heritage, Inc.",History Museum,NA,NA,Arthurdale,WV,West Virginia,Preston,1,54077,26520,-79.82653,39.49445,2020,Arthurdale Archives Preservation Plan,Preservation Assistance Grants,Preservation and Access,4483.89,History,U.S. History,Public History; Rural Studies; U.S. History,7.3,15.7,78733.89,4483.89
PG-271716-20,NA,Academy of American Poets,National Organization,NA,NA,New York,NY,New York,New York,0,36061,10038,-74.00761,40.70761,2020,Academy of American Poets Archive,Preservation Assistance Grants,Preservation and Access,10000,Literature,"Literature, General","Literature, General",9.5,16.3,78116853.73,14055196.65
HAA-271718-20,198464,East Carolina University,University,5,0,Greenville,NC,North Carolina,Pitt,0,37147,27858,-77.36389,35.58604,2020,Castle to Classrooms: Developing an Irish Castle in Virtual Reality,Digital Humanities Advancement Grants,Digital Humanities,86740,History,Renaissance Studies,British History; British Literature; Renaissance Studies,6.7,17.1,511535.98,189903
PG-271750-20,190424,Weill Cornell Medical College of Cornell University,Four-Year College,11,0,New York,NY,New York,New York,0,36061,10065,-73.95555,40.76419,2020,Rehousing psychiatry collections at the Oskar Diethelm Library.,Preservation Assistance Grants,Preservation and Access,9969.5,History,History of Science,History of Science,9.5,16.3,78116853.73,14055196.65
PG-271759-20,NA,Washington County Museum of Fine Arts,Art Museum,NA,NA,Hagerstown,MD,Maryland,Washington,1,24043,21740,-77.72182,39.63607,2020,Replacement and Reconfiguration of Housing Furniture in Painting and Paper Vault,Preservation Assistance Grants,Preservation and Access,9755,Arts,"Arts, General","Arts, General",6.5,12.3,243172.30000000002,137281
HAA-271767-20,233921,Virginia Polytechnic Institute and State University,University,3,0,Blacksburg,VA,Virginia,Montgomery,1,51121,24061,-80.4191,37.22859,2020,Connecting the Interstates,Digital Humanities Advancement Grants,Digital Humanities,44837,History,Urban History,U.S. History; Urban History; Urban Studies,4.9,19.3,1218224.98,129570.76
PG-271776-20,NA,"Friends of Alice Austen House, Inc.",Historical Site/House,NA,NA,Staten Island,NY,New York,Richmond,0,36085,10305,-74.06353,40.6153,2020,Improving Storage Capacity for Collections Preservation,Preservation Assistance Grants,Preservation and Access,9145,History,U.S. History,U.S. History; Women's History,10.5,10.6,167145,102145
HAA-271801-20,214777,Pennsylvania State University,Four-Year College,3,0,University Park,PA,Pennsylvania,Centre,1,42027,16802,-77.85432,40.80366,2020,Seeing Constable’s Clouds: An Application of Machine Learning to Art Historical Research,Digital Humanities Advancement Grants,Digital Humanities,48487,Arts,Art History and Criticism,Art History and Criticism,5.7,12.9,2265848.84,114487
PG-271802-20,NA,"Whaling Museum Society, Inc.",History Museum,NA,NA,Cold Spring Harbor,NY,New York,Suffolk,0,36103,11724,-73.44137,40.87243,2020,Improving the Storage Conditions for the Collections,Preservation Assistance Grants,Preservation and Access,10000,History,U.S. History,U.S. History,8.1,6.1,755203,245203
PG-271805-20,NA,Trumbull County Historical Society,Historical Society,NA,NA,Warren,OH,Ohio,Trumbull,1,39155,44483,-80.82198,41.23988,2020,"Trumbull County, Ohio Treasures: Telling Our Stories",Preservation Assistance Grants,Preservation and Access,15000,History,U.S. History,Cultural History; Public History; U.S. History,10.4,15.8,134250,15000
HAA-271837-20,190576,"CUNY Research Foundation, Graduate School and University Center",Center For Advanced Study/Research Institute,3,0,New York,NY,New York,New York,0,36061,10016,-73.98421,40.74873,2020,Manifold in the Classroom: Digital Publishing for Open Pedagogy,Digital Humanities Advancement Grants,Digital Humanities,324401,Interdisciplinary,"Interdisciplinary Studies, General","Interdisciplinary Studies, General; Interdisciplinary Studies, Other",9.5,16.3,78116853.73,14055196.65
PG-271845-20,NA,Hyde Collection Trust,Art Museum,NA,NA,Glens Falls,NY,New York,Warren,0,36113,12801,-73.63426,43.31058,2020,Collection preservation,Preservation Assistance Grants,Preservation and Access,9994,Arts,"Arts, General","Arts, General; Cultural History",8.1,8.9,9994,9994
PG-271846-20,NA,"Appalshop, Inc.",Non-Profit Educational Center,NA,NA,Whitesburg,KY,Kentucky,Letcher,1,21133,41858,-82.83578,37.13278,2020,Safeguarding Appalshop's Moving Image and Paper Collections,Preservation Assistance Grants,Preservation and Access,10000,History,Cultural History,Cultural History; Folklore and Folklife; Rural Studies,9.9,24.4,391590,10000
GA-271872-20,NA,Museum of the American Revolution,Non-Profit Educational Center,NA,NA,Philadelphia,PA,Pennsylvania,Philadelphia,0,42101,19106,-75.14608,39.94784,2020,"A Growing Constellation: Flags and Founding Documents, 1776-2020",Cooperative Agreements and Special Projects (Public Programs),Public Programs,30000,Unspecified,NA,U.S. History,12.2,19.4,14436056.34,2799025.66
PF-271941-20,212674,Gettysburg College,Four-Year College,9,0,Gettysburg,PA,Pennsylvania,Adams,0,42001,17325,-77.23291,39.83371,2020,Sustainable Preservation for Innovative Teaching and Learning,Sustaining Cultural Heritage Collections,Preservation and Access,50000,Arts,"Arts, General","Arts, General; Interdisciplinary Studies, General",6.7,8,541785.0700000001,50000
PF-271944-20,NA,New York State Archives Partnership Trust,State Department of Education,NA,NA,Albany,NY,New York,Albany,0,36001,12230,-73.97081,42.61485,2020,New York State's Collection in the Balance: Planning HVAC Optimization at the Cultural Education Center,Sustaining Cultural Heritage Collections,Preservation and Access,40798,Interdisciplinary,"Interdisciplinary Studies, Other","Cultural History; Interdisciplinary Studies, Other",6.9,11.3,1483153.6,333406.36
FZ-272046-20,NA,NA,Individual,NA,NA,Brooklyn,NY,New York,Kings,0,36047,11238,-73.96567,40.67576,2020,Love and Need: A Biographical Essay on the Life and Work of American Poet Robert Frost (1874-1963),Public Scholars,Research Programs,60000,Literature,American Literature,"American Literature; Literature, General",12.5,17.8,7011052.99,1093678
FZ-272064-20,199120,University of North Carolina at Chapel Hill,Center For Advanced Study/Research Institute,3,0,Chapel Hill,NC,North Carolina,Orange,0,37135,27599,-79.04617,35.90348,2020,Chop Fry Watch Learn: Fu Pei-mei and the Making of Modern Chinese Food,Public Scholars,Research Programs,57500,History,East Asian History,East Asian History; Immigration History; Women's History,5.3,10.3,1384311.22,267500
FZ-272068-20,NA,NA,Individual,NA,NA,Orient,NY,New York,Suffolk,0,36103,11957,-72.24849,41.15706,2020,American Novelist E.L. Doctorow (1931-2015): A Writing Life,Public Scholars,Research Programs,60000,Literature,American Literature,American Literature; Literary Criticism,8.1,6.1,755203,245203
FZ-272105-20,190594,"CUNY Research Foundation, Hunter College",Four-Year College,6,0,New York,NY,New York,New York,0,36061,10065,-73.96524,40.76899,2020,Liquid Sky: Representations of the Early Modern Sky,Public Scholars,Research Programs,60000,Arts,Art History and Criticism,Art History and Criticism; Renaissance History,9.5,16.3,78116853.73,14055196.65
FZ-272129-20,196088,"SUNY Research Foundation, University at Buffalo",University,3,0,Amherst,NY,New York,Erie,0,36029,14228,-78.7855,43.00266,2020,New York Times v. Sullivan: The Landmark Case that Shaped Politics and the Press As We Know It,Public Scholars,Research Programs,30000,History,Legal History,Legal History; U.S. History,9.2,13.2,3031666.7,658977
FZ-272133-20,NA,NA,Individual,NA,NA,New York,NY,New York,New York,0,36061,10128,-73.94606,40.7799,2020,A Biography of American Artist Roy Lichtenstein (1923-1997),Public Scholars,Research Programs,60000,Arts,Art History and Criticism,"Art History and Criticism; Arts, General",9.5,16.3,78116853.73,14055196.65
FZ-272211-20,190576,"CUNY Research Foundation, Graduate School and University Center",Center For Advanced Study/Research Institute,3,0,New York,NY,New York,New York,0,36061,10016,-73.98421,40.74873,2020,The Last Years of Alexander the Great (330-323 BCE),Public Scholars,Research Programs,60000,History,Classical History,Art History and Criticism; Classical History,9.5,16.3,78116853.73,14055196.65
FZ-272289-20,213996,Messiah University,Four-Year College,9,0,Mechanicsburg,PA,Pennsylvania,Cumberland,0,42041,17055,-76.93815,40.19039,2020,"The Archaeology of the Early Christian World: History, Methods, Evidence",Public Scholars,Research Programs,60000,Humanities,Archaeology,Ancient History; Archaeology; History of Religion,6.5,7.6,289101,198101
BH-272357-20,140872,Reinhardt University,Two-Year College,9,0,Waleska,GA,Georgia,Cherokee,1,13057,30183,-84.55474,34.31871,2020,The Trail of Tears: Context and Perspectives,Landmarks of American History and Culture for K-12 Educators,Education Programs,189004,History,U.S. History,Native American Studies; U.S. History,4.8,6.7,223945,189004
BH-272365-20,218663,University of South Carolina,Four-Year College,3,0,Columbia,SC,South Carolina,Richland,0,45079,29208,-81.0252,33.99326,2020,Fabric of the Past: Weaving the Twentieth Century at the Beaumont Mill and Village in South Carolina,Landmarks of American History and Culture for K-12 Educators,Education Programs,187277,History,U.S. History,"Cultural History; History, General; U.S. History",5.7,16,3178952.8600000003,537277
BH-272368-20,175616,Delta State University,Four-Year College,6,0,Cleveland,MS,Mississippi,Bolivar,0,28011,38733,-90.73321,33.74742,2020,"The Most Southern Place on Earth: Music, History, and Culture of the Mississippi Delta",Landmarks of American History and Culture for K-12 Educators,Education Programs,210257,Area Studies,U.S. Regional Studies,U.S. Regional Studies,8.6,28.1,380257,210257
BH-272385-20,102234,Spring Hill College,Four-Year College,8,0,Mobile,AL,Alabama,Mobile,0,01097,36608,-88.14806,30.68574,2020,"From Clotilda to Community: The History of Mobile, Alabama's Africatown",Landmarks of American History and Culture for K-12 Educators,Education Programs,264224,History,African American History,"African American History; Arts, Other",8.5,17.6,977783,270224
BH-272387-20,NA,Historic Hudson Valley,Historical Site/House,NA,NA,Tarrytown,NY,New York,Westchester,0,36119,10591,-73.82421,41.10316,2020,Slavery in the Colonial North,Landmarks of American History and Culture for K-12 Educators,Education Programs,189384,History,African American History,African American History; U.S. History,8,7.6,2797620.9,543555.9
FS-272433-20,204796,Ohio State University,University,3,0,Columbus,OH,Ohio,Franklin,0,39049,43210,-83.0098,40.00011,2020,Printing and the Book During the Reformation: 1450-1650,Seminars for Higher Education Faculty,Education Programs,151095.42,Literature,British Literature,"British Literature; Cultural History; Religion, General",7.6,15.4,1472216.81,643757.42
ES-272446-20,NA,Rendell Center for Civics and Civic Engagement,Non-Profit Educational Center,NA,NA,Philadelphia,PA,Pennsylvania,Philadelphia,0,42101,19102,-75.16486,39.94905,2020,First Amendment in 21st Century America,Institutes for K-12 Educators,Education Programs,134345,History,Political History,Legal History; Political History,12.2,19.4,14436056.34,2799025.66
ES-272473-20,100858,Auburn University,University,4,0,Auburn,AL,Alabama,Lee,0,01081,36849,-85.49043,32.6056,2020,"Citizens Fighting for Civil Rights: The Places, Faces, and Cases that Changed a Nation",Institutes for K-12 Educators,Education Programs,175000,History,Legal History,Law and Jurisprudence; Legal History; Political History,5.7,17.9,740933,175000
ES-272474-20,NA,Interfaith Center of New York,Non-Profit Educational Center,NA,NA,New York,NY,New York,New York,0,36061,10115,-73.96432,40.81071,2020,Religious Worlds of New York: Teaching the Everyday Life of American Religious Diversity,Institutes for K-12 Educators,Education Programs,211050,Humanities,Comparative Religion,American Studies; Comparative Religion; Urban Studies,9.5,16.3,78116853.73,14055196.65
ES-272480-20,196149,Research Foundation for the State University of New York,Four-Year College,NA,NA,Cortland,NY,New York,Tompkins,1,36109,13045,-76.26239,42.56495,2020,Common Ground: Americans and Their Land During the Gilded Age and Progressive Era,Institutes for K-12 Educators,Education Programs,172135.53,History,U.S. History,Cultural History; U.S. History,5.8,12.4,2959805.7,859670.99
ES-272487-20,NA,New York Historical Society,Historical Society,NA,NA,New York,NY,New York,New York,0,36061,10024,-73.97399,40.77909,2020,Women and Colonization: Early Encounters in the American Colonies,Institutes for K-12 Educators,Education Programs,167459,History,U.S. History,U.S. History; Women's History,9.5,16.3,78116853.73,14055196.65
ES-272490-20,NA,Fort Ticonderoga Association,Historical Site/House,NA,NA,Ticonderoga,NY,New York,Essex,0,36031,12883,-73.41087,43.85041,2020,"For the Common Defense: Subjects, Citizens, and America's Military Origins, 1609-1815",Institutes for K-12 Educators,Education Programs,88227,History,Military History,Military History; U.S. History,7.9,10.2,587226,347926
FV-272496-20,162760,"Hood College of Frederick, Maryland",Four-Year College,7,0,Frederick,MD,Maryland,Frederick,0,24021,21701,-77.42047,39.42049,2020,World War I in History and Literature,Seminars for K-12 Educators,Education Programs,144079,Interdisciplinary,"Interdisciplinary Studies, General","History, General; Interdisciplinary Studies, General; Literature, General",5.6,6.2,309486,173489
EH-272497-20,192448,Long Island University,Four-Year College,6,0,Greenvale,NY,New York,Nassau,0,36059,11548,-73.62593,40.8085,2020,"The New Deal Era's Federal Writers' Project: History, Politics, and Legacy",Institutes for Higher Education Faculty,Education Programs,177660,Area Studies,American Studies,African American Studies; American Studies; Public History,8,5.7,852541.01,372582.01
ES-272511-20,221759,"University of Tennessee, Knoxville",Publishing,3,0,Knoxville,TN,Tennessee,Knox,1,47093,37916,-83.92774,35.9529,2020,The Role of Geographic Mobility in the African American Freedom Struggle,Institutes for K-12 Educators,Education Programs,185777,Social Science,Geography,African American History; Geography,5.9,10.9,2097050.66,251892
FV-272516-20,196097,"SUNY Research Foundation, Stony Brook",University,3,0,Stony Brook,NY,New York,Suffolk,0,36103,11794,-73.12433,40.90982,2020,Making the Good Reader and Citizen: The History of Literature Instruction in American Schools,Seminars for K-12 Educators,Education Programs,99490,Literature,"Literature, General","American Studies; Literature, General; U.S. History",8.1,6.1,755203,245203
ES-272519-20,NA,"City Lore, Inc.",University,NA,NA,New York,NY,New York,New York,0,36061,10003,-73.98969,40.7239,2020,A Reverence for Words: Understanding Muslim Cultures through the Arts,Institutes for K-12 Educators,Education Programs,180000,Literature,Near and Middle Eastern Literature,Folklore and Folklife; Near and Middle Eastern Languages; Near and Middle Eastern Literature,9.5,16.3,78116853.73,14055196.65
ES-272536-20,NA,Omohundro Institute of Early American History and Culture,Center For Advanced Study/Research Institute,NA,NA,Williamsburg,VA,Virginia,Williamsburg city,0,51830,23187,-76.70769,37.27542,2020,Teaching the History and Culture of Vast Early America,Institutes for K-12 Educators,Education Programs,146125,History,"History, General","History, General",8.4,16.8,1988346.08,617125
ES-272537-20,NA,"Theatre for a New Audience, Inc.",National Organization,NA,NA,New York,NY,New York,New York,0,36061,10014,-74.00861,40.73255,2020,Teaching Shakespeare's Plays Through Scholarship and Performance,Institutes for K-12 Educators,Education Programs,184136,Arts,"Arts, Other","Arts, Other",9.5,16.3,78116853.73,14055196.65
ES-272545-20,NA,Gilder Lehrman Institute of American History,University,NA,NA,New York,NY,New York,New York,0,36061,10036,-73.98047,40.75511,2020,The Making of America: Colonial Era to Reconstruction,Institutes for K-12 Educators,Education Programs,96402.9,History,U.S. History,U.S. History,9.5,16.3,78116853.73,14055196.65
HT-272566-20,NA,"Ithaka Harbors, Inc.",Publishing,NA,NA,New York,NY,New York,New York,0,36061,10006,-74.01348,40.70794,2020,The Text Analysis Pedagogy (TAP) Institute,Institutes for Advanced Topics in the Digital Humanities,Digital Humanities,214465,Interdisciplinary,"Interdisciplinary Studies, Other","Interdisciplinary Studies, Other",9.5,16.3,78116853.73,14055196.65
DR-272592-20,162928,Johns Hopkins University,Publishing,3,0,Baltimore,MD,Maryland,Baltimore city,0,24510,21218,-76.61787,39.33085,2020,Open Access Edition of Imagination and Science in Romanticism by Richard C. Sha,Fellowships Open Book Program,Digital Humanities,5500,Literature,Literary Criticism,Literary Criticism,8.5,20,3788310,584026
DR-272593-20,162928,Johns Hopkins University,Publishing,3,0,Baltimore,MD,Maryland,Baltimore city,0,24510,21218,-76.61787,39.33085,2020,Open Access Edition of Imagined Homeland: British Poetry in the Colonies by Jason R. Rudy,Fellowships Open Book Program,Digital Humanities,5500,Literature,Literary Criticism,Literary Criticism,8.5,20,3788310,584026
DR-272597-20,221999,Vanderbilt University,Four-Year College,3,0,Nashville,TN,Tennessee,Davidson,0,47037,37203,-86.80065,36.14959,2020,Open Access Edition of The Rise of Euroskepticism: Europe & Its Critics in Spanish Culture,Fellowships Open Book Program,Digital Humanities,5500,History,European History,European History,8.2,12.8,3331367.6799999997,781250.13
DR-272615-20,198419,Duke University,Publishing,3,0,Durham,NC,North Carolina,Durham,0,37063,27705,-78.92459,36.00683,2020,Open Access edition of Thought Crime: Ideology and State Power,Fellowships Open Book Program,Digital Humanities,5500,History,East Asian History,East Asian History,6.3,11.7,4368610,71000
DR-272617-20,198419,Duke University,Publishing,3,0,Durham,NC,North Carolina,Durham,0,37063,27705,-78.92459,36.00683,2020,"Open Access Edition of Listening for Africa: Freedom, Modernity, and the Logic of Black Music's African Origins.",Fellowships Open Book Program,Digital Humanities,5500,Arts,Music History and Criticism,African History; Music History and Criticism,6.3,11.7,4368610,71000
FEL-272620-21,193900,New York University,Publishing,3,0,New York,NY,New York,New York,0,36061,10012,-73.99706,40.7299,2020,"Scripture Transformed in Later Fourteenth-Century England: The Religious, Artistic, and Social Worlds of the Welles-Ros Bible",Fellowships,Research Programs,60000,Arts,Art History and Criticism,Art History and Criticism; Medieval History; Medieval Studies,9.5,16.3,78116853.73,14055196.65
GA-272638-20,NA,"Music Maker Relief Foundation, Inc.",Non-Profit Educational Center,NA,NA,Hillsborough,NC,North Carolina,Orange,0,37135,27278,-79.10479,36.0829,2020,Hanging Tree Guitars,Cooperative Agreements and Special Projects (Public Programs),Public Programs,30000,Unspecified,NA,NA,5.3,10.3,1384311.22,267500
PB-272698-20,NA,Museum of Chinese in the Americas,History Museum,NA,NA,New York,NY,New York,New York,0,36061,10013,-73.99892,40.71947,2020,MOCA Fire Recovery Fund,Cooperative Agreements and Special Projects (P&A),Preservation and Access,30000,Social Science,Conservation Science,East Asian History; U.S. History,9.5,16.3,78116853.73,14055196.65
FEL-272717-21,190415,Cornell University,Four-Year College,3,0,Ithaca,NY,New York,Tompkins,1,36109,14850,-76.46515,42.43782,2020,Popism in Stereo: A Musical Guide to the Warhol Seventies,Fellowships,Research Programs,60000,Arts,Music History and Criticism,"Art History and Criticism; Interdisciplinary Studies, Other; Music History and Criticism",5.8,12.4,2959805.7,859670.99
HB-272764-21,190600,"CUNY Research Foundation, John Jay College",Four-Year College,6,0,New York,NY,New York,New York,0,36061,10019,-73.98906,40.77092,2020,"Jim Crow Modernism, The Saturday Evening Post, and the Harlem Renaissance",Awards for Faculty,Research Programs,60000,Literature,American Literature,African American Studies; American Literature; Media Studies,9.5,16.3,78116853.73,14055196.65
FEL-272827-21,233921,Virginia Polytechnic Institute and State University,University,3,0,Blacksburg,VA,Virginia,Montgomery,1,51121,24061,-80.4191,37.22859,2020,Alligator Tales: The Cultural and Environmental History of Florida’s Iconic Reptile,Fellowships,Research Programs,60000,History,U.S. History,Cultural History; History of Science; U.S. History,4.9,19.3,1218224.98,129570.76
FEL-272945-21,193900,New York University,Publishing,3,0,New York,NY,New York,New York,0,36061,10012,-73.99706,40.7299,2020,An Intellectual Biography of Historian Frank Tannenbaum (1893-1969),Fellowships,Research Programs,60000,History,Latin American History,Intellectual History; Latin American History; U.S. History,9.5,16.3,78116853.73,14055196.65
FEL-272961-21,204796,Ohio State University,University,3,0,Columbus,OH,Ohio,Franklin,0,39049,43210,-83.0098,40.00011,2020,"Scientific explanation, inference, and realism",Fellowships,Research Programs,60000,Humanities,Philosophy of Science,Philosophy of Science,7.6,15.4,1472216.81,643757.42
FEL-272993-21,NA,Rector and Visitors of the University of Virginia,Publishing,NA,NA,Charlottesville,VA,Virginia,Charlottesville city,0,51540,22903,-78.50208,38.05021,2020,Awakening the Ashes: An Intellectual History of Haiti,Fellowships,Research Programs,60000,History,Latin American History,Cultural History; Intellectual History; Latin American History,6.7,15.8,5667497.82,1134527
HB-272999-21,218733,South Carolina State University,Four-Year College,5,1,Orangeburg,SC,South Carolina,Orangeburg,0,45075,29115,-80.8541,33.50362,2020,Constructing Death: Capital Punishment in Colonial Senegal,Awards for Faculty,Research Programs,60000,History,African History,African History; African Studies; Legal History,8.8,19.1,205877,60000
FEL-273005-21,139959,University of Georgia,University,3,0,Athens,GA,Georgia,Clarke,0,13059,30602,-83.37298,33.95023,2020,"Birthing Abolition: Enslaved Women, Reproduction, and the Gradual End of Slavery in Nineteenth-Century Brazil",Fellowships,Research Programs,60000,History,Latin American History,Latin American History; Legal History; Women's History,6.4,24.6,1048174.2,60000
FEL-273017-21,189088,Bard College,Center For Advanced Study/Research Institute,9,0,Annandale-on-Hudson,NY,New York,Dutchess,0,36027,12504,-73.90364,42.02458,2020,"Religious Cultures of Early India, up to 650 CE",Fellowships,Research Programs,40000,Humanities,Nonwestern Religion,Nonwestern Religion; South Asian History; South Asian Studies,7.3,8.3,1526523,246902
FEL-273171-21,213543,Lehigh University,University,4,0,Bethlehem,PA,Pennsylvania,Northampton,0,42095,18015,-75.37849,40.60733,2020,Turning over the Spade: Startup Approaches to Transforming Labor Relations in Jordanian Archaeology,Fellowships,Research Programs,60000,Humanities,Anthropology,"Anthropology; Archaeology; History and Philosophy of Science, Technology, and Medicine",8.7,7.6,1295725.72,177742
FEL-273177-21,204501,Oberlin College,Four-Year College,9,0,Oberlin,OH,Ohio,Lorain,0,39093,44074,-82.22383,41.29413,2020,"Jews and the American South: Race, Religion, Region",Fellowships,Research Programs,60000,Area Studies,Jewish Studies,History of Religion; Jewish Studies; U.S. History,9.8,11.9,196000,112000
FEL-273182-21,195809,"St. John's University, New York",Four-Year College,5,0,Queens,NY,New York,Queens,0,36081,11439,-73.79297,40.72167,2020,"Ancestral Shade: Kinship and Ecology in South China, 1200-1850",Fellowships,Research Programs,60000,Area Studies,East Asian Studies,East Asian History; East Asian Studies,12.4,10.3,2433038.77,804839
FEL-273185-21,204796,Ohio State University,University,3,0,Columbus,OH,Ohio,Franklin,0,39049,43210,-83.0098,40.00011,2020,John Milton’s Blind Language,Fellowships,Research Programs,60000,Literature,British Literature,British Literature; Literary Criticism,7.6,15.4,1472216.81,643757.42
FEL-273230-21,231624,College of William and Mary,Four-Year College,4,0,Williamsburg,VA,Virginia,Williamsburg city,0,51830,23186,-76.71257,37.27342,2020,"Reading Distance: Chinese and Arabic Literatures at the End of Empire, 1850-1950",Fellowships,Research Programs,30000,Literature,Comparative Literature,Arabic Literature; Comparative Literature; East Asian Literature,8.4,16.8,1988346.08,617125
FEL-273273-21,214777,Pennsylvania State University,Four-Year College,3,0,University Park,PA,Pennsylvania,Centre,1,42027,16802,-77.85432,40.80366,2020,"Radical Democracy in Germany, 1871-1918",Fellowships,Research Programs,60000,History,European History,European History,5.7,12.9,2265848.84,114487
FEL-273354-21,NA,Rector and Visitors of the University of Virginia,Publishing,NA,NA,Charlottesville,VA,Virginia,Charlottesville city,0,51540,22903,-78.50208,38.05021,2020,The Power to Destroy: A Hidden History of Race and Taxes in America,Fellowships,Research Programs,30000,History,U.S. History,African American History; U.S. History; Urban History,6.7,15.8,5667497.82,1134527
HB-273359-21,188429,"CUNY Research Foundation, Queens College",Four-Year College,NA,NA,Flushing,NY,New York,Queens,0,36081,11367,-73.81863,40.73745,2020,"The Afterlife of a Death: Meaning, Memory, and the Assassination of Reinhard Heydrich",Awards for Faculty,Research Programs,60000,History,European History,European History,12.4,10.3,2433038.77,804839
FEL-273424-21,189088,Bard College,Center For Advanced Study/Research Institute,9,0,Annandale-on-Hudson,NY,New York,Dutchess,0,36027,12504,-73.90364,42.02458,2020,"Interpreting the Field, Translating Global Voices: On the Labor of Interpreters in UN Field Missions",Fellowships,Research Programs,60000,Humanities,Cultural Anthropology,"Cultural Anthropology; Interdisciplinary Studies, Other; Languages, General",7.3,8.3,1526523,246902
HB-273443-21,163453,Morgan State University,Four-Year College,5,1,Baltimore,MD,Maryland,Baltimore city,0,24510,21251,-76.58109,39.3454,2020,The Female Vampire in Hispanic Short Fiction at the Turn of the 20th Century: A Critical Anthology,Awards for Faculty,Research Programs,60000,Literature,Comparative Literature,Comparative Literature; Latin American Literature; Spanish Literature,8.5,20,3788310,584026
FEL-273525-21,221999,Vanderbilt University,Four-Year College,3,0,Nashville,TN,Tennessee,Davidson,0,47037,37203,-86.80065,36.14959,2020,"Children of the Soil: The Politics of Built Forms, Labor, and Anticipatory Landscapes in Urban Madagascar",Fellowships,Research Programs,60000,Area Studies,African Studies,African History; African Studies; Urban Studies,8.2,12.8,3331367.6799999997,781250.13
FEL-273616-21,198419,Duke University,Publishing,3,0,Durham,NC,North Carolina,Durham,0,37063,27705,-78.92459,36.00683,2020,"History of Stone Vaulting in the Pre-Modern Mediterranean: Practices, Theories, and Patterns of Knowledge Transfer",Fellowships,Research Programs,60000,Arts,Art History and Criticism,Architecture; Art History and Criticism,6.3,11.7,4368610,71000
FEL-273803-21,162928,Johns Hopkins University,Publishing,3,0,Baltimore,MD,Maryland,Baltimore city,0,24510,21218,-76.61787,39.33085,2020,The Neology: A History of the Technological Society in Four Words,Fellowships,Research Programs,40000,History,Intellectual History,Intellectual History; U.S. History,8.5,20,3788310,584026
FEL-273853-21,232186,George Mason University,Four-Year College,4,0,Fairfax,VA,Virginia,Fairfax,0,51059,22030,-77.30756,38.83542,2020,Harlem in Disorder: A Spatial History of How Racial Violence Changed in 1935,Fellowships,Research Programs,45000,History,U.S. History,African American History; Cultural History; U.S. History,6,5.3,3509975.9699999997,741003
SP-273869-20,NA,American Association for State and Local History,Professional Association,NA,NA,Nashville,TN,Tennessee,Davidson,0,47037,37212,-86.80135,36.13169,2020,AASLH Conversations Webinar Series,State Projects,Federal/State Partnership,30000,History,Public History,Business; Digital Humanities; Public History,8.2,12.8,3331367.6799999997,781250.13
FEL-273870-21,203748,Lorain County Community College,Two-Year College,1,0,Elyria,OH,Ohio,Lorain,0,39093,44035,-82.07317,41.412350000000004,2020,Rhizomatic Democracy in the 19th-Century Black Press of Ohio,Fellowships,Research Programs,40000,Area Studies,African American Studies,African American Studies; American Studies; Journalism,9.8,11.9,196000,112000
FEL-273874-21,221759,"University of Tennessee, Knoxville",Publishing,3,0,Knoxville,TN,Tennessee,Knox,1,47093,37916,-83.92774,35.9529,2020,Digitizing Early Modern Board Games,Fellowships,Research Programs,60000,Arts,Art History and Criticism,Art History and Criticism; Renaissance Studies,5.9,10.9,2097050.66,251892
FEL-273875-21,196088,"SUNY Research Foundation, University at Buffalo",University,3,0,Amherst,NY,New York,Erie,0,36029,14228,-78.7855,43.00266,2020,"Home, Neighborhood and Community in the Context of Urban Decline",Fellowships,Research Programs,60000,Area Studies,Urban Studies,Sociology; Urban History; Urban Studies,9.2,13.2,3031666.7,658977
FEL-273882-21,NA,Rector and Visitors of the University of Virginia,Publishing,NA,NA,Charlottesville,VA,Virginia,Charlottesville city,0,51540,22903,-78.50208,38.05021,2020,Digital Biography: Teaching the Life of the Buddha Using Literature and Art,Fellowships,Research Programs,60000,Arts,Art History and Criticism,Art History and Criticism; East Asian Literature; Nonwestern Religion,6.7,15.8,5667497.82,1134527
AH-274009-20,NA,Teagle Foundation Inc.,Philanthropic Foundation,NA,NA,New York,NY,New York,New York,0,36061,10022,-73.9722,40.75691,2020,"The ""Cornerstone"" Approach to Reinvigorating General Education",Cooperative Agreements and Special Projects (Education),Education Programs,3000000,Unspecified,NA,NA,9.5,16.3,78116853.73,14055196.65
RJ-274030-20,NA,International Center of Medieval Art Inc.,Professional Association,NA,NA,New York,NY,New York,New York,0,36061,10040,-73.93451,40.85887,2020,International Center of Medieval Art Coordinator for Digital Engagement,Cooperative Agreements and Special Projects (Research),Research Programs,11139,Arts,Art History and Criticism,Art History and Criticism,9.5,16.3,78116853.73,14055196.65
GA-274046-20,NA,"Friends of Alice Austen House, Inc.",Historical Site/House,NA,NA,Staten Island,NY,New York,Richmond,0,36085,10305,-74.06353,40.6153,2020,Alice Austen House: Expanding Access to Public Programming in 2020,Cooperative Agreements and Special Projects (Public Programs),Public Programs,63000,History,U.S. History,U.S. History; Women's History,10.5,10.6,167145,102145
AH-274068-20,192819,Marist College,Four-Year College,6,0,Poughkeepsie,NY,New York,Dutchess,0,36027,12601,-73.93262,41.72702,2020,The Digital Humanities Class Development Project,Cooperative Agreements and Special Projects (Education),Education Programs,140902,Interdisciplinary,"Interdisciplinary Studies, General","Interdisciplinary Studies, General",7.3,8.3,1526523,246902
GA-274082-20,NA,American Jewish Historical Society,Historical Society,NA,NA,New York,NY,New York,New York,0,36061,10011,-73.99332,40.73771,2020,Live From the AJHS Archives,Cooperative Agreements and Special Projects (Public Programs),Public Programs,206994,History,U.S. History,"History, Other; U.S. History",9.5,16.3,78116853.73,14055196.65
PB-274096-20,NA,Seneca Nation of Indians,University,NA,NA,Salamanca,NY,New York,Cattaraugus,1,36009,14779,-78.72012,42.16297,2020,Seneca Nation Archives Department Preservation and Access,Cooperative Agreements and Special Projects (P&A),Preservation and Access,30591,Interdisciplinary,"Interdisciplinary Studies, Other","History, Other; Interdisciplinary Studies, Other",9.1,16.3,237435,30591
PB-274143-20,NA,American Philosophical Society,Center For Advanced Study/Research Institute,NA,NA,Philadelphia,PA,Pennsylvania,Philadelphia,0,42101,19106,-75.14947,39.94827,2020,Benjamin Franklin's American Enlightenment: Documenting Early American Science at the American Philosophical Society,Cooperative Agreements and Special Projects (P&A),Preservation and Access,199987,History,U.S. History,"History and Philosophy of Science, Technology, and Medicine; Public History; U.S. History",12.2,19.4,14436056.34,2799025.66
RJ-274158-20,176017,University Press of Mississippi,Publishing,NA,NA,Jackson,MS,Mississippi,Hinds,0,28049,39211,-90.14201,32.34015,2020,University Press of Mississippi (a proposal to support salary costs and retain staff during the COVID-19 pandemic),Cooperative Agreements and Special Projects (Research),Research Programs,94097,Area Studies,American Studies,"African American Studies; American Studies; Arts, General",9.3,25.9,2385566.77,641433
GA-274177-20,NA,Jamestown Rediscovery Foundation,Historical Site/House,NA,NA,Jamestown,VA,Virginia,James City,0,51095,23185,-76.78535,37.22431,2020,Rediscovering Jamestown: A New Way to Explore James Fort Virtually,Cooperative Agreements and Special Projects (Public Programs),Public Programs,153261,Humanities,Archaeology,Archaeology; U.S. History,7.1,6.5,352232,153261
AH-274182-20,NA,"National Baseball Hall of Fame and Museum, Inc.",History Museum,NA,NA,Cooperstown,NY,New York,Otsego,1,36077,13326,-74.92261,42.70002,2020,Safe at Home Education Resources,Cooperative Agreements and Special Projects (Education),Education Programs,294472.83,History,Cultural History,Cultural History; U.S. History,6.9,12.8,294472.83,294472.83
AH-274195-20,NA,Northampton County Historical Genealogical Society,Historical Society,NA,NA,Easton,PA,Pennsylvania,Northampton,0,42095,18042,-75.21082,40.69106,2020,Digitize the Northampton County Historical and Geneaological Society's K-12 School Tours to Create Virtual Field Trips,Cooperative Agreements and Special Projects (Education),Education Programs,46820,History,U.S. History,"Anthropology; Arts, Other; U.S. History",8.7,7.6,1295725.72,177742
HC-274224-20,NA,Shakertown at Pleasant Hill Kentucky Inc.,Historical Site/House,NA,NA,Harrodsburg,KY,Kentucky,Mercer,0,21167,40330,-84.73646,37.81642,2020,Expanding Digital Humanities at SVPH,Cooperative Agreements and Special Projects (Digital Humanities),Digital Humanities,95075.25,History,U.S. History,Architecture; Cultural Anthropology; U.S. History,7.1,13.1,95075.25,95075.25
GA-274245-20,NA,North Carolina Department of Cultural Resources,Four-Year College,NA,NA,Raleigh,NC,North Carolina,Wake,0,37183,27601,-78.63757,35.7826,2020,2020 Programming at Tryon Palace,Cooperative Agreements and Special Projects (Public Programs),Public Programs,150000,History,U.S. History,U.S. History,6.3,7.4,1354074.6,162000
GA-274261-20,NA,Washington County Museum of Fine Arts,Art Museum,NA,NA,Hagerstown,MD,Maryland,Washington,1,24043,21740,-77.72182,39.63607,2020,WCMFA Arts and Humanities Programming and Virtual Access,Cooperative Agreements and Special Projects (Public Programs),Public Programs,127526,Arts,Art History and Criticism,African American Studies; Art History and Criticism; Cultural History,6.5,12.3,243172.30000000002,137281
GA-274266-20,NA,Western New York Public Broadcasting Association,Radio Station,NA,NA,Buffalo,NY,New York,Erie,0,36029,14240,-78.82664,42.88496,2020,Women's Suffrage in New York,Cooperative Agreements and Special Projects (Public Programs),Public Programs,102376,History,Women's History,Women's History,9.2,13.2,3031666.7,658977
PB-274326-20,NA,Upcountry History Museum,History Museum,NA,NA,Greenville,SC,South Carolina,Greenville,1,45045,29601,-82.40266,34.85618,2020,The Collection Move: Preserving the Upcountry SC's Cultural Heritage,Cooperative Agreements and Special Projects (P&A),Preservation and Access,19297,History,U.S. History,U.S. History,5.5,12.1,26297,25297
GA-274332-20,NA,Pittsburgh Trust for Cultural Resources,Arts-Related Organization,NA,NA,Pittsburgh,PA,Pennsylvania,Allegheny,1,42003,15222,-79.99776,40.44308,2020,Pittsburgh Humanities Festival and Bookish in the 'Burgh,Cooperative Agreements and Special Projects (Public Programs),Public Programs,61790,Interdisciplinary,"Interdisciplinary Studies, Other","American Studies; Interdisciplinary Studies, Other",8.8,10.5,5940946.359999999,702428
RJ-274341-20,204796,Ohio State University,University,3,0,Columbus,OH,Ohio,Franklin,0,39049,43210,-83.0098,40.00011,2020,COVID-19 Support for Scholarly Publishing,Cooperative Agreements and Special Projects (Research),Research Programs,80102,Literature,"Literature, General","African American Studies; Literature, General; Medieval Studies",7.6,15.4,1472216.81,643757.42
GA-274347-20,NA,Woodrow Wilson Presidential Library Foundation,History Museum,NA,NA,Staunton,VA,Virginia,Staunton city,0,51790,24401,-79.0687,38.1505,2020,Woodrow Wilson Presidential Library: Connecting History to Today During the COVID Crisis,Cooperative Agreements and Special Projects (Public Programs),Public Programs,119857,History,U.S. History,Political History; Public History; U.S. History,6.5,12.3,255239,119857
GA-274359-20,NA,American Association of Museums,Professional Association,NA,NA,Arlington,VA,Virginia,Arlington,0,51013,22202,-77.04971,38.85221,2020,AAM Resources & Initiatives in Response to the Coronavirus Pandemic,Cooperative Agreements and Special Projects (Public Programs),Public Programs,149947,Interdisciplinary,"Interdisciplinary Studies, General","History, Criticism, and Theory of the Arts; History, General; Interdisciplinary Studies, General",4.6,6,2852075.54,149947
GA-274361-20,NA,Colonial Williamsburg Foundation,History Museum,NA,NA,Williamsburg,VA,Virginia,Williamsburg city,0,51830,23185,-76.70596,37.2716,2020,Explore From Home: Using 21st-Century Technology to Tell Our 18th-Century Story,Cooperative Agreements and Special Projects (Public Programs),Public Programs,150000,History,U.S. History,U.S. History,8.4,16.8,1988346.08,617125
GA-274362-20,NA,Andrew Jackson Foundation,Historical Site/House,NA,NA,Hermitage,TN,Tennessee,Davidson,0,47037,37076,-86.61646,36.21314,2020,Programming at Andrew Jackson's Hermitage: Adapting the Guest Experience Amid a Pandemic,Cooperative Agreements and Special Projects (Public Programs),Public Programs,262572,History,U.S. History,Public History; U.S. History,8.2,12.8,3331367.6799999997,781250.13
GA-274369-20,NA,Putnam History Museum,Museum,NA,NA,Cold Spring,NY,New York,Putnam,0,36079,10516,-73.94954,41.41673,2020,Socially Distant Outdoor and Online Programming Initiative,Cooperative Agreements and Special Projects (Public Programs),Public Programs,36062,History,Public History,"Interdisciplinary Studies, General; Public History",7.2,5.7,429571,36062
PB-274405-20,162122,"College of Southern Maryland, La Plata",Two-Year College,1,0,La Plata,MD,Maryland,Charles,0,24017,20646,-77.00571,38.56498,2020,Stories of Southern Maryland,Cooperative Agreements and Special Projects (P&A),Preservation and Access,25500,History,Public History,Public History,6.4,7.4,25500,25500
GA-274407-20,NA,Frick Collection,Museum,NA,NA,New York,NY,New York,New York,0,36061,10021,-73.96772,40.77114,2020,The Frick Collection: Virtual Programs in Response to COVID-19,Cooperative Agreements and Special Projects (Public Programs),Public Programs,225000,Arts,Art History and Criticism,Art History and Criticism,9.5,16.3,78116853.73,14055196.65
HC-274493-20,199120,"University of North Carolina Press, Inc.",Publishing,3,0,Chapel Hill,NC,North Carolina,Orange,0,37135,27515,-79.03022,35.92769,2020,Sustaining High-Impact Humanities Publishing at the University of North Carolina Press,Cooperative Agreements and Special Projects (Digital Humanities),Digital Humanities,150000,History,"History, General","History, General",5.3,10.3,1384311.22,267500
HC-274501-20,NA,Wyoming Historical and Geological Society,Historical Society,NA,NA,Wilkes-Barre,PA,Pennsylvania,Luzerne,1,42079,18701,-75.88541,41.24575,2020,Digitizing the LCHS Collections,Cooperative Agreements and Special Projects (Digital Humanities),Digital Humanities,30000,History,U.S. History,U.S. History,10.7,15.1,429720,320377
GA-274526-20,NA,Maryland African American Museum Corporation,History Museum,NA,NA,Baltimore,MD,Maryland,Baltimore city,0,24510,21202,-76.60312,39.28746,2020,"Responding, Recovering and Thriving after COVID-19: Digitizing the Freedom Bound Exhibition",Cooperative Agreements and Special Projects (Public Programs),Public Programs,63711,History,African American History,African American History,8.5,20,3788310,584026
AH-274557-20,NA,Gilder Lehrman Institute of American History,University,NA,NA,New York,NY,New York,New York,0,36061,10036,-73.98047,40.75511,2020,Pivoting to Fill the Gap in History Education through Digital Programming,Cooperative Agreements and Special Projects (Education),Education Programs,148000,History,U.S. History,U.S. History,9.5,16.3,78116853.73,14055196.65
GA-274595-20,NA,"City Lore, Inc.",University,NA,NA,New York,NY,New York,New York,0,36061,10003,-73.98969,40.7239,2020,"The Corona Chronicles: Documenting, Archiving and Disseminating Creative Responses to the Corona Virus Era",Cooperative Agreements and Special Projects (Public Programs),Public Programs,132000,Arts,Art History and Criticism,American Studies; Art History and Criticism; Cultural History,9.5,16.3,78116853.73,14055196.65
GA-274602-20,NA,Katonah Museum of Art,Museum,NA,NA,Katonah,NY,New York,Westchester,0,36119,10536,-73.67484,41.26286,2020,Online Public Programming During the Shutdown,Cooperative Agreements and Special Projects (Public Programs),Public Programs,174371,Arts,Art History and Criticism,Art History and Criticism,8,7.6,2797620.9,543555.9
AH-274634-20,NA,North Country Children's Museum,General Museum,NA,NA,Potsdam,NY,New York,St. Lawrence,0,36089,13676,-74.98901,44.66981,2020,History Exhibit & Cultural Programs,Cooperative Agreements and Special Projects (Education),Education Programs,15000,Interdisciplinary,"Interdisciplinary Studies, General","Interdisciplinary Studies, General",7.9,14.7,200382,23200
AH-274637-20,NA,Association of Art Museum Directors,National Organization,NA,NA,New York,NY,New York,New York,0,36061,10022,-73.9704,40.76048,2020,AAMD: Continued Service to the Field,Cooperative Agreements and Special Projects (Education),Education Programs,100000,Arts,"Arts, General","Arts, General; Arts, Other; Communications",9.5,16.3,78116853.73,14055196.65
RJ-274643-20,NA,Society for Classical Studies,Center For Advanced Study/Research Institute,NA,NA,New York,NY,New York,New York,0,36061,10003,-73.99138,40.72786,2020,Stabilizing Research and Publications Activities During COVID-19 and Ensuring Momentum for the Future,Cooperative Agreements and Special Projects (Research),Research Programs,65916,Literature,Classics,Classics,9.5,16.3,78116853.73,14055196.65
AH-274656-20,215770,St. Joseph's University,Four-Year College,6,0,Philadelphia,PA,Pennsylvania,Philadelphia,0,42101,19131,-75.23866,39.9954,2020,Strengthening the Humanities Core and Supporting Contingent Faculty During COVID-19,Cooperative Agreements and Special Projects (Education),Education Programs,294058.9,Interdisciplinary,"Interdisciplinary Studies, General","Interdisciplinary Studies, General",12.2,19.4,14436056.34,2799025.66
AH-274672-20,199111,"University of North Carolina, Asheville",Four-Year College,9,0,Asheville,NC,North Carolina,Buncombe,1,37021,28804,-82.56589,35.61901,2020,Preparing for Disruption: Supporting Humanities Instructors with Online and Compressed Course Development,Cooperative Agreements and Special Projects (Education),Education Programs,299163,Interdisciplinary,"Interdisciplinary Studies, General","Interdisciplinary Studies, General",8.2,13.9,903300.45,461182.44999999995
PB-274775-20,NA,Association for Cultural Equity,Archive,NA,NA,New York,NY,New York,New York,0,36061,10036,-73.99516,40.75858,2020,Updating and upgrading the online Alan Lomax Archive,Cooperative Agreements and Special Projects (P&A),Preservation and Access,57178,Interdisciplinary,"Interdisciplinary Studies, General","Interdisciplinary Studies, General",9.5,16.3,78116853.73,14055196.65
AH-274779-20,220710,Maryville College,Four-Year College,9,0,Maryville,TN,Tennessee,Blount,1,47009,37804,-83.96523,35.75497,2020,Maryville College Maintaining Humanities: Transitioning Online,Cooperative Agreements and Special Projects (Education),Education Programs,82519,Interdisciplinary,"Interdisciplinary Studies, General","Interdisciplinary Studies, General",6.4,9.2,117519,82519
GA-274783-20,215062,Trustees of the University of Pennsylvania,University,3,0,Philadelphia,PA,Pennsylvania,Philadelphia,0,42101,19104,-75.19276,39.95298,2020,NEH CARES: Penn Museum Public Programs and Exhibitions,Cooperative Agreements and Special Projects (Public Programs),Public Programs,215000,Humanities,Archaeology,Archaeology,12.2,19.4,14436056.34,2799025.66
AH-274802-20,101587,University of West Alabama,Four-Year College,6,0,Livingston,AL,Alabama,Sumter,0,01119,35470,-88.14939,32.50008,2020,"Respect the Past, Create the Future within the Black Belt Region of Alabama",Cooperative Agreements and Special Projects (Education),Education Programs,165000,Interdisciplinary,"Interdisciplinary Studies, General","Interdisciplinary Studies, General",7.6,29.2,165000,165000
PB-274804-20,NA,Council of State Archivists,National Organization,NA,NA,Frankfort,KY,Kentucky,Franklin,0,21073,40602,-84.8748,38.23413,2020,Council of State Archivists' CARES Project,Cooperative Agreements and Special Projects (P&A),Preservation and Access,41000,Interdisciplinary,"Interdisciplinary Studies, General","Interdisciplinary Studies, General; U.S. History",6.4,12.8,101000,41000
AH-274820-20,NA,"Long Island Museum of American Art, History, and Carriages",General Museum,NA,NA,Stony Brook,NY,New York,Suffolk,0,36103,11790,-73.14006,40.91271,2020,LIM Connects: A Superhighway to Museum Learning Inside Your Classroom,Cooperative Agreements and Special Projects (Education),Education Programs,59713,History,"History, Other","Arts, Other; History, Other",8.1,6.1,755203,245203
AH-274838-20,194958,Roberts Wesleyan College,Four-Year College,6,0,Rochester,NY,New York,Monroe,0,36055,14624,-77.80142,43.12699,2020,Roberts Wesleyan College A.S. Arts & Culture,Cooperative Agreements and Special Projects (Education),Education Programs,72682,Interdisciplinary,"Interdisciplinary Studies, General","Interdisciplinary Studies, General",8.2,13.9,5554529.78,1192373.21
PB-274845-20,NA,Wyck Association,Historical Site/House,NA,NA,Philadelphia,PA,Pennsylvania,Philadelphia,0,42101,19144,-75.17812,40.03967,2020,Our Germantown Stories: Building Community Through Innovative Digital Archiving Work,Cooperative Agreements and Special Projects (P&A),Preservation and Access,17254.76,History,U.S. History,U.S. History; Urban History,12.2,19.4,14436056.34,2799025.66
AH-274864-20,190576,"CUNY Research Foundation, Graduate School and University Center",Center For Advanced Study/Research Institute,3,0,New York,NY,New York,New York,0,36061,10016,-73.98421,40.74873,2020,Institute For Language Education in Transcultural Context,Cooperative Agreements and Special Projects (Education),Education Programs,42060,Language,"Languages, General","Languages, General; Literature, General",9.5,16.3,78116853.73,14055196.65
AH-274867-20,NA,Seward House Museum,Four-Year College,NA,NA,Auburn,NY,New York,Cayuga,0,36011,13021,-76.56606,42.9291,2020,Sustaining Museum Educators during a Global Pandemic,Cooperative Agreements and Special Projects (Education),Education Programs,46532,History,"History, General","History, General",7.6,11.7,110855,46532
GA-274873-20,NA,Columbia Art Association,Art Museum,NA,NA,Columbia,SC,South Carolina,Richland,0,45079,29202,-81.03891,34.00858,2020,Visions from India: 21st-Century Art from the Pizzuti Collection,Cooperative Agreements and Special Projects (Public Programs),Public Programs,150000,Arts,"History, Criticism, and Theory of the Arts","History, Criticism, and Theory of the Arts; South Asian History; South Asian Studies",5.7,16,3178952.8600000003,537277
AH-274885-20,214069,Misericordia University,University,7,0,Dallas,PA,Pennsylvania,Luzerne,1,42079,18612,-75.98035,41.34912,2020,Humanities in the Time of COVID-19: Fostering Community Dialogue,Cooperative Agreements and Special Projects (Education),Education Programs,256413,Interdisciplinary,"Interdisciplinary Studies, General","Arts, General; History and Philosophy of Science, Technology, and Medicine; Interdisciplinary Studies, General",10.7,15.1,429720,320377
GA-274904-20,NA,Virginia Museum of Fine Arts,Art Museum,NA,NA,Richmond,VA,Virginia,Richmond city,0,51760,23220,-77.47425,37.55547,2020,Virginia Museum of Fine Arts - NEH CARES Act,Cooperative Agreements and Special Projects (Public Programs),Public Programs,299627,Arts,"Arts, General","Arts, General",9.1,17.9,3795322.18,1080591.7
GA-274910-20,NA,Fort Ticonderoga Association,Historical Site/House,NA,NA,Ticonderoga,NY,New York,Essex,0,36031,12883,-73.41087,43.85041,2020,From Fort to Screen: Ticonderoga's Virtual Public Programming,Cooperative Agreements and Special Projects (Public Programs),Public Programs,259699,History,Public History,Public History,7.9,10.2,587226,347926
AH-274926-20,213987,Mercyhurst University,Four-Year College,8,0,Erie,PA,Pennsylvania,Erie,1,42049,16546,-80.05351,42.10704,2020,Designing and Delivering Experiential Online Learning in the Humanities at Mercyhurst University,Cooperative Agreements and Special Projects (Education),Education Programs,100000,Language,"Languages, General","Languages, General",9.6,13.4,106330.9,106330.9
PB-274932-20,NA,Ohio Historical Society,Four-Year College,NA,NA,Columbus,OH,Ohio,Franklin,0,39049,43211,-82.98765,40.00095,2020,Preserving Staff who Preserve Ohio's History: Preparing for Collection Facility by Improving Physical & Intellectual Control,Cooperative Agreements and Special Projects (P&A),Preservation and Access,292560,History,U.S. History,U.S. History,7.6,15.4,1472216.81,643757.42
HC-274958-20,NA,"Great Lakes Theater Festival, Inc.",Arts-Related Organization,NA,NA,Cleveland,OH,Ohio,Cuyahoga,0,39035,44115,-81.68115,41.50111,2020,Re-imagining In-Person School Residency Humanities Programming for Digital Deployment in the New Covid-19 Paradigm,Cooperative Agreements and Special Projects (Digital Humanities),Digital Humanities,25000,Arts,"Arts, Other","Arts, Other",10.5,15.3,1340039.36,405010
HC-274974-20,NA,American Civil War Museum Foundation,History Museum,NA,NA,Richmond,VA,Virginia,Richmond city,0,51760,23219,-77.44355,37.5354,2020,American Civil War Museum COVID-19 Adapted Public History Interpretation,Cooperative Agreements and Special Projects (Digital Humanities),Digital Humanities,285149.7,History,U.S. History,"History, General; Public History; U.S. History",9.1,17.9,3795322.18,1080591.7
HC-274985-20,NA,International Storytelling Center,National Organization,NA,NA,Jonesborough,TN,Tennessee,Washington,1,47179,37659,-82.47409,36.29402,2020,Resilience through Story: Advancing the Power and Possibilities of the Humanities through Online Storytelling Platform Design,Cooperative Agreements and Special Projects (Digital Humanities),Digital Humanities,219109,History,Cultural History,Cultural History; Folklore and Folklife; Public History,6.3,13.2,693950,219109
HC-274988-20,NA,"Rhizome Communications, Inc.",Art Museum,NA,NA,New York,NY,New York,New York,0,36061,10002,-73.99314,40.72233,2020,ArtBase Modernization,Cooperative Agreements and Special Projects (Digital Humanities),Digital Humanities,89000,Arts,Art History and Criticism,"Art History and Criticism; Arts, Other",9.5,16.3,78116853.73,14055196.65
HC-275007-20,NA,"Walter Anderson Museum of Art, Inc.",Art Museum,NA,NA,Ocean Springs,MS,Mississippi,Jackson,0,28059,39564,-88.82769,30.41093,2020,Southern Art/Wider World: A Digital Humanities Exchange,Cooperative Agreements and Special Projects (Digital Humanities),Digital Humanities,72884,Arts,Art History and Criticism,Art History and Criticism; U.S. History,9.4,13.4,72884,72884
HC-275058-20,NA,"Sandy Spring Museum, Inc.",History Museum,NA,NA,Sandy Spring,MD,Maryland,Montgomery,0,24031,20860,-77.02163,39.15172,2020,Making Digital Content Accessible,Cooperative Agreements and Special Projects (Digital Humanities),Digital Humanities,92477,Humanities,Folklore and Folklife,American Studies; Folklore and Folklife,6,6.7,647170,92477
HC-275076-20,NA,Edward Hopper House Museum & Study Center,Historical Site/House,NA,NA,Nyack,NY,New York,Rockland,0,36087,10960,-73.91792,41.09332,2020,"Digitization Project, Edward Hopper Archive",Cooperative Agreements and Special Projects (Digital Humanities),Digital Humanities,32077,Area Studies,American Studies,American Studies; Area Studies,7.7,14.4,107077,107077
RJ-275112-20,NA,"Institute on Religion and Public Life, Inc.",Publishing,NA,NA,New York,NY,New York,New York,0,36061,10016,-73.98064,40.7518,2020,Young Writers and Editors after COVID-19,Cooperative Agreements and Special Projects (Research),Research Programs,100000,Humanities,Journalism,"Intellectual History; Journalism; Religion, Other",9.5,16.3,78116853.73,14055196.65
RJ-275130-20,190415,Cornell University,Four-Year College,3,0,Ithaca,NY,New York,Tompkins,1,36109,14850,-76.46515,42.43782,2020,Cornell University Press - Open Access in a Closed World,Cooperative Agreements and Special Projects (Research),Research Programs,102973.46,Interdisciplinary,"Interdisciplinary Studies, General","History, General; Interdisciplinary Studies, General; Social Sciences, General",5.8,12.4,2959805.7,859670.99
RJ-275146-20,NA,"Modern Language Association of America, Inc.",Center For Advanced Study/Research Institute,NA,NA,New York,NY,New York,New York,0,36061,10004,-74.01146,40.70402,2020,Modern Language Association Support for Remote Convening and Research,Cooperative Agreements and Special Projects (Research),Research Programs,49250,Language,"Languages, General","Languages, General; Literature, General",9.5,16.3,78116853.73,14055196.65
PB-275150-20,NA,George Eastman Museum,University,NA,NA,Rochester,NY,New York,Monroe,0,36055,14607,-77.58123,43.15179,2020,Transforming Audience Engagement and Reach through Digital Programs,Cooperative Agreements and Special Projects (P&A),Preservation and Access,135000,Arts,"Arts, Other","Arts, General; Arts, Other; Film History and Criticism",8.2,13.9,5554529.78,1192373.21
PB-275160-20,NA,"StoryCorps, Inc.",National Organization,NA,NA,Brooklyn,NY,New York,Kings,0,36047,11217,-73.97443,40.6854,2020,"Sustaining the StoryCorps Archive as a Public Service: Recording, Preserving, and Sharing Interviews During COVID-19",Cooperative Agreements and Special Projects (P&A),Preservation and Access,131238,History,Public History,Folklore and Folklife; Public History,12.5,17.8,7011052.99,1093678
PB-275165-20,NA,Center for Jewish History,Center For Advanced Study/Research Institute,NA,NA,New York,NY,New York,New York,0,36061,10011,-73.99332,40.73771,2020,"Sustaining History, Sustaining Staff: Mission-Critical Services and Crisis-Informed Projects at the Center for Jewish History",Cooperative Agreements and Special Projects (P&A),Preservation and Access,298500,Area Studies,Jewish Studies,"History, General; Jewish Studies",9.5,16.3,78116853.73,14055196.65
PB-275210-20,NA,Carnegie Hall Corporation,Archive,NA,NA,New York,NY,New York,New York,0,36061,10019,-73.98042,40.7648,2020,Carnegie Hall Archives Staff Support,Cooperative Agreements and Special Projects (P&A),Preservation and Access,133367,Arts,Music History and Criticism,Music History and Criticism; U.S. History,9.5,16.3,78116853.73,14055196.65
PB-275217-20,212009,Dickinson College,Four-Year College,9,0,Carlisle,PA,Pennsylvania,Cumberland,0,42041,17013,-77.19704,40.20106,2020,Securing staff to support two humanities archival outreach projects at Dickinson College during Covid-19,Cooperative Agreements and Special Projects (P&A),Preservation and Access,73508,History,Public History,Public History; U.S. History,6.5,7.6,289101,198101
PB-275245-20,196866,"Union College, Schenectady",Four-Year College,9,0,Schenectady,NY,New York,Schenectady,0,36093,12308,-73.93106,42.81453,2020,"First Citizen Remembered: The Papers of John Bigelow and the Nation at Home and Abroad, 1833-1911",Cooperative Agreements and Special Projects (P&A),Preservation and Access,34842.52,History,U.S. History,American Studies; U.S. History,7.7,10.9,34842.52,34842.52
PB-275265-20,NA,Apollo Theater Foundation,Independent Production Company,NA,NA,New York,NY,New York,New York,0,36061,10027,-73.95089,40.81016,2020,Support of Apollo Theater Archives Staff,Cooperative Agreements and Special Projects (P&A),Preservation and Access,40000,Arts,"Arts, Other","African American History; Arts, Other; Music History and Criticism",9.5,16.3,78116853.73,14055196.65
PB-275313-20,NA,"Delaware and Lehigh National Heritage Corridor, Inc.",Historic Preservation Organization,NA,NA,Easton,PA,Pennsylvania,Northampton,0,42095,18042,-75.19872,40.67292,2020,Increasing Access to the National Canal Museum's Collections,Cooperative Agreements and Special Projects (P&A),Preservation and Access,58922,History,U.S. History,U.S. History,8.7,7.6,1295725.72,177742
PB-275349-20,NA,"Alvin Ailey Dance Foundation, Inc.",Arts-Related Organization,NA,NA,New York,NY,New York,New York,0,36061,10019,-73.98805,40.76731,2020,Alvin Ailey Choreographic Legacy Project,Cooperative Agreements and Special Projects (P&A),Preservation and Access,72490,Arts,Dance History and Criticism,Dance History and Criticism,9.5,16.3,78116853.73,14055196.65
PB-275352-20,NA,Massillon Museum,University,NA,NA,Massillon,OH,Ohio,Stark,0,39151,44646,-81.52159,40.79682,2020,Preserving our Shared Heritage,Cooperative Agreements and Special Projects (P&A),Preservation and Access,86425,Interdisciplinary,"Interdisciplinary Studies, General","Arts, General; History, General; Interdisciplinary Studies, General",8.1,13.2,95775,86425
PB-275361-20,217882,Clemson University,University,4,0,Clemson,SC,South Carolina,Pickens,1,45077,29634,-82.82688,34.68163,2020,COVID-19 Emergency Relief Funding for New Postdoctoral Position in Public Humanities and African American Life in Upstate South Carolina,Cooperative Agreements and Special Projects (P&A),Preservation and Access,30000,History,African American History,"African American History; Literature, Other",5.1,15.3,985048.5,436000
PB-275364-20,204909,Ohio Wesleyan University,Four-Year College,9,0,Delaware,OH,Ohio,Delaware,0,39041,43015,-83.06793,40.29545,2020,Ross Art Museum: Protecting Vital Humanities Resources During COVID-19,Cooperative Agreements and Special Projects (P&A),Preservation and Access,39556,Arts,"Arts, General","Arts, General; Arts, Other; Interdisciplinary Studies, General",5.4,3.7,136187,81965
PB-275392-20,NA,Cheekwood Botanical Garden and Museum of Art,Art Museum,NA,NA,Nashville,TN,Tennessee,Davidson,0,47037,37205,-86.87209,36.08582,2020,A Foundation for Collections Access: Retaining and Cross-Training Staff to Digitize Permanent Collection Records at Cheekwood,Cooperative Agreements and Special Projects (P&A),Preservation and Access,115575,Arts,"Arts, General","Arts, General; History, General",8.2,12.8,3331367.6799999997,781250.13
PB-275427-20,NA,West Virginia Mine Wars Museum,History Museum,NA,NA,Matewan,WV,West Virginia,Mingo,1,54059,25678,-82.10778,37.61542,2020,Digitizing the West Virginia Mine Wars Museum's Collections,Cooperative Agreements and Special Projects (P&A),Preservation and Access,29145,History,Labor History,Labor History,14.2,24.9,153540,29145
PB-275428-20,NA,Pennsylvania Horticultural Society,Non-Profit Educational Center,NA,NA,Philadelphia,PA,Pennsylvania,Philadelphia,0,42101,19103,-75.1729,39.95562,2020,"Philadelphia Gardens and their Creators, 1900-2010",Cooperative Agreements and Special Projects (P&A),Preservation and Access,44796,History,Cultural History,Cultural History; U.S. Regional Studies,12.2,19.4,14436056.34,2799025.66
AH-275502-20,213251,Juniata College,Four-Year College,9,0,Huntingdon,PA,Pennsylvania,Huntingdon,1,42061,16652,-78.0173,40.49869,2020,Juniata CARES: Sustaining the Humanities in Rural Central Pennsylvania Higher Education,Cooperative Agreements and Special Projects (Education),Education Programs,164093,Literature,Composition and Rhetoric,"Composition and Rhetoric; Interdisciplinary Studies, Other",10.2,10.7,857595,164093
AH-275540-20,NA,"National Association of Scholars, Inc.",National Organization,NA,NA,New York,NY,New York,New York,0,36061,10017,-73.97644,40.75688,2020,History Instructional Materials and Support Project,Cooperative Agreements and Special Projects (Education),Education Programs,184265.27,History,U.S. History,U.S. History,9.5,16.3,78116853.73,14055196.65
AH-275560-20,232566,Longwood University,Four-Year College,7,0,Farmville,VA,Virginia,Prince Edward,0,51147,23909,-78.39489,37.30157,2020,A Legacy of Resilience: The Moton School Story Online Exhibition,Cooperative Agreements and Special Projects (Education),Education Programs,52984,History,African American History,African American History,6.7,23.6,154870.78,52984
AH-275583-20,201441,Bowling Green State University,University,4,0,Bowling Green,OH,Ohio,Wood,0,39173,43403,-83.6324,41.37807,2020,Toward a Pedagogy from Crisis: Adaptive Teaching and Learning at Bowling Green State University During COVID-19,Cooperative Agreements and Special Projects (Education),Education Programs,266831.81,Interdisciplinary,"Interdisciplinary Studies, Other","Interdisciplinary Studies, Other",7,9.9,312685.46,266831.81
AH-275595-20,190567,"CUNY Research Foundation, City College",Four-Year College,6,0,New York,NY,New York,New York,0,36061,10031,-73.95096,40.81846,2020,Retention and Professional Development of Adjuncts in a Covid-19 Instructional Environment at the City College of New York,Cooperative Agreements and Special Projects (Education),Education Programs,298518,Interdisciplinary,"Interdisciplinary Studies, General","Interdisciplinary Studies, General",9.5,16.3,78116853.73,14055196.65
AH-275666-20,190600,"CUNY Research Foundation, John Jay College",Four-Year College,6,0,New York,NY,New York,New York,0,36061,10019,-73.98906,40.77092,2020,"Supporting Contingent Humanities Faculty and Online Learning at John Jay College of Criminal Justice, CUNY in 2020",Cooperative Agreements and Special Projects (Education),Education Programs,296645,History,"History, General","History, General; Literature, General; Philosophy, General",9.5,16.3,78116853.73,14055196.65
AH-275723-20,190594,"CUNY Research Foundation, Hunter College",Four-Year College,6,0,New York,NY,New York,New York,0,36061,10065,-73.96524,40.76899,2020,Puerto Rican Cultural Preservation in Times of COVID,Cooperative Agreements and Special Projects (Education),Education Programs,118802.06,Area Studies,Hispanic American Studies,Hispanic American Studies,9.5,16.3,78116853.73,14055196.65
AH-275729-20,NA,Munson-Williams-Proctor Arts Institute,Art Museum,NA,NA,Utica,NY,New York,Oneida,0,36065,13502,-75.24076,43.09687,2020,Virtual Exploration and Engagement of Munson-Williams’ Victorian American Period Rooms through COVID-19 and Beyond,Cooperative Agreements and Special Projects (Education),Education Programs,51572,Arts,"Arts, General","Arts, General; Arts, Other",7.8,12.4,267059,51572
AH-275734-20,NA,Colebrookdale Railroad Preservation Trust,History Museum,NA,NA,Boyertown,PA,Pennsylvania,Berks,0,42011,19512,-75.63766,40.33105,2020,Colebrookdale Railroad Education Programs Emergency Relief,Cooperative Agreements and Special Projects (Education),Education Programs,176470,History,U.S. History,American Studies; U.S. History; U.S. Regional Studies,9.2,10.9,177470,176470
AH-275828-20,237792,Shepherd University,Four-Year College,8,0,Shepherdstown,WV,West Virginia,Jefferson,1,54037,25443,-77.79624,39.41558,2020,Humanities Hub at Shepherd: Surviving the Coronavirus Crisis,Cooperative Agreements and Special Projects (Education),Education Programs,106358.31,Interdisciplinary,"Interdisciplinary Studies, General","Interdisciplinary Studies, General",5.9,7.8,106358.31,106358.31
AH-275847-20,204909,Ohio Wesleyan University,Four-Year College,9,0,Delaware,OH,Ohio,Delaware,0,39041,43015,-83.06793,40.29545,2020,Advancing Humanities at Ohio Wesleyan University’s Libraries in the Face of Adversity,Cooperative Agreements and Special Projects (Education),Education Programs,42409,Interdisciplinary,"Interdisciplinary Studies, General","Interdisciplinary Studies, General; Interdisciplinary Studies, Other",5.4,3.7,136187,81965
AH-275850-20,NA,History Center in Tompkins County,Non-Profit Educational Center,NA,NA,Ithaca,NY,New York,Tompkins,1,36109,14850,-76.49357,42.43933,2020,"Youth Program Resilience, and Community Archives and Exhibits",Cooperative Agreements and Special Projects (Education),Education Programs,79814,History,Public History,"History, General; Public History; Rural Studies",5.8,12.4,2959805.7,859670.99
GA-275870-20,NA,Cleveland Museum of Art,Museum,NA,NA,Cleveland,OH,Ohio,Cuyahoga,0,39035,44106,-81.61055,41.50928,2020,Home Is Where the Art Is,Cooperative Agreements and Special Projects (Public Programs),Public Programs,294500,Arts,Art History and Criticism,Art History and Criticism,10.5,15.3,1340039.36,405010
GA-275892-20,NA,Buffalo and Erie County Historical Society,Historical Society,NA,NA,Buffalo,NY,New York,Erie,0,36029,14216,-78.87713,42.93592,2020,EOS: Exploring Our Stories,Cooperative Agreements and Special Projects (Public Programs),Public Programs,101709,History,Public History,Public History; U.S. History,9.2,13.2,3031666.7,658977
GA-275895-20,NA,"Thomas Jefferson Foundation, Inc.",Historical Site/House,NA,NA,Charlottesville,VA,Virginia,Charlottesville city,0,51540,22902,-78.49146,38.02405,2020,In the Course of Human Events: Pivoting Monticello to a New Normal,Cooperative Agreements and Special Projects (Public Programs),Public Programs,215000,History,U.S. History,American Studies; Public History; U.S. History,6.7,15.8,5667497.82,1134527
GA-275907-20,NA,"Mississippi Museum of Art, Inc.",Art Museum,NA,NA,Jackson,MS,Mississippi,Hinds,0,28049,39215,-90.18521,32.29434,2020,Purpose and Proximity during the Pandemic,Cooperative Agreements and Special Projects (Public Programs),Public Programs,297500,Arts,"Arts, General","Arts, General; Arts, Other; Communications",9.3,25.9,2385566.77,641433
GA-275940-20,NA,American Folk Art Museum,Art Museum,NA,NA,Long Island City,NY,New York,Queens,0,36081,11101,-73.9332,40.74184,2020,Remote Programs and Capacity-Building Project,Cooperative Agreements and Special Projects (Public Programs),Public Programs,299900,Arts,"Arts, General","Arts, General",12.4,10.3,2433038.77,804839
GA-275971-20,NA,Buffalo Fine Arts Academy,Art Museum,NA,NA,Buffalo,NY,New York,Erie,0,36029,14222,-78.87687,42.93198,2020,"Support for Cataloguing, Photographing, and Digitizing Artworks from Marisol‘s Bequest to the Albright-Knox Art Gallery",Cooperative Agreements and Special Projects (Public Programs),Public Programs,226602,Arts,Art History and Criticism,Art History and Criticism,9.2,13.2,3031666.7,658977
GA-276010-20,NA,Association for the Preservation of Virginia Antiquities,Historical Society,NA,NA,Richmond,VA,Virginia,Richmond city,0,51760,23220,-77.4457,37.5453,2020,Ongoing Online Humanities Education and Phased Re-opening of Five Historic Sites,Cooperative Agreements and Special Projects (Public Programs),Public Programs,150000,History,"History, General","History, General; U.S. History",9.1,17.9,3795322.18,1080591.7
GA-276016-20,NA,Westcott House Foundation,Historical Site/House,NA,NA,Springfield,OH,Ohio,Clark,0,39023,45505,-83.78912,39.92112,2020,Westcott House: A Community Hub,Cooperative Agreements and Special Projects (Public Programs),Public Programs,59047,Social Science,Architecture,Architecture; Art History and Criticism; Cultural History,8.1,14.3,244529,59047
GA-276101-20,NA,"Hindman Settlement School, Inc.",School District,NA,NA,Hindman,KY,Kentucky,Knott,1,21119,41822,-82.98893,37.29995,2020,Emergency Relief for Foodways Series and Appalachian Literary Imprint,Cooperative Agreements and Special Projects (Public Programs),Public Programs,45488,Humanities,Folklore and Folklife,Folklore and Folklife; Rural Studies; U.S. Regional Studies,8.3,27.7,45488,45488
GA-276178-20,NA,Lower East Side Tenement Museum,History Museum,NA,NA,New York,NY,New York,New York,0,36061,10002,-73.99009,40.71864,2020,"The Power of Place: Race, Placemaking, and Migration",Cooperative Agreements and Special Projects (Public Programs),Public Programs,200000,History,Immigration History,African American History; Immigration History; Urban History,9.5,16.3,78116853.73,14055196.65
GA-276200-20,214971,Pennsylvania Academy of the Fine Arts,Four-Year College,16,0,Philadelphia,PA,Pennsylvania,Philadelphia,0,42101,19102,-75.16313,39.95536,2020,The HEART Project,Cooperative Agreements and Special Projects (Public Programs),Public Programs,150000,Arts,Art History and Criticism,"Art History and Criticism; History and Philosophy of Science, Technology, and Medicine; Social Sciences, General",12.2,19.4,14436056.34,2799025.66
GA-276266-20,NA,"Oral History Association, Inc.",Professional Association,NA,NA,Murfreesboro,TN,Tennessee,Rutherford,0,47149,37132,-86.37066,35.84349,2020,Oral History Association Request for CARES ACT Support to Maintain Threatened Staff Positions and Publish Oral History Content to the Web,Cooperative Agreements and Special Projects (Public Programs),Public Programs,43460,History,"History, General","History, General",7,8.8,1560099.94,43460
GA-276302-20,NA,National Jazz Museum in Harlem,Museum,NA,NA,New York,NY,New York,New York,0,36061,10027,-73.94243,40.80971,2020,"Harlem Speaks, Jazz for Curious Listeners, and Jazz for Curious Readers Online Public Programming",Cooperative Agreements and Special Projects (Public Programs),Public Programs,43500,Arts,Music History and Criticism,African American History; American Literature; Music History and Criticism,9.5,16.3,78116853.73,14055196.65
GA-276308-20,NA,Fort Mifflin on the Delaware,Historical Site/House,NA,NA,Philadelphia,PA,Pennsylvania,Philadelphia,0,42101,19153,-75.21035,39.89355,2020,History En Plein Air,Cooperative Agreements and Special Projects (Public Programs),Public Programs,18802,History,U.S. History,African American History; Military History; U.S. History,12.2,19.4,14436056.34,2799025.66
GA-276320-20,NA,Historic Cherry Hill,Historical Society,NA,NA,Albany,NY,New York,Albany,0,36001,12202,-73.76241,42.63509,2020,Historical African American Experiences at Cherry Hill: Lessons for the Digital Age,Cooperative Agreements and Special Projects (Public Programs),Public Programs,30000,History,Public History,American Studies; Public History; U.S. History,6.9,11.3,1483153.6,333406.36
GA-276354-20,NA,Friends of the Japanese House and Garden,Historical Site/House,NA,NA,Philadelphia,PA,Pennsylvania,Philadelphia,0,42101,19131,-75.22087,39.98044,2020,Traditional Japanese Art and Culture Online Experience through Shofuso Japanese House and Garden,Cooperative Agreements and Special Projects (Public Programs),Public Programs,169954,Area Studies,East Asian Studies,"Architecture; Arts, General; East Asian Studies",12.2,19.4,14436056.34,2799025.66
GA-276355-20,NA,"Radio Diaries, Inc.",Independent Production Company,NA,NA,Brooklyn,NY,New York,Kings,0,36047,11201,-73.9867,40.70412,2020,Hunker Down Diaries,Cooperative Agreements and Special Projects (Public Programs),Public Programs,62500,Humanities,Journalism,Journalism; Public History,12.5,17.8,7011052.99,1093678
GA-276361-20,NA,"Country Music Foundation, Inc.",General Museum,NA,NA,Nashville,TN,Tennessee,Davidson,0,47037,37203,-86.77667,36.15796,2020,Country Music Collections and Interpretation Remote Access Project,Cooperative Agreements and Special Projects (Public Programs),Public Programs,200000,History,U.S. History,Music History and Criticism; U.S. History,8.2,12.8,3331367.6799999997,781250.13
GA-276386-20,NA,Carnegie Institute,Natural History Museum,NA,NA,Pittsburgh,PA,Pennsylvania,Allegheny,1,42003,15213,-79.94944,40.44415,2020,Ensuring the Future of the Carnegie International,Cooperative Agreements and Special Projects (Public Programs),Public Programs,190638,Arts,"Arts, General","Arts, General; Arts, Other",8.8,10.5,5940946.359999999,702428
PB-276400-20,NA,Cold Spring Harbor Laboratory,Center For Advanced Study/Research Institute,NA,NA,Cold Spring Harbor,NY,New York,Nassau,0,36059,11724,-73.4726,40.86597,2020,"Oral Histories of Biology, Medicine, and Pandemic Response",Cooperative Agreements and Special Projects (P&A),Preservation and Access,165025,History,"History and Philosophy of Science, Technology, and Medicine","History and Philosophy of Science, Technology, and Medicine",8,5.7,852541.01,372582.01
GA-276414-20,NA,Isamu Noguchi Foundation and Garden Museum,Art Museum,NA,NA,Long Island City,NY,New York,Queens,0,36081,11106,-73.93809,40.76679,2020,Broadening Access to Digital Archives through Public Programming,Cooperative Agreements and Special Projects (Public Programs),Public Programs,76449,Arts,Art History and Criticism,Art History and Criticism,12.4,10.3,2433038.77,804839
HC-276434-20,NA,"Asheville Art Museum Association, Inc.",Art Museum,NA,NA,Asheville,NC,North Carolina,Buncombe,1,37021,28801,-82.55073,35.59505,2020,Asheville Art Museum Multimedia Tour and Online Collection Database,Cooperative Agreements and Special Projects (Digital Humanities),Digital Humanities,62069.73,Arts,"History, Criticism, and Theory of the Arts","History, Criticism, and Theory of the Arts",8.2,13.9,903300.45,461182.44999999995
GA-276446-20,NA,"Museum of the City of New York, Inc.",History Museum,NA,NA,New York,NY,New York,New York,0,36061,10029,-73.95257,40.79209,2020,New York Responds - Online and Onsite Collecting and Interpretation of NYC during and after COVID,Cooperative Agreements and Special Projects (Public Programs),Public Programs,298263,Area Studies,Urban Studies,Urban Studies,9.5,16.3,78116853.73,14055196.65
AH-276448-20,196079,"SUNY Research Foundation, Binghamton",Two-Year College,4,0,Binghamton,NY,New York,Broome,1,36007,13902,-75.96456,42.09521,2020,Critical Support for Foreign Language Instruction at Binghamton University,Cooperative Agreements and Special Projects (Education),Education Programs,299996.07,Language,"Languages, General","Languages, General",8.3,18.4,600707.48,299996.07
GA-276454-20,NA,American Museum of the Moving Image Inc.,Museum,NA,NA,Astoria,NY,New York,Queens,0,36081,11106,-73.92385,40.75637,2020,Extending Our Reach: Developing Expanded Digital Content and Technical Capacity at Museum of the Moving Image,Cooperative Agreements and Special Projects (Public Programs),Public Programs,296490,Arts,"Arts, Other","Arts, Other; Film History and Criticism",12.4,10.3,2433038.77,804839
GA-276462-20,NA,York County Heritage Trust,Historical Society,NA,NA,York,PA,Pennsylvania,York,0,42133,17403,-76.72275,39.96389,2020,Virtual Outreach Project,Cooperative Agreements and Special Projects (Public Programs),Public Programs,74139,History,Public History,Public History,7.8,7.1,145372,74139
GA-276468-20,NA,Montpelier Foundation,Historical Site/House,NA,NA,Orange,VA,Virginia,Orange,0,51137,22960,-77.96541,38.15443,2020,Implementing Phased Reopening Plan for James Madison's Montpelier,Cooperative Agreements and Special Projects (Public Programs),Public Programs,215000,History,Public History,Public History; U.S. History,5.8,9.4,685085,215000
PB-276472-20,NA,"Maryland Historical Society, Inc.",Historical Society,NA,NA,Baltimore,MD,Maryland,Baltimore city,0,24510,21201,-76.62222,39.29482,2020,Maryland Historical Society Operations and Website Launch,Cooperative Agreements and Special Projects (P&A),Preservation and Access,147834,History,U.S. History,U.S. History,8.5,20,3788310,584026
PB-276494-20,NA,Alabama Department of Archives and History,State/Local/Federal Government,NA,NA,Montgomery,AL,Alabama,Montgomery,0,01101,36130,-86.29908,32.37783,2020,NAGPRA Processing & Scanning for Preservation & Access,Cooperative Agreements and Special Projects (P&A),Preservation and Access,44791.2,Area Studies,Native American Studies,Native American Studies,8.4,20.4,409467.2,44791.2
AH-276557-20,NA,"Laurel Historical Society, Inc.",History Museum,NA,NA,Laurel,MD,Maryland,Prince George's,0,24033,20707,-76.85688,39.10954,2020,Virtual Summer Camps at the Laurel Historical Society,Cooperative Agreements and Special Projects (Education),Education Programs,12952.96,History,"History, General","History, General",7.8,9.5,4393763.9399999995,922152.5900000001
RJ-276569-20,NA,Collegium Institute,Non-Profit Educational Center,NA,NA,Philadelphia,PA,Pennsylvania,Philadelphia,0,42101,19104,-75.19949,39.95363,2020,Collegium Institute Anscombe Archive Digitization,Cooperative Agreements and Special Projects (Research),Research Programs,30125,History,History of Philosophy,History of Philosophy,12.2,19.4,14436056.34,2799025.66
AH-276573-20,NA,"Atlanta Historical Society, Inc.",Historical Society,NA,NA,Atlanta,GA,Georgia,Fulton,0,13121,30305,-84.38571,33.84237,2020,American History Virtual Learning Resources,Cooperative Agreements and Special Projects (Education),Education Programs,293946,History,U.S. History,African American History; Political History; U.S. History,7.9,13,2230578.12,343360
GA-276593-20,NA,B.B. King Museum and Delta Interpretive Center,Art Museum,NA,NA,Indianola,MS,Mississippi,Sunflower,0,28133,38751,-90.65282,33.45287,2020,Continue the B.B. King Museum’s mission of providing powerful exhibit content and vital programming to underserved residents,Cooperative Agreements and Special Projects (Public Programs),Public Programs,103125,Arts,Music History and Criticism,"History, Criticism, and Theory of the Arts; Music History and Criticism",11,34.8,103125,103125
GA-276642-20,NA,"Catoctin Furnace Historical Society, Inc.",Historical Society,NA,NA,Thurmont,MD,Maryland,Frederick,0,24021,21788,-77.43319,39.57821,2020,"Heritage Site Resilience: Using Digital Humanities at Catoctin Furnace, Maryland",Cooperative Agreements and Special Projects (Public Programs),Public Programs,29410,History,Labor History,African American History; Labor History; Public History,5.6,6.2,309486,173489
GA-276681-20,NA,"Peale Center for Baltimore History and Architecture, Inc.",Historical Site/House,NA,NA,Baltimore,MD,Maryland,Baltimore city,0,24510,21202,-76.61025,39.29211,2020,Peale NEH Cares: Sustaining the Diverse Cultural Record of Baltimore,Cooperative Agreements and Special Projects (Public Programs),Public Programs,30000,History,African American History,African American History,8.5,20,3788310,584026
HC-276715-20,NA,"Recorded Anthology of American Music, Inc.",Arts-Related Organization,NA,NA,Brooklyn,NY,New York,Kings,0,36047,11201,-73.9867,40.70412,2020,Rebuilding the Database of Recorded American Music,Cooperative Agreements and Special Projects (Digital Humanities),Digital Humanities,145000,Arts,Music History and Criticism,Music History and Criticism,12.5,17.8,7011052.99,1093678
CHA-276752-22,NA,Shaker Museum and Library,History Museum,NA,NA,Old Chatham,NY,New York,Columbia,0,36021,12136,-73.58136,42.43545,2020,Building a New Shaker Museum,Infrastructure and Capacity Building Challenge Grants,Challenge Programs,554342,History,U.S. History,"Interdisciplinary Studies, General; Religion, General; U.S. History",6,10.2,564304,554342
CHA-276758-24,215062,Trustees of the University of Pennsylvania,University,3,0,Philadelphia,PA,Pennsylvania,Philadelphia,0,42101,19104,-75.19276,39.95298,2020,Building Transformation: Renovation of the Penn Museum's Egyptian Wing,Infrastructure and Capacity Building Challenge Grants,Challenge Programs,750000,Humanities,Archaeology,Archaeology,12.2,19.4,14436056.34,2799025.66
CHA-276780-21,NA,"Dayton Society of Natural History, Inc.",Natural History Museum,NA,NA,Dayton,OH,Ohio,Montgomery,0,39113,45414,-84.20336,39.78899,2020,"From Salvage to SunWatch, increasing accessibility to humanities collections, activities, and research of the Fort Ancient people",Infrastructure and Capacity Building Challenge Grants,Challenge Programs,171779,Area Studies,Native American Studies,Native American Studies,8.7,14.7,326336,256336
CHA-276805-24,NA,Garnet A. Wilson Public Library of Pike County,State/Local/Federal Government,NA,NA,Waverly,OH,Ohio,Pike,1,39131,45690,-82.9855,39.12692,2020,"Construction of a new 19,000 square foot Garnet A. Wilson Public Library of Pike County (Ohio) main branch facility to enable more Humanities programming and expand collection and services.",Infrastructure and Capacity Building Challenge Grants,Challenge Programs,251439,Interdisciplinary,"Interdisciplinary Studies, General","Interdisciplinary Studies, General",9.4,17.4,251439,251439
PR-276810-21,232186,George Mason University,Four-Year College,4,0,Fairfax,VA,Virginia,Fairfax,0,51059,22030,-77.30756,38.83542,2020,Unlocking Endangered Language Resources,Research and Development,Preservation and Access,349283,Language,Computational Linguistics,Computational Linguistics; Latin American Languages,6,5.3,3509975.9699999997,741003
CHA-276821-22,190415,Cornell University,Four-Year College,3,0,Ithaca,NY,New York,Tompkins,1,36109,14850,-76.46515,42.43782,2020,Freedom on the Move: Building a Sustainable Infrastructure for a Comprehensive Database of North American Runaway Slave Ads,Infrastructure and Capacity Building Challenge Grants,Challenge Programs,388250,History,African American History,African American History,5.8,12.4,2959805.7,859670.99
CHA-276848-22,NA,Sing Sing Prison Museum,Museum,NA,NA,Ossining,NY,New York,Westchester,0,36119,10562,-73.86408,41.16089,2020,Powerhouse Renovation for the Sing Sing Prison Museum,Infrastructure and Capacity Building Challenge Grants,Challenge Programs,126177,History,"History, General","Ethics; History, General; Sociology",8,7.6,2797620.9,543555.9
CHA-276854-24,NA,Yoknapatawpha Arts Council,Arts-Related Organization,NA,NA,Oxford,MS,Mississippi,Lafayette,0,28071,38655,-89.51755,34.36366,2020,Yoknapatawpha Humanities Center,Infrastructure and Capacity Building Challenge Grants,Challenge Programs,42500,Area Studies,U.S. Regional Studies,Rural Studies; U.S. Regional Studies,6,17.6,93204.45,69204.45
CHA-276869-24,NA,Phipps Conservatory and Botanical Gardens,Nature Center/Botanical Garden/Aboretum,NA,NA,Pittsburgh,PA,Pennsylvania,Allegheny,1,42003,15213,-79.93926,40.44491,2020,Restoring Phipps Landmark: Growing Plant-Based Humanities and Social Science Programming,Infrastructure and Capacity Building Challenge Grants,Challenge Programs,450000,Interdisciplinary,"Interdisciplinary Studies, Other","Interdisciplinary Studies, General; Interdisciplinary Studies, Other",8.8,10.5,5940946.359999999,702428
PR-276878-21,195003,Rochester Institute of Technology,Four-Year College,6,0,Rochester,NY,New York,Monroe,0,36055,14623,-77.6748,43.09218,2020,Integrating Risk Assessment for Pollutants into Energy-saving Strategies for Sustainable Environmental Management of Collection Storage Spaces,Research and Development,Preservation and Access,350000,Interdisciplinary,"Interdisciplinary Studies, Other","Arts, Other; Interdisciplinary Studies, Other",8.2,13.9,5554529.78,1192373.21
CHA-276882-22,157085,University of Kentucky Research Foundation,Four-Year College,3,0,Lexington,KY,Kentucky,Fayette,0,21067,40506,-84.50654,38.03919,2020,The Digital Restoration Initiative: A Cultural Heritage Imaging and Analysis Lab,Infrastructure and Capacity Building Challenge Grants,Challenge Programs,138305,Interdisciplinary,"Interdisciplinary Studies, General","Interdisciplinary Studies, General",5.6,14.6,1457528.43,138305
CHA-276883-21,NA,"Philharmonic Symphony Society of New York, Inc.",Arts-Related Organization,NA,NA,New York,NY,New York,New York,0,36061,10023,-73.98328,40.7703,2020,Digital Resiliency: Adapting the New York Philharmonic Leon Levy Digital Archives for the Future,Infrastructure and Capacity Building Challenge Grants,Challenge Programs,500000,Arts,Music History and Criticism,Cultural History; Music History and Criticism; U.S. History,9.5,16.3,78116853.73,14055196.65
PE-277022-21,204024,"Miami University, Oxford",Center For Advanced Study/Research Institute,4,0,Oxford,OH,Ohio,Butler,0,39017,45056,-84.73473,39.51029,2020,Capacity Building for the National Breath of Life Native American Philology Model,Preservation and Access Education and Training,Preservation and Access,291211,Language,Linguistic Anthropology,"History, General; Languages, Other; Linguistic Anthropology",7.3,10.1,1756194.8,303211
MD-277030-21,196237,"SUNY Research Foundation, College at Old Westbury",Four-Year College,9,0,Old Westbury,NY,New York,Nassau,0,36059,11568,-73.58326,40.78231,2020,Virtual Aquapolis: An Interactive VR Documentary About New York Harbor,Digital Projects for the Public: Discovery Grants,Public Programs,29897.01,Area Studies,Urban Studies,"Interdisciplinary Studies, Other; Public History; Urban Studies",8,5.7,852541.01,372582.01
MD-277035-21,196121,"SUNY Research Foundation, College at Brockport",Four-Year College,6,0,Brockport,NY,New York,Monroe,0,36055,14420,-77.96123,43.2096,2020,"The Berkeley Folk Music Festival, 1958-1970",Digital Projects for the Public: Discovery Grants,Public Programs,29963.08,History,Cultural History,Cultural History,8.2,13.9,5554529.78,1192373.21
MD-277054-21,233921,Virginia Polytechnic Institute and State University,University,3,0,Blacksburg,VA,Virginia,Montgomery,1,51121,24061,-80.4191,37.22859,2020,"Experiencing Civil War History Through Augmented Reality: Soldiers, Civilians, and the Environment at Pamplin Historical Park",Digital Projects for the Public: Discovery Grants,Public Programs,24733.76,History,U.S. History,U.S. History,4.9,19.3,1218224.98,129570.76
MN-277069-21,NA,Carnegie Hall Corporation,Archive,NA,NA,New York,NY,New York,New York,0,36061,10019,-73.98042,40.7648,2020,Timeline of African American Music: Production,Digital Projects for the Public: Production Grants,Public Programs,400000,Area Studies,African American Studies,African American History; African American Studies; Music History and Criticism,9.5,16.3,78116853.73,14055196.65
PE-277074-21,193900,New York University,Publishing,3,0,New York,NY,New York,New York,0,36061,10012,-73.99706,40.7299,2020,Media Archiving and Preservation: Education and Professional Training,Preservation and Access Education and Training,Preservation and Access,272603.98,Interdisciplinary,"Interdisciplinary Studies, Other","Cultural History; Interdisciplinary Studies, Other; Media Studies",9.5,16.3,78116853.73,14055196.65
MD-277081-21,NA,Thomas Cole Historic House,Historical Site/House,NA,NA,Catskill,NY,New York,Greene,0,36039,12414,-73.86189,42.22577,2020,A New Digital Game Engaging K-6 Students with American History through American Art,Digital Projects for the Public: Discovery Grants,Public Programs,30000,History,U.S. History,"Arts, General; U.S. History",8,11.2,30000,30000
MT-277117-21,196060,"SUNY Research Foundation, Albany",Four-Year College,3,0,Albany,NY,New York,Albany,0,36001,12222,-73.83172,42.68798,2020,Picturing Urban Renewal,Digital Projects for the Public: Prototyping Grants,Public Programs,59914,History,Urban History,Urban History,6.9,11.3,1483153.6,333406.36
MD-277118-21,NA,"Jane Austen Summer Program, Inc.",Community-Level Organization,NA,NA,Chapel Hill,NC,North Carolina,Orange,0,37135,27514,-79.02971,35.93974,2020,Building 'Jane Austen's Desk': A Digital and Public Humanities Webspace,Digital Projects for the Public: Discovery Grants,Public Programs,30000,Literature,British Literature,"British History; British Literature; History, Criticism, and Theory of the Arts",5.3,10.3,1384311.22,267500
PE-277136-21,193900,New York University,Publishing,3,0,New York,NY,New York,New York,0,36061,10012,-73.99706,40.7299,2020,Managing Change: Developing New Teaching and Learning Modalities in Conservation Education,Preservation and Access Education and Training,Preservation and Access,150000,Arts,"Arts, Other","Art History and Criticism; Arts, Other; History, Criticism, and Theory of the Arts",9.5,16.3,78116853.73,14055196.65
PE-277140-21,NA,Virginia Museum of Fine Arts,Art Museum,NA,NA,Richmond,VA,Virginia,Richmond city,0,51760,23220,-77.47425,37.55547,2020,Preservation Training Initiative,Preservation and Access Education and Training,Preservation and Access,345815,Arts,"Arts, Other","Arts, Other",9.1,17.9,3795322.18,1080591.7
PE-277148-21,NA,Conservation Center for Art and Historic Artifacts,Non-Profit Educational Center,NA,NA,Philadelphia,PA,Pennsylvania,Philadelphia,0,42101,19103,-75.1789,39.94974,2020,CCAHA Preservation Field Services: Capacity Building for Small to Medium Size Organizations,Preservation and Access Education and Training,Preservation and Access,349037,History,"History, Other","History, Other",12.2,19.4,14436056.34,2799025.66
HAA-277185-21,100751,University of Alabama,Four-Year College,4,0,Tuscaloosa,AL,Alabama,Tuscaloosa,1,01125,35487,-87.54182,33.22002,2020,Prototyping an Extensible Framework for Access to Dance Knowledge,Digital Humanities Advancement Grants,Digital Humanities,99996,Arts,Dance History and Criticism,"Arts, Other; Dance History and Criticism",7.2,14.4,1343238.51,99996
HAA-277203-21,163286,"University of Maryland, College Park",University,3,0,College Park,MD,Maryland,Prince George's,0,24033,20742,-76.95018,38.9975,2020,Automatic Collation for Diversifying Corpora: Improving Handwritten Text Recognition (HTR) for Arabic-script Manuscripts,Digital Humanities Advancement Grants,Digital Humanities,282905,Interdisciplinary,"Interdisciplinary Studies, Other","Arabic Language; Interdisciplinary Studies, Other; Languages, Other",7.8,9.5,4393763.9399999995,922152.5900000001
HAA-277220-21,NA,"Klezmer Institute, Inc.",Arts-Related Organization,NA,NA,Yonkers,NY,New York,Westchester,0,36119,10702,-73.90105,40.93472,2020,The Klezmer Archive,Digital Humanities Advancement Grants,Digital Humanities,47623.9,Arts,Ethnomusicology,Ethnomusicology; Folklore and Folklife,8,7.6,2797620.9,543555.9
HAA-277247-21,163286,"University of Maryland, College Park",University,3,0,College Park,MD,Maryland,Prince George's,0,24033,20742,-76.95018,38.9975,2020,Broadcasting Audiovisual Data: Using linked data and local authority aggregators to enhance discoverability for broadcasting collections,Digital Humanities Advancement Grants,Digital Humanities,270311,History,U.S. History,American Studies; Media Studies; U.S. History,7.8,9.5,4393763.9399999995,922152.5900000001
HAA-277270-21,232982,Old Dominion University Research Foundation,University,4,0,Norfolk,VA,Virginia,Norfolk city,0,51710,23508,-76.29878,36.8858,2020,Philosophical Thought Experiments in Virtual Reality,Digital Humanities Advancement Grants,Digital Humanities,85161,Humanities,"Philosophy, General","Philosophy, General",9,17.6,392645,91161
HAA-277275-21,190415,Cornell University,Four-Year College,3,0,Ithaca,NY,New York,Tompkins,1,36109,14850,-76.46515,42.43782,2020,BERT for Humanists: Anticipating the Reception of Contemporary NLP in Digital Humanities,Digital Humanities Advancement Grants,Digital Humanities,39998,Interdisciplinary,"Interdisciplinary Studies, General","Interdisciplinary Studies, General",5.8,12.4,2959805.7,859670.99
HAA-277284-21,216287,Swarthmore College,Four-Year College,9,0,Swarthmore,PA,Pennsylvania,Delaware,0,42045,19081,-75.35106,39.90635,2020,Sunset Over Sunset: Exploring the Street-Level View of Postwar Urban Redevelopment Using Ed Ruscha’s Los Angeles Photography,Digital Humanities Advancement Grants,Digital Humanities,85392,History,Urban History,Architecture; Urban History; Urban Studies,9,9.3,1278329,85392
PW-277337-21,215293,University of Pittsburgh,Four-Year College,3,0,Pittsburgh,PA,Pennsylvania,Allegheny,1,42003,15260,-79.95595,40.44347,2021,Providing Open Access to Photoplay Music: The Mirskey Collection Digitization Project,Humanities Collections and Reference Resources,Preservation and Access,145897,Arts,Music History and Criticism,Music History and Criticism,5.6,11.3,5940946.359999999,2718946
PW-277365-21,198419,Duke University,Publishing,3,0,Durham,NC,North Carolina,Durham,0,37063,27705,-78.92459,36.00683,2021,Documenting African American Life in the Jim Crow South: Digital Access to the Behind the Veil Project Archive,Humanities Collections and Reference Resources,Preservation and Access,349178,History,African American History,African American History; African American Studies,4.3,13.4,4368610,1163288
PW-277369-21,NA,Black Mountain College Museum and Arts Center,University,NA,NA,Asheville,NC,North Carolina,Buncombe,1,37021,28801,-82.55222,35.59705,2021,Piloting an online collections platform for historic Black Mountain College resources,Humanities Collections and Reference Resources,Preservation and Access,50000,History,U.S. History,"History, Criticism, and Theory of the Arts; U.S. History; U.S. Regional Studies",4.2,11.7,903300.45,280281
PW-277398-21,212054,Drexel University,University,4,0,Philadelphia,PA,Pennsylvania,Philadelphia,0,42101,19104,-75.18648,39.95376,2021,Digitizing the Atwater Kent Museum Collection,Humanities Collections and Reference Resources,Preservation and Access,349964,History,U.S. History,U.S. History,8.3,22.3,14436056.34,2887664
PW-277448-21,NA,Medici Archive Project Inc.,Center For Advanced Study/Research Institute,NA,NA,New York,NY,New York,New York,0,36061,10018,-73.98753,40.75141,2021,AVVISO: Publishing the News that Made Us Modern (1537-1743),Humanities Collections and Reference Resources,Preservation and Access,350000,History,Renaissance Studies,Intellectual History; Public History; Renaissance Studies,7.8,17.4,78116853.73,23997670.08
AE-277449-21,196653,Trocaire College,Two-Year College,2,0,Buffalo,NY,New York,Erie,0,36029,14220,-78.81274,42.84622,2020,Community and Mission: Building a New Applied Ethics Minor at Trocaire College,Humanities Initiatives at Community Colleges,Education Programs,132290,Humanities,Ethics,Ethics,9.2,13.2,3031666.7,658977
PW-277462-21,NA,American Jewish Historical Society,Historical Society,NA,NA,New York,NY,New York,New York,0,36061,10011,-73.99332,40.73771,2021,Grass Roots Philanthropy: The People's Relief Committee Project,Humanities Collections and Reference Resources,Preservation and Access,130081,History,U.S. History,Jewish Studies; U.S. History,7.8,17.4,78116853.73,23997670.08
PW-277473-21,211352,Cabrini University,Four-Year College,6,0,Radnor,PA,Pennsylvania,Delaware,0,42045,19087,-75.37844,40.05219,2021,Digitizing America’s First Citizen Saints Project,Humanities Collections and Reference Resources,Preservation and Access,148561,History,History of Religion,"History of Religion; Immigration History; Interdisciplinary Studies, Other",5.8,10.1,1278329,148561
PW-277477-21,NA,Judd Foundation,Historical Site/House,NA,NA,New York,NY,New York,New York,0,36061,10012,-73.99928,40.72336,2021,Processing and Providing Access to the Donald Judd Papers,Humanities Collections and Reference Resources,Preservation and Access,155257,Arts,"Arts, General","Architecture; Art History and Criticism; Arts, General",7.8,17.4,78116853.73,23997670.08
PW-277484-21,190594,"CUNY Research Foundation, Hunter College",Four-Year College,6,0,New York,NY,New York,New York,0,36061,10065,-73.96524,40.76899,2021,One-Hundred Years of Puerto Rican Studies,Humanities Collections and Reference Resources,Preservation and Access,349387,Interdisciplinary,"Interdisciplinary Studies, Other","American Studies; Hispanic American Studies; Interdisciplinary Studies, Other",7.8,17.4,78116853.73,23997670.08
PW-277485-21,NA,Huguenot Historical Society of New Paltz New York Inc.,Historical Society,NA,NA,New Paltz,NY,New York,Ulster,0,36111,12561,-74.08811,41.75308,2021,"Preserving and Digitizing the Historic Documents of a Colonial Hudson Valley community: New Paltz, New York (Implementation)",Humanities Collections and Reference Resources,Preservation and Access,349999,History,"History, General","Cultural History; History, General; U.S. History",4.7,11.3,434505.94,349999
PW-277494-21,139658,Emory University,Two-Year College,3,0,Atlanta,GA,Georgia,DeKalb,0,13089,30322,-84.32618,33.78858,2021,Sounding Spirit Digital Library: Digitizing Southern Vernacular Sacred Song,Humanities Collections and Reference Resources,Preservation and Access,344687,Arts,Music History and Criticism,American Studies; Folklore and Folklife; Music History and Criticism,4.6,14.5,1817120.51,755024
AE-277515-21,162779,Howard Community College,Two-Year College,1,0,Columbia,MD,Maryland,Howard,0,24027,21044,-76.88431,39.2159,2020,Trans-Border Dialogues on the Global: A COIL-Based Approach to Deepening Humanities Learning,Humanities Initiatives at Community Colleges,Education Programs,75290,Interdisciplinary,"Interdisciplinary Studies, General","History, General; Interdisciplinary Studies, General; International Studies",4.9,5.5,105290,105290
PW-277539-21,NA,Rector and Visitors of the University of Virginia,Publishing,NA,NA,Charlottesville,VA,Virginia,Charlottesville city,0,51540,22903,-78.50208,38.05021,2021,"Digital Sepoltuario, The Tombs of Renaissance Florence: Scholarly Access and Search",Humanities Collections and Reference Resources,Preservation and Access,298911,History,Renaissance History,Cultural History; Renaissance History; Renaissance Studies,3.6,21.6,5667497.82,1030211.7
PW-277555-21,190150,Trustees of Columbia University in the City of New York,Center For Advanced Study/Research Institute,3,0,New York,NY,New York,New York,0,36061,10027,-73.95707,40.81771,2021,An Integrated Online Archive for International History,Humanities Collections and Reference Resources,Preservation and Access,349860,History,"History, General","Diplomatic History; History, General",7.8,17.4,78116853.73,23997670.08
PW-277585-21,238032,West Virginia University,University,4,0,Morgantown,WV,West Virginia,Monongalia,1,54061,26506,-79.96529,39.65043,2021,The American Congress Digital Archives Portal Project,Humanities Collections and Reference Resources,Preservation and Access,59111.92,Social Science,American Government,American Government; U.S. History,4.1,18.3,771198.9199999999,59111.92
AB-277598-21,232265,Hampton University,University,7,1,Hampton,VA,Virginia,Hampton city,0,51650,23668,-76.33816,37.02358,2020,Black History Matters: Documenting the Legacy of Charles H. Williams on the Campus of Hampton University,Humanities Initiatives at Historically Black Colleges and Universities,Education Programs,117198,Area Studies,African American Studies,African American Studies; Architecture; Dance History and Criticism,8.8,13.4,181079,117198
PW-277651-21,NA,"Appalshop, Inc.",Non-Profit Educational Center,NA,NA,Whitesburg,KY,Kentucky,Letcher,1,21133,41858,-82.83578,37.13278,2021,Preserving a Coal Community's History on Film,Humanities Collections and Reference Resources,Preservation and Access,50000,History,U.S. History,Economics; Rural Studies; U.S. History,7.1,29.1,391590,205090
AE-277675-21,191126,Fashion Institute of Technology,Two-Year College,8,0,New York,NY,New York,New York,0,36061,10001,-73.9942,40.74689,2020,Shop Girls to Show Girls: Teaching Resources on New York's Working Class for Community College Students,Humanities Initiatives at Community Colleges,Education Programs,150000,History,Labor History,"History, General; Labor History",9.5,16.3,78116853.73,14055196.65
AE-277676-21,190521,"CUNY Research Foundation, Borough of Manhattan Community College",Two-Year College,1,0,New York,NY,New York,New York,0,36061,10007,-74.01223,40.71699,2020,Voices and Experiences of Poverty: A New Interdisciplinary Humanities Curriculum,Humanities Initiatives at Community Colleges,Education Programs,150000,Interdisciplinary,"Interdisciplinary Studies, General","Interdisciplinary Studies, General",9.5,16.3,78116853.73,14055196.65
AC-277702-21,190567,"CUNY Research Foundation, City College",Four-Year College,6,0,New York,NY,New York,New York,0,36061,10031,-73.95096,40.81846,2020,Building a Digital Humanities Minor at the City College of New York,Humanities Initiatives at Hispanic-Serving Institutions,Education Programs,149431,Interdisciplinary,"Interdisciplinary Studies, Other","Interdisciplinary Studies, General; Interdisciplinary Studies, Other",9.5,16.3,78116853.73,14055196.65
AA-277708-21,162654,Goucher College,Four-Year College,9,0,Baltimore,MD,Maryland,Baltimore,0,24005,21204,-76.6005,39.40993,2020,"Enhancing the Study of Visual, Material, and Historical Culture",Humanities Initiatives at Colleges and Universities,Education Programs,147711,Arts,Art History and Criticism,Art History and Criticism; Public History,6.5,8.9,734447.9,147711
AA-277717-21,195720,St. John Fisher College,Four-Year College,5,0,Rochester,NY,New York,Monroe,0,36055,14618,-77.51715,43.1167,2020,Embedding Place-Based Humanities in the Curriculum,Humanities Initiatives at Colleges and Universities,Education Programs,149934,Interdisciplinary,"Interdisciplinary Studies, General","American Studies; History, General; Interdisciplinary Studies, General",8.2,13.9,5554529.78,1192373.21
TR-277941-21,NA,"Women Make Movies, Inc.",Art Museum,NA,NA,New York,NY,New York,New York,0,36061,10001,-73.99042,40.74691,2021,Storming Caesars Palace,Media Projects Production,Public Programs,500000,History,African American History,African American History; Gender Studies; Women's History,7.8,17.4,78116853.73,23997670.08
TD-277945-21,NA,"New York Foundation for the Arts, Inc.",Four-Year College,NA,NA,Brooklyn,NY,New York,Kings,0,36047,11201,-73.9867,40.70412,2021,Sun Ra from Saturn,Media Projects Development,Public Programs,74970,Arts,Film History and Criticism,African American History; Film History and Criticism; Music History and Criticism,10.4,19.2,7011052.99,1427626
TR-277989-21,NA,"Radio Diaries, Inc.",Independent Production Company,NA,NA,Brooklyn,NY,New York,Kings,0,36047,11201,-73.9867,40.70412,2021,The Audio History Project,Media Projects Production,Public Programs,250000,Humanities,Journalism,Journalism; U.S. History,10.4,19.2,7011052.99,1427626
TT-278002-21,NA,WNET,University,NA,NA,New York,NY,New York,New York,0,36061,10019,-73.98644,40.76202,2021,The Bigger Picture,Short Documentaries,Public Programs,299775,Arts,"Arts, Other","Arts, Other",7.8,17.4,78116853.73,23997670.08
TR-278005-21,NA,"Women Make Movies, Inc.",Art Museum,NA,NA,New York,NY,New York,New York,0,36061,10001,-73.99042,40.74691,2021,"One Person, One Vote?",Media Projects Production,Public Programs,500000,History,Political History,African American History; Political History; U.S. History,7.8,17.4,78116853.73,23997670.08
TR-278031-21,NA,Forbes Avenue Foundation,Center For Advanced Study/Research Institute,NA,NA,Pittsburgh,PA,Pennsylvania,Allegheny,1,42003,15222,-80.00464,40.44312,2021,Genealogies of Modernity Podcast,Media Projects Production,Public Programs,299900,Interdisciplinary,"Interdisciplinary Studies, Other","Interdisciplinary Studies, Other",5.6,11.3,5940946.359999999,2718946
GI-278045-21,NA,Jewish Museum,Art Museum,NA,NA,New York,NY,New York,New York,0,36061,10128,-73.95744,40.78543,2021,Revisiting New York: 1962-64,Exhibitions: Implementation,Public Programs,100000,Arts,"Arts, General","Arts, General",7.8,17.4,78116853.73,23997670.08
HC-278063-21,NA,American Numismatic Society,Center For Advanced Study/Research Institute,NA,NA,New York,NY,New York,New York,0,36061,10013,-74.00628,40.72349,2020,OXUS-INDUS: A Linked Open Data Resource for Research in Central and South Asian Coinages,Cooperative Agreements and Special Projects (Digital Humanities),Digital Humanities,150000,History,Ancient History,Ancient History,9.5,16.3,78116853.73,14055196.65
DR-278091-21,190415,Cornell University,Four-Year College,3,0,Ithaca,NY,New York,Tompkins,1,36109,14850,-76.46515,42.43782,2020,Open Access Edition of Xuanhe Catalogue of Paintings by Amy McNair,Fellowships Open Book Program,Digital Humanities,5500,Arts,Art History and Criticism,Art History and Criticism,5.8,12.4,2959805.7,859670.99
DR-278092-21,190415,Cornell University,Four-Year College,3,0,Ithaca,NY,New York,Tompkins,1,36109,14850,-76.46515,42.43782,2020,Open Access Edition of More than Medals: A History of the Paralympics and Disability Sports in Postwar Japan by Dennis J. Frost,Fellowships Open Book Program,Digital Humanities,5500,History,East Asian History,East Asian History,5.8,12.4,2959805.7,859670.99
DR-278093-21,190415,Cornell University,Four-Year College,3,0,Ithaca,NY,New York,Tompkins,1,36109,14850,-76.46515,42.43782,2020,"Open Access Edition of Thomas Mann’s War: Literature, Politics, and the World Republic of Letters by Tobias Boes",Fellowships Open Book Program,Digital Humanities,5500,Literature,German Literature,German Literature,5.8,12.4,2959805.7,859670.99
HC-278118-21,NA,Hispanic Society of America,Museum,NA,NA,New York,NY,New York,New York,0,36061,10032,-73.94607,40.83298,2020,From Lima to Canton and Beyond: An AI-aided heritage materials research platform for studying globalisation through art,Cooperative Agreements and Special Projects (Digital Humanities),Digital Humanities,124538,Interdisciplinary,"Interdisciplinary Studies, Other","Art History and Criticism; Interdisciplinary Studies, Other; Latin American History",9.5,16.3,78116853.73,14055196.65
RA-278134-21,NA,American Philosophical Society,Center For Advanced Study/Research Institute,NA,NA,Philadelphia,PA,Pennsylvania,Philadelphia,0,42101,19106,-75.14947,39.94827,2021,NEH FPIRI Postdoctoral Fellowship at the American Philosophical Society,Fellowship Programs at Independent Research Institutions,Research Programs,123300,History,U.S. History,"History and Philosophy of Science, Technology, and Medicine; Public History; U.S. History",8.3,22.3,14436056.34,2887664
RA-278144-21,NA,National Humanities Center,Center For Advanced Study/Research Institute,NA,NA,Research Triangle Park,NC,North Carolina,Durham,0,37063,27709,-78.84971,35.93232,2021,Long-term Research Fellowships at the National Humanities Center,Fellowship Programs at Independent Research Institutions,Research Programs,390000,Interdisciplinary,"Interdisciplinary Studies, General","Interdisciplinary Studies, General",4.3,13.4,4368610,1163288
RA-278159-21,NA,"American Research Institute in Turkey, Inc.",Center For Advanced Study/Research Institute,NA,NA,Philadelphia,PA,Pennsylvania,Philadelphia,0,42101,19104,-75.19151,39.95007,2021,Long-Term Advanced Research Fellowships at the American Research Institute in Turkey Overseas Research Centers,Fellowship Programs at Independent Research Institutions,Research Programs,63900,Area Studies,Turkish Studies,Archaeology; Near and Middle Eastern History; Turkish Studies,8.3,22.3,14436056.34,2887664
RA-278164-21,NA,Society for Classical Studies,Center For Advanced Study/Research Institute,NA,NA,New York,NY,New York,New York,0,36061,10003,-73.99138,40.72786,2021,SCS/NEH Fellowship at the Thesaurus Linguae Latinae,Fellowship Programs at Independent Research Institutions,Research Programs,186000,Language,Classical Languages,Classical Languages,7.8,17.4,78116853.73,23997670.08
RA-278171-21,NA,New York Public Library,Public Library,NA,NA,New York,NY,New York,New York,0,36061,10016,-73.98192,40.75188,2021,Long-term Research Fellowships at The New York Public Library's Schomburg Center for Research in Black Culture in Harlem,Fellowship Programs at Independent Research Institutions,Research Programs,286143,Area Studies,African American Studies,"African American History; African American Studies; History, Criticism, and Theory of the Arts",7.8,17.4,78116853.73,23997670.08
RA-278172-21,NA,Center for Jewish History,Center For Advanced Study/Research Institute,NA,NA,New York,NY,New York,New York,0,36061,10011,-73.99332,40.73771,2021,Long-term Research Fellowships at the Center for Jewish History in New York,Fellowship Programs at Independent Research Institutions,Research Programs,153292,Area Studies,Jewish Studies,"History, General; Jewish Studies",7.8,17.4,78116853.73,23997670.08
FT-278187-21,197294,Westchester Community College,Two-Year College,1,0,Valhalla,NY,New York,Westchester,0,36119,10595,-73.79304,41.07161,2021,Rhetorical Lives: American Women Activists and Autobiography,Summer Stipends,Research Programs,6000,Literature,Composition and Rhetoric,American Literature; Composition and Rhetoric; Gender Studies,4.8,9.4,2797620.9,822701
GI-278252-21,NA,New York Historical Society,Historical Society,NA,NA,New York,NY,New York,New York,0,36061,10024,-73.97399,40.77909,2021,Acts of Faith: Religion and the American West National Traveling Exhibition,Exhibitions: Implementation,Public Programs,650000,History,U.S. History,U.S. History,7.8,17.4,78116853.73,23997670.08
FT-278260-21,139658,Emory University,Two-Year College,3,0,Atlanta,GA,Georgia,DeKalb,0,13089,30322,-84.32618,33.78858,2021,"Poetry, Power, and the Making of Gods and Kings in Telugu South India",Summer Stipends,Research Programs,6000,Literature,South Asian Literature,Nonwestern Religion; South Asian Literature; South Asian Studies,4.6,14.5,1817120.51,755024
GG-278279-21,NA,Aquila Theatre Company Inc.,Non-Profit Educational Center,NA,NA,New York,NY,New York,New York,0,36061,10003,-73.9962,40.73114,2021,Warrior Chorus: American Democracy,Humanities Discussions,Public Programs,247730,Literature,Classics,African American History; Classics; U.S. History,7.8,17.4,78116853.73,23997670.08
GE-278281-21,NA,Paley Center for Media,Museum,NA,NA,New York,NY,New York,New York,0,36061,10019,-73.97735,40.76034,2021,"Turning the Tables: Hip-Hop and Media, From Fringe to Global Phenomenon",Exhibitions: Planning,Public Programs,40000,Arts,Media Studies,African American Studies; Media Studies,7.8,17.4,78116853.73,23997670.08
FT-278282-21,201885,University of Cincinnati,University,3,0,Cincinnati,OH,Ohio,Hamilton,0,39061,45220,-84.52053,39.12967,2021,"Housing and Adult Education on the Crow Reservation, 1884-1934",Summer Stipends,Research Programs,6000,Area Studies,Native American Studies,Cultural History; Native American Studies; U.S. History,4.9,15.7,2003700,511423
BP-278283-21,NA,North Carolina Department of Cultural Resources,State/Local/Federal Government,NA,NA,Edenton,NC,North Carolina,Chowan,0,37041,27932,-76.60797,36.06141,2021,The Power of Place: Interpreting a Freedom House,Historic Places: Planning,Public Programs,70950.41,History,African American History,African American History; U.S. History; U.S. Regional Studies,5.1,17.6,70950.41,70950.41
GE-278288-21,NA,"City Lore, Inc.",University,NA,NA,New York,NY,New York,New York,0,36061,10003,-73.98969,40.7239,2021,Lost Labor of Love: The CETA Art and Humanities Project,Exhibitions: Planning,Public Programs,75000,Arts,Art History and Criticism,Art History and Criticism; Labor History; U.S. History,7.8,17.4,78116853.73,23997670.08
GE-278290-21,NA,"North Carolina Museum of Art Foundation, Inc.",Art Museum,NA,NA,Raleigh,NC,North Carolina,Wake,0,37183,27607,-78.70558,35.81063,2021,New Masks Now: Artists Innovating Masquerade in Contemporary West Africa,Exhibitions: Planning,Public Programs,69022,Arts,Art History and Criticism,African Studies; Art History and Criticism,4.1,9.4,1354074.6,545505
FT-278389-21,199120,University of North Carolina at Chapel Hill,Center For Advanced Study/Research Institute,3,0,Chapel Hill,NC,North Carolina,Orange,0,37135,27599,-79.04617,35.90348,2021,To Be An American: The Ballad of Master Sergeant Roy P. Benavidez (1935-1998),Summer Stipends,Research Programs,6000,History,U.S. History,Labor History; Latino History; U.S. History,3.6,12.2,1384311.22,142981
FT-278393-21,215062,Trustees of the University of Pennsylvania,University,3,0,Philadelphia,PA,Pennsylvania,Philadelphia,0,42101,19104,-75.19276,39.95298,2021,Musical Hagiography and the Medieval Cult of St. Nicholas in Western Europe (ca. 1100-1500),Summer Stipends,Research Programs,6000,Arts,Music History and Criticism,Medieval History; Medieval Studies; Music History and Criticism,8.3,22.3,14436056.34,2887664
GA-278416-20,NA,"Rochester Community TV, Inc.",Non-Profit Educational Center,NA,NA,Rochester,NY,New York,Monroe,0,36055,14605,-77.61453,43.16589,2020,Bronze Frederick Douglass Rochester International Airport Project,Cooperative Agreements and Special Projects (Public Programs),Public Programs,30000,Unspecified,NA,African American History,8.2,13.9,5554529.78,1192373.21
GA-278468-20,190530,"CUNY Research Foundation, Bronx Community College",Two-Year College,1,0,Bronx,NY,New York,Bronx,0,36005,10453,-73.90974,40.85704,2020,Hall of Fame for Great Americans,Cooperative Agreements and Special Projects (Public Programs),Public Programs,29999.7,Unspecified,NA,NA,16,24.4,1261876.04,35999.7
FT-278537-21,204501,Oberlin College,Four-Year College,9,0,Oberlin,OH,Ohio,Lorain,0,39093,44074,-82.22383,41.29413,2021,Chaucer’s Ovidian Arts:  Poetic Influence and Innovation at the Beginning of English Literature,Summer Stipends,Research Programs,6000,Literature,British Literature,British Literature; Classical Literature,5.6,12.8,196000,6000
GA-278550-20,NA,"Columbus Celebrations, Inc.",Community-Level Organization,NA,NA,Ellicott City,MD,Maryland,Howard,0,24027,21042,-76.86587,39.28315,2020,Christopher Columbus Statue,Cooperative Agreements and Special Projects (Public Programs),Public Programs,30000,Unspecified,NA,NA,4.9,5.5,105290,105290
FT-278557-21,196088,"SUNY Research Foundation, University at Buffalo",University,3,0,Amherst,NY,New York,Erie,0,36029,14228,-78.7855,43.00266,2021,Culture Warriors Abroad: a Global History of the American Culture Wars,Summer Stipends,Research Programs,6000,History,U.S. History,Diplomatic History; Political History; U.S. History,5.5,13.7,3031666.7,399230.9
FT-278568-21,220978,Middle Tennessee State University,University,5,0,Murfreesboro,TN,Tennessee,Rutherford,0,47149,37132,-86.37066,35.84349,2021,"Food and Culture at the Court of Friedrich Wilhelm (1640-1688), Great Elector of Brandenburg-Prussia",Summer Stipends,Research Programs,6000,History,European History,Cultural History; European History,3.6,8.7,1560099.94,1380355.54
FT-278572-21,190567,"CUNY Research Foundation, City College",Four-Year College,6,0,New York,NY,New York,New York,0,36061,10031,-73.95096,40.81846,2021,The Five Demands: The Untold Story of the Tumultuous Two Weeks that Changed the Face of Higher Education,Summer Stipends,Research Programs,6000,History,U.S. History,Cultural History; Intellectual History; U.S. History,7.8,17.4,78116853.73,23997670.08
FT-278699-21,211440,Carnegie Mellon University,University,3,0,Pittsburgh,PA,Pennsylvania,Allegheny,1,42003,15213,-79.9433,40.44453,2021,"The Legacy of Leo Tolstoy Inside and Outside Russia, 1920-1928",Summer Stipends,Research Programs,6000,Literature,Russian Literature,Cultural History; Intellectual History; Russian Literature,5.6,11.3,5940946.359999999,2718946
FT-278702-21,164076,Towson University,Four-Year College,6,0,Towson,MD,Maryland,Baltimore,0,24005,21252,-76.60532,39.39048,2021,"Making the Modern and Cultured City: Art, Architecture, and Urbanism in São Paulo and New York (1940 - 1960)",Summer Stipends,Research Programs,6000,History,"History, General","History, General; Latin American History; Urban Studies",5.2,9.8,734447.9,75806.9
FT-278710-21,101912,Oakwood University,Four-Year College,9,1,Huntsville,AL,Alabama,Madison,1,01089,35896,-86.64821,34.75174,2021,When Black Stories Go Global: How Racial Language is Rendered  in Translations of African American Literature and Film,Summer Stipends,Research Programs,6000,Language,Comparative Languages,Comparative Languages; Linguistics; Romance Languages,2.6,10.2,332581,135366
FT-278719-21,163286,"University of Maryland, College Park",University,3,0,College Park,MD,Maryland,Prince George's,0,24033,20742,-76.95018,38.9975,2021,The First Freedom Riders: Streetcars and Street Fights in Jim Crow New York,Summer Stipends,Research Programs,6000,History,African American History,African American History; U.S. History; Women's History,6.7,11.5,4393763.9399999995,55987
FT-278743-21,214777,Pennsylvania State University,Four-Year College,NA,NA,University Park,PA,Pennsylvania,Centre,1,42027,16802,-77.85432,40.80366,2021,"Seasonal Tastes: English Literary and Recipe Culture, 1550-1750",Summer Stipends,Research Programs,6000,Literature,British Literature,British Literature; Renaissance Studies,4.3,15.2,2265848.84,622342
FT-278756-21,232566,Longwood University,Four-Year College,7,0,Farmville,VA,Virginia,Prince Edward,0,51147,23909,-78.39489,37.30157,2021,"Shifting Nature: Agriculture, Environment, and Health on the Hopi Indian Reservation since 1882",Summer Stipends,Research Programs,6000,History,U.S. History,Native American Studies; U.S. History,4.8,18.7,154870.78,101886.78
FT-278792-21,232982,Old Dominion University,University,4,0,Norfolk,VA,Virginia,Norfolk city,0,51710,23529,-76.30665,36.88657,2021,"Tailoring Identities: Craft, Gender, and Material Culture in Urban Benin",Summer Stipends,Research Programs,6000,History,African History,African History; African Studies,5.5,16.9,392645,75365
FT-278800-21,201645,Case Western Reserve University,University,3,0,Cleveland,OH,Ohio,Cuyahoga,0,39035,44106,-81.60929,41.5055,2021,'Dreckapotheke' in Ancient Mesopotamia and the Graeco-Roman World,Summer Stipends,Research Programs,6000,History,"History and Philosophy of Science, Technology, and Medicine","Classics; History and Philosophy of Science, Technology, and Medicine; Near and Middle Eastern History",6.2,16.2,1340039.36,259248
FT-278888-21,190594,"CUNY Research Foundation, Hunter College",Four-Year College,6,0,New York,NY,New York,New York,0,36061,10065,-73.96524,40.76899,2021,Bodies in Stone and Steel: An Aesthetics and Ethics of Commemorative Art,Summer Stipends,Research Programs,6000,Arts,Aesthetics,"Aesthetics; Ethics; History, Criticism, and Theory of the Arts",7.8,17.4,78116853.73,23997670.08
FT-278925-21,100858,Auburn University,University,4,0,Auburn,AL,Alabama,Lee,0,01081,36849,-85.49043,32.6056,2021,Architectural Design and the Emergence of a Modern Notion of History: The Hospital of Santo Spirito in Sassia in Renaissance Rome,Summer Stipends,Research Programs,6000,History,Renaissance History,Architecture; Renaissance History,2.8,18,740933,505933
FT-278927-21,190567,"CUNY Research Foundation, City College",Four-Year College,6,0,New York,NY,New York,New York,0,36061,10031,-73.95096,40.81846,2021,Empire of Exile: Treason and Banishment in Late Ottoman History,Summer Stipends,Research Programs,6000,History,Near and Middle Eastern History,Near and Middle Eastern History; Political History; Turkish Studies,7.8,17.4,78116853.73,23997670.08
FT-278929-21,212577,Franklin and Marshall College,Four-Year College,9,0,Lancaster,PA,Pennsylvania,Lancaster,0,42071,17603,-76.31655,40.0494,2021,From Protest Song to Social Song: Music and Resistance in Colombia Through Fifty Years of Conflict,Summer Stipends,Research Programs,6000,Arts,Ethnomusicology,Ethnomusicology; Latin American Studies; Music History and Criticism,4.6,8.8,520044,265044
FT-278937-21,157085,University of Kentucky Research Foundation,Four-Year College,3,0,Lexington,KY,Kentucky,Fayette,0,21067,40506,-84.50654,38.03919,2021,Making Knowledge: Synthesis and the Aims of Science,Summer Stipends,Research Programs,6000,Humanities,Philosophy of Science,Philosophy of Science,3.7,14.6,1457528.43,20451
FT-278947-21,206622,Xavier University,Four-Year College,6,0,Cincinnati,OH,Ohio,Hamilton,0,39061,45207,-84.4753,39.15027,2021,Chicago Footwork: Re-Imagining Community and Interrogating the Politics of Home through Dance,Summer Stipends,Research Programs,6000,Area Studies,African American Studies,"African American Studies; Interdisciplinary Studies, Other",4.9,15.7,2003700,511423
FT-278955-21,157951,Western Kentucky University,University,6,0,Bowling Green,KY,Kentucky,Warren,0,21227,42101,-86.45507,36.98709,2021,Militarized Masculinity in the Bosnian Genocide,Summer Stipends,Research Programs,6000,History,European History,European History; Gender Studies,4.1,14.8,395487.11,6000
FT-278983-21,193900,New York University,Publishing,3,0,New York,NY,New York,New York,0,36061,10012,-73.99706,40.7299,2021,The Stranger: Existentialism and the Modernist Arts of South Asia,Summer Stipends,Research Programs,6000,Literature,Comparative Literature,Comparative Literature; South Asian Literature,7.8,17.4,78116853.73,23997670.08
FT-278997-21,190512,"CUNY Research Foundation, Bernard Baruch College",Two-Year College,6,0,New York,NY,New York,New York,0,36061,10010,-73.98426,40.73999,2021,"Capital and State-Formation in the Ottoman Mediterranean, 1680-1830",Summer Stipends,Research Programs,6000,History,Near and Middle Eastern History,Near and Middle Eastern History,7.8,17.4,78116853.73,23997670.08
FT-279028-21,232025,Emory and Henry College,Four-Year College,9,0,Emory,VA,Virginia,Washington,1,51191,24327,-81.82782,36.77546,2021,The American Mission in Mid-Twentieth Century Iran,Summer Stipends,Research Programs,6000,History,U.S. History,Diplomatic History; International Studies; U.S. History,3.6,13.3,6000,6000
FT-279047-21,221519,University of the South,Four-Year College,9,0,Sewanee,TN,Tennessee,Franklin,1,47051,37383,-85.92097,35.20471,2021,"A Rhetorical History of the Civil Rights Struggle in Greenville, South Carolina, 1947-1972",Summer Stipends,Research Programs,6000,Literature,Composition and Rhetoric,"Composition and Rhetoric; Interdisciplinary Studies, Other; Legal History",4.1,12.4,18000,6000
FT-279061-21,139940,Georgia State University,University,3,0,Atlanta,GA,Georgia,Fulton,0,13121,30303,-84.3855,33.75315,2021,Black Cinema in Brazil: Rethinking Authorship and Agency,Summer Stipends,Research Programs,6000,Area Studies,Latin American Studies,Film History and Criticism; Latin American History; Latin American Studies,4.6,13.7,2230578.12,756366.98
FT-279076-21,191241,Fordham University,Publishing,4,0,Bronx,NY,New York,Bronx,0,36005,10458,-73.88788,40.86011,2021,Jerusalem: A Feminist History,Summer Stipends,Research Programs,6000,History,History of Religion,"History of Religion; Jewish Studies; Religion, General",13.9,26.4,1261876.04,484415
FT-279088-21,176017,University of Mississippi,Center For Advanced Study/Research Institute,4,0,University,MS,Mississippi,Lafayette,0,28071,38677,-89.5352,34.36633,2021,Representations of Black Migrants in the Moroccan National Imaginary,Summer Stipends,Research Programs,6000,Humanities,Cultural Anthropology,African Studies; Cultural Anthropology; Near and Middle Eastern History,4.1,16.5,93204.45,6000
FT-279174-21,189088,Bard College,Center For Advanced Study/Research Institute,9,0,Annandale-on-Hudson,NY,New York,Dutchess,0,36027,12504,-73.90364,42.02458,2021,An Architectural History of Public Interiors: United Nations and the Ordering of the World,Summer Stipends,Research Programs,6000,Social Science,Architecture,Architecture; Diplomatic History; Media Studies,4.5,9.7,1526523,46000
FT-279219-21,233374,University of Richmond,Four-Year College,9,0,Richmond,VA,Virginia,Richmond city,0,51760,23173,-77.54296,37.57626,2021,"Cooperatives, International Development, and American Visions of Capitalism, 1941-2000",Summer Stipends,Research Programs,6000,History,U.S. History,Diplomatic History; Intellectual History; U.S. History,5.3,21.1,3795322.18,1168101
FN-279286-21,196413,Syracuse University,University,4,0,Syracuse,NY,New York,Onondaga,0,36067,13244,-76.13731,43.03933,2021,Documentation and description of Jarawan languages,Dynamic Language Infrastructure-Documenting Endangered Languages - Fellowships,Research Programs,30000,Language,Linguistics,African Studies; Linguistics,5,14.2,546098.95,53247
AKB-279297-21,156286,Bellarmine University,Four-Year College,6,0,Louisville,KY,Kentucky,Jefferson,0,21111,40205,-85.70958,38.22,2021,"Health, Culture, and Compassion",Humanities Connections Implementation Grants,Education Programs,99999,Interdisciplinary,"Interdisciplinary Studies, General","History and Philosophy of Science, Technology, and Medicine; Interdisciplinary Studies, General",4.6,14.5,918894,601313
AKB-279324-21,190716,D'Youville University,Four-Year College,6,0,Buffalo,NY,New York,Erie,0,36029,14201,-78.89039,42.90231,2021,Implementation of a Health Humanities Pathway Program,Humanities Connections Implementation Grants,Education Programs,99857,Interdisciplinary,"Interdisciplinary Studies, Other","Interdisciplinary Studies, Other",5.5,13.7,3031666.7,399230.9
RFW-279340-21,193900,New York University,Publishing,3,0,New York,NY,New York,New York,0,36061,10012,-73.99706,40.7299,2021,Beyond the Oasis: The Ancient Cultural Landscape of Bat and the Sharsah Valley,Archaeological and Ethnographic Field Research,Research Programs,146328,Humanities,Archaeology,Archaeology,7.8,17.4,78116853.73,23997670.08
RFW-279346-21,198464,East Carolina University,University,5,0,Greenville,NC,North Carolina,Pitt,0,37147,27858,-77.36389,35.58604,2021,Cemeteries as More than Final Resting Places: How Exclusion and Racism Continues to Haunt African Americans After Death,Archaeological and Ethnographic Field Research,Research Programs,137906,Humanities,Anthropology,Anthropology; Archaeology,5.3,21.6,511535.98,137906
AKB-279352-21,195720,St. John Fisher College,Four-Year College,5,0,Rochester,NY,New York,Monroe,0,36055,14618,-77.51715,43.1167,2021,"Rochester: Mapping Place, Space, and Identity",Humanities Connections Implementation Grants,Education Programs,100000,History,"History, General","History, General; Interdisciplinary Studies, General",5.2,13.3,5554529.78,723268.2
AKA-279393-21,193584,Nazareth College of Rochester,Four-Year College,6,0,Rochester,NY,New York,Monroe,0,36055,14618,-77.51465,43.10261,2021,Strengthening the Core Curriculum: Integrative Learning Through the Humanities,Humanities Connections Planning Grants,Education Programs,35000,Interdisciplinary,"Interdisciplinary Studies, General","Interdisciplinary Studies, General",5.2,13.3,5554529.78,723268.2
AKA-279394-21,190044,Clarkson University,University,4,0,Potsdam,NY,New York,St. Lawrence,0,36089,13676,-74.99402,44.6673,2021,Connecting Values with Scientific Innovation: Developing a Bioethics Minor,Humanities Connections Planning Grants,Education Programs,35000,Humanities,Ethics,Ethics,5.2,15,200382,35000
AKA-279417-21,175342,Alcorn State University,Four-Year College,7,1,Lorman,MS,Mississippi,Claiborne,0,28021,39096,-91.14017,31.87621,2021,The Book of Nature: Teaching Scholarly and Popular Science Writing through Field Research in Mycology,Humanities Connections Planning Grants,Education Programs,35000,Literature,Composition and Rhetoric,"Composition and Rhetoric; History and Philosophy of Science, Technology, and Medicine; Interdisciplinary Studies, Other",11.2,33.3,35000,35000
AKA-279429-21,233921,Virginia Polytechnic Institute and State University,University,3,0,Blacksburg,VA,Virginia,Montgomery,1,51121,24061,-80.4191,37.22859,2021,Developing a Humanities-Focused Food Studies Minor,Humanities Connections Planning Grants,Education Programs,34818.34,Interdisciplinary,"Interdisciplinary Studies, Other","History, Other; Interdisciplinary Studies, Other; Social Sciences, Other",3,23.3,1218224.98,34818.34
AKA-279432-21,196060,"SUNY Research Foundation, Albany",Four-Year College,3,0,Albany,NY,New York,Albany,0,36001,12222,-73.83172,42.68798,2021,Building the Study of History into Professional Programs,Humanities Connections Planning Grants,Education Programs,30413.38,Interdisciplinary,"Interdisciplinary Studies, Other","Interdisciplinary Studies, Other",4.5,11.9,1483153.6,151413.38
AKA-279458-21,213251,Juniata College,Four-Year College,9,0,Huntingdon,PA,Pennsylvania,Huntingdon,1,42061,16652,-78.0173,40.49869,2021,Humanities Explorations of Rural Poverty and Place: Fostering Narrative Imagination and Civic Curiosity,Humanities Connections Planning Grants,Education Programs,34936,Area Studies,American Studies,"American Literature; American Studies; Social Sciences, Other",6.8,13.9,857595,34936
AKB-279460-21,100858,Auburn University,University,4,0,Auburn,AL,Alabama,Lee,0,01081,36849,-85.49043,32.6056,2021,Building Lasting Bridges: German and Engineering,Humanities Connections Implementation Grants,Education Programs,99056,Language,German Language,German Language,2.8,18,740933,505933
AKA-279461-21,221759,"University of Tennessee, Knoxville",Publishing,3,0,Knoxville,TN,Tennessee,Knox,1,47093,37916,-83.92774,35.9529,2021,Designing a Humanistic Computing Curriculum,Humanities Connections Planning Grants,Education Programs,33572.66,Arts,Media Studies,"Interdisciplinary Studies, General; Media Studies",3.4,12.1,2097050.66,393572.66000000003
AKA-279503-21,198756,Johnson C. Smith University,Four-Year College,9,1,Charlotte,NC,North Carolina,Mecklenburg,0,37119,28216,-80.85872,35.24183,2021,Digital Innovation Program,Humanities Connections Planning Grants,Education Programs,28036.64,Interdisciplinary,"Interdisciplinary Studies, Other","African American History; Interdisciplinary Studies, Other; Philosophy, General",4.9,10.2,537270.64,28036.64
RFW-279510-21,193900,New York University,Publishing,3,0,New York,NY,New York,New York,0,36061,10012,-73.99706,40.7299,2021,How Beer Made Kings: The Abydos Brewery and the Emergence of Kingship in Ancient Egypt,Archaeological and Ethnographic Field Research,Research Programs,150000,Humanities,Archaeology,Ancient History; Archaeology,7.8,17.4,78116853.73,23997670.08
RFW-279516-21,196468,"Teachers College, Columbia University",University,4,0,New York,NY,New York,New York,0,36061,10027,-73.96051,40.81086,2021,Contesting Expertise and the Everyday Struggle Against Institutionalized Indigenous Education in Ecuador,Archaeological and Ethnographic Field Research,Research Programs,75000,Humanities,Anthropology,Anthropology,7.8,17.4,78116853.73,23997670.08
AV-279585-21,196088,"SUNY Research Foundation, University at Buffalo",University,3,0,Amherst,NY,New York,Erie,0,36029,14228,-78.7855,43.00266,2021,Developing a Sense of Meaningful Belonging Among Veterans,Dialogues on the Experience of War,Education Programs,99524.9,Interdisciplinary,"Interdisciplinary Studies, General","History, General; Interdisciplinary Studies, General",5.5,13.7,3031666.7,399230.9
AV-279589-21,193900,New York University,Publishing,3,0,New York,NY,New York,New York,0,36061,10012,-73.99706,40.7299,2021,"Life After Prison, Life After War: Veterans in Transition to Civilian Life",Dialogues on the Experience of War,Education Programs,99102.33,Literature,"Literature, General","Literature, General",7.8,17.4,78116853.73,23997670.08
AV-279598-21,139658,Emory University,Two-Year College,3,0,Atlanta,GA,Georgia,DeKalb,0,13089,30322,-84.32618,33.78858,2021,Talking about Service: The Concept of Duty from Ancient Rome to WWII and Vietnam.,Dialogues on the Experience of War,Education Programs,67935,Literature,Classical Literature,Classical Literature; U.S. History,4.6,14.5,1817120.51,755024
AV-279607-21,232566,Longwood University,Four-Year College,7,0,Farmville,VA,Virginia,Prince Edward,0,51147,23909,-78.39489,37.30157,2021,"Civil War, Civil Rights, and Civic Duty: The African American Experience of War",Dialogues on the Experience of War,Education Programs,95886.78,History,U.S. History,American Government; U.S. History,4.8,18.7,154870.78,101886.78
AV-279608-21,NA,"Clemente Course in the Humanities, Inc.",Non-Profit Educational Center,NA,NA,New York,NY,New York,New York,0,36061,10065,-73.96968,40.76542,2021,Democracy and Duty: Activating Service,Dialogues on the Experience of War,Education Programs,93360,Interdisciplinary,"Interdisciplinary Studies, Other","Interdisciplinary Studies, Other",7.8,17.4,78116853.73,23997670.08
FZ-279701-21,232186,George Mason University,Four-Year College,4,0,Fairfax,VA,Virginia,Fairfax,0,51059,22030,-77.30756,38.83542,2021,A History of the Espionage Act,Public Scholars,Research Programs,60000,History,U.S. History,Legal History; Political History; U.S. History,3.5,7.1,3509975.9699999997,139898
RQ-279704-21,198419,Duke University,Publishing,3,0,Durham,NC,North Carolina,Durham,0,37063,27705,-78.92459,36.00683,2021,The Collected Letters of Thomas and Jane Welsh Carlyle,Scholarly Editions and Translations,Research Programs,300000,Literature,British Literature,British History; British Literature,4.3,13.4,4368610,1163288
RQ-279717-21,221759,"University of Tennessee, Knoxville",Publishing,3,0,Knoxville,TN,Tennessee,Knox,1,47093,37916,-83.92774,35.9529,2021,The Papers of Andrew Jackson: A Documentary Edition,Scholarly Editions and Translations,Research Programs,300000,History,U.S. History,U.S. History,3.4,12.1,2097050.66,393572.66000000003
RQ-279732-21,NA,"American Musicological Society, Inc.",Professional Association,NA,NA,New York,NY,New York,New York,0,36061,10012,-73.99711,40.72623,2021,Music of the United States of America (MUSA),Scholarly Editions and Translations,Research Programs,254000,Arts,Music History and Criticism,Music History and Criticism,7.8,17.4,78116853.73,23997670.08
RZ-279793-21,196413,Syracuse University,University,4,0,Syracuse,NY,New York,Onondaga,0,36067,13244,-76.13731,43.03933,2021,"Taj of the Raj? Decolonizing the Imperial Collections, Architecture, and Gardens of the Victoria Memorial Hall, Kolkata",Collaborative Research,Research Programs,23247,Arts,Art History and Criticism,Architecture; Art History and Criticism; History of Science,5,14.2,546098.95,53247
RZ-279805-21,213543,Lehigh University,University,4,0,Bethlehem,PA,Pennsylvania,Northampton,0,42095,18015,-75.37849,40.60733,2021,Engaging Black Women’s Archives: Gloria Naylor and Twentieth-Century Literary History,Collaborative Research,Research Programs,89479,Literature,American Literature,African American Studies; American Literature; Women's History,5.5,9.7,1295725.72,237407
RZ-279826-21,NA,American Center of Research,Center For Advanced Study/Research Institute,NA,NA,Alexandria,VA,Virginia,Alexandria city,0,51510,22314,-77.05434,38.80523,2021,The Temple of the Winged Lions Publication Project,Collaborative Research,Research Programs,199914,Humanities,Archaeology,Ancient Languages; Archaeology; Near and Middle Eastern History,3.7,9.9,1077133,274914
RZ-279862-21,204024,"Miami University, Oxford",Center For Advanced Study/Research Institute,4,0,Oxford,OH,Ohio,Butler,0,39017,45056,-84.73473,39.51029,2021,Early Modern Kyrgyz Oral-Derived Narrative Sources (EMKONS),Collaborative Research,Research Programs,24977,Interdisciplinary,"Interdisciplinary Studies, Other","Interdisciplinary Studies, Other; Near and Middle Eastern History; Turkish Studies",4.5,11.6,1756194.8,108262
RZ-279879-21,190415,Cornell University,Four-Year College,3,0,Ithaca,NY,New York,Tompkins,1,36109,14850,-76.46515,42.43782,2021,The Next Monsoon: Climate Change and Contemporary Cultural Production in South Asia,Collaborative Research,Research Programs,65892,Area Studies,South Asian Studies,South Asian Studies,3.8,16.2,2959805.7,291847
RQ-279890-21,NA,Rector and Visitors of the University of Virginia,Publishing,NA,NA,Charlottesville,VA,Virginia,Charlottesville city,0,51540,22903,-78.50208,38.05021,2021,The Papers of James Madison,Scholarly Editions and Translations,Research Programs,200000,History,U.S. History,American Government; Political History; U.S. History,3.6,21.6,5667497.82,1030211.7
RZ-279900-21,214777,Pennsylvania State University,Four-Year College,NA,NA,University Park,PA,Pennsylvania,Centre,1,42027,16802,-77.85432,40.80366,2021,"Reimagining Jewish Life in the Modern Middle East, 1800-Present: Culture, Society, and History",Collaborative Research,Research Programs,249842,Area Studies,Jewish Studies,Jewish Studies; Near and Middle Eastern History,4.3,15.2,2265848.84,622342
RQ-279901-21,214777,Pennsylvania State University,Four-Year College,NA,NA,University Park,PA,Pennsylvania,Centre,1,42027,16802,-77.85432,40.80366,2021,The Letters of Ernest Hemingway,Scholarly Editions and Translations,Research Programs,300000,Literature,American Literature,American Literature,4.3,15.2,2265848.84,622342
RQ-279914-21,NA,American Indian Higher Education Consortium,Educational Consortium,NA,NA,Alexandria,VA,Virginia,Alexandria city,0,51510,22314,-77.03952,38.80889,2021,Sioux Literature in Translation: A Planning Project,Scholarly Editions and Translations,Research Programs,75000,Language,"Languages, Other","Languages, Other",3.7,9.9,1077133,274914
FZ-279952-21,NA,NA,Individual,NA,NA,Philadelphia,PA,Pennsylvania,Philadelphia,0,42101,19146,-75.17943,39.94311,2021,A Biography of the American Writer and Naturalist Peter Matthiessen (1927-2014),Public Scholars,Research Programs,60000,Literature,American Literature,American Literature,8.3,22.3,14436056.34,2887664
DR-280005-21,199120,"University of North Carolina Press, Inc.",Publishing,3,0,Chapel Hill,NC,North Carolina,Orange,0,37135,27515,-79.03022,35.92769,2021,Open Access Edition of A Saint of Our Own: How the Quest for a Holy Hero Helped Catholics Become American by Kathleen Cummings,Fellowships Open Book Program,Digital Humanities,5500,History,History of Religion,History of Religion; U.S. History,3.6,12.2,1384311.22,142981
DR-280007-21,199120,"University of North Carolina Press, Inc.",Publishing,3,0,Chapel Hill,NC,North Carolina,Orange,0,37135,27515,-79.03022,35.92769,2021,Open Access Edition of Aberration of Mind: Suicide and Suffering in the Civil War–Era South by Diane Miller Sommerville,Fellowships Open Book Program,Digital Humanities,5500,History,Military History,Military History; U.S. History,3.6,12.2,1384311.22,142981
DR-280008-21,199120,"University of North Carolina Press, Inc.",Publishing,3,0,Chapel Hill,NC,North Carolina,Orange,0,37135,27515,-79.03022,35.92769,2021,"Open Access Edition of Poor Man's Fortune: White Working-Class Conservatism in American Metal Mining, 1850–1950 by Jarod Roll.",Fellowships Open Book Program,Digital Humanities,5500,History,Labor History,American Studies; Labor History,3.6,12.2,1384311.22,142981
FZ-280013-21,199847,Wake Forest University,University,4,0,Winston-Salem,NC,North Carolina,Forsyth,1,37067,27109,-80.27798,36.13612,2021,"Ready for My Closeup: A Biography of ""Sunset Boulevard""",Public Scholars,Research Programs,60000,Arts,Film History and Criticism,Film History and Criticism,5,14.3,676597,138110
FZ-280020-21,190150,Trustees of Columbia University in the City of New York,Center For Advanced Study/Research Institute,3,0,New York,NY,New York,New York,0,36061,10027,-73.95707,40.81771,2021,"The War with Mexico and the Birth of the U.S.-Mexico Border, 1846-1924",Public Scholars,Research Programs,45000,History,Latino History,"History, Other; Latino History; U.S. History",7.8,17.4,78116853.73,23997670.08
FZ-280031-21,139658,Emory University,Two-Year College,3,0,Atlanta,GA,Georgia,DeKalb,0,13089,30322,-84.32618,33.78858,2021,Children's Literature and Modern Jewish Culture,Public Scholars,Research Programs,60000,Area Studies,Jewish Studies,"Comparative Literature; Jewish Studies; Literature, Other",4.6,14.5,1817120.51,755024
FZ-280044-21,234030,Virginia Commonwealth University,University,3,0,Richmond,VA,Virginia,Richmond city,0,51760,23284,-77.453,37.54946,2021,A Plague in New York City: How the City Confronted--and Survived--the Yellow Fever Epidemic in the Founding Era,Public Scholars,Research Programs,60000,History,U.S. History,History of Science; U.S. History; Urban History,5.3,21.1,3795322.18,1168101
DR-280048-21,196060,Research Foundation for the State University of New York,University,3,0,Albany,NY,New York,Albany,0,36001,12207,-73.7523,42.64975,2021,"Open Access Edition of Death Rights: Romantic Suicide, Race, and Bounds of Liberalism written by Deanna P. Koretsky",Fellowships Open Book Program,Digital Humanities,5500,Literature,Literary Criticism,African American Studies; Gender Studies; Literary Criticism,4.5,11.9,1483153.6,151413.38
DR-280049-21,196060,Research Foundation for the State University of New York,University,3,0,Albany,NY,New York,Albany,0,36001,12207,-73.7523,42.64975,2021,"Open Access Edition of The Other/Agentina: Jews, Gender, and Sexuality in the Making of a Modern Nation written by Amy K. Kaminsky",Fellowships Open Book Program,Digital Humanities,5500,Area Studies,Latin American Studies,Gender Studies; Jewish Studies; Latin American Studies,4.5,11.9,1483153.6,151413.38
FZ-280052-21,232706,Marymount University,Four-Year College,6,0,Arlington,VA,Virginia,Arlington,0,51013,22207,-77.12878,38.90447,2021,First Family: George Washington’s Heirs and the Making of America,Public Scholars,Research Programs,30000,History,U.S. History,Cultural History; U.S. History; Women's History,3,7.9,2852075.54,979403
FZ-280056-21,139940,Georgia State University,University,3,0,Atlanta,GA,Georgia,Fulton,0,13121,30303,-84.3855,33.75315,2021,Jean-Jacques Dessalines (1758-1806) and the Haitian Revolution,Public Scholars,Research Programs,60000,History,Latin American History,African American History; Latin American History; Military History,4.6,13.7,2230578.12,756366.98
FZ-280069-21,213543,Lehigh University,University,4,0,Bethlehem,PA,Pennsylvania,Northampton,0,42095,18015,-75.37849,40.60733,2021,"Bethlehem: American Utopia, American Tragedy",Public Scholars,Research Programs,60000,Area Studies,American Studies,American Studies; Labor Relations; Urban Studies,5.5,9.7,1295725.72,237407
FZ-280132-21,196060,University at Albany,University,3,0,Albany,NY,New York,Albany,0,36001,12222,-73.8265,42.69205,2021,"""Bring Judgment Day"": Reclaiming Lead Belly's Truths from Jim Crow's Lies",Public Scholars,Research Programs,60000,History,U.S. History,African American History; U.S. History,4.5,11.9,1483153.6,151413.38
FZ-280152-21,212577,Franklin and Marshall College,Four-Year College,9,0,Lancaster,PA,Pennsylvania,Lancaster,0,42071,17603,-76.31655,40.0494,2021,America's Contrarian Sage: Richard Nixon and the Invention of the Modern Post-Presidency,Public Scholars,Research Programs,60000,History,U.S. History,Political History; U.S. History,4.6,8.8,520044,265044
FZ-280212-21,193900,New York University,Publishing,3,0,New York,NY,New York,New York,0,36061,10012,-73.99706,40.7299,2021,The 272: The Story of the Enslaved Families who Fueled the Growth of Georgetown University and the Catholic Church,Public Scholars,Research Programs,40000,History,African American History,African American History; U.S. History,7.8,17.4,78116853.73,23997670.08
FZ-280219-21,NA,NA,Individual,NA,NA,New York,NY,New York,New York,0,36061,10024,-73.97142,40.78307,2021,Biography of Writer and Neurologist Oliver Sacks (1933-2015),Public Scholars,Research Programs,60000,History,"History and Philosophy of Science, Technology, and Medicine","British History; History and Philosophy of Science, Technology, and Medicine; U.S. History",7.8,17.4,78116853.73,23997670.08
FZ-280223-21,NA,West Virginia Mine Wars Museum,Individual,NA,NA,Matewan,WV,West Virginia,Fayette,1,54019,25678,-81.10056,38.12633,2021,Disunion: West Virginia Coal Miners and America's Other Civil War,Public Scholars,Research Programs,60000,History,Labor History,African American History; Labor History; Women's History,6.3,19.9,60000,60000
GA-280296-21,NA,National Women's History Museum,History Museum,NA,NA,Alexandria,VA,Virginia,Alexandria city,0,51510,22304,-77.13733,38.81282,2020,Chairman's Grant,Cooperative Agreements and Special Projects (Public Programs),Public Programs,30000,Unspecified,NA,NA,6.2,8,1077133,30000
GI-280309-21,215062,Trustees of the University of Pennsylvania,University,3,0,Philadelphia,PA,Pennsylvania,Philadelphia,0,42101,19104,-75.19276,39.95298,2021,Eastern Mediterranean Gallery,Exhibitions: Implementation,Public Programs,200000,Humanities,Archaeology,Archaeology,8.3,22.3,14436056.34,2887664
GE-280383-21,NA,Brooklyn Institute of Arts and Sciences,Art Museum,NA,NA,Brooklyn,NY,New York,Kings,0,36047,11238,-73.96335,40.6717,2021,Reinstallation of the Brooklyn Museum's American Galleries,Exhibitions: Planning,Public Programs,40000,Arts,Art History and Criticism,Art History and Criticism; U.S. Regional Studies,10.4,19.2,7011052.99,1427626
TD-280386-21,NA,"City Lore, Inc.",University,NA,NA,New York,NY,New York,New York,0,36061,10003,-73.98969,40.7239,2021,The Colfax Massacre,Media Projects Development,Public Programs,75000,History,African American History,African American History; American Government,7.8,17.4,78116853.73,23997670.08
GG-280428-21,215929,University of Scranton,Four-Year College,6,0,Scranton,PA,Pennsylvania,Lackawanna,1,42069,18510,-75.65825,41.40641,2021,"Scranton's Story, Our Nation's Story",Humanities Discussions,Public Programs,152791,History,Public History,"Philosophy, General; Public History",6.3,13.7,186300.44,152791
GE-280430-21,197708,Yeshiva University,University,3,0,New York,NY,New York,New York,0,36061,10033,-73.93093,40.85114,2021,Shaping Time: The Art and Culture of the Jewish Calendar,Exhibitions: Planning,Public Programs,39999,Area Studies,Jewish Studies,Jewish Studies,7.8,17.4,78116853.73,23997670.08
TR-280438-21,NA,"New York Foundation for the Arts, Inc.",Four-Year College,NA,NA,Brooklyn,NY,New York,Kings,0,36047,11201,-73.9867,40.70412,2021,Everything Seemed Possible: Luis Muñoz Marín and the Making of Modern Puerto Rico,Media Projects Production,Public Programs,500000,History,Urban History,"Arts, General; Latino History; Urban History",10.4,19.2,7011052.99,1427626
TR-280444-21,NA,"Jezebel Productions, Inc.",Independent Production Company,NA,NA,New York,NY,New York,New York,0,36061,10001,-73.99702,40.74899,2021,The Five Demands: Two Volatile Weeks that Changed the Face of Higher Education,Media Projects Production,Public Programs,500000,History,U.S. History,U.S. History,7.8,17.4,78116853.73,23997670.08
GI-280462-21,NA,Pierpont Morgan Library,General Museum,NA,NA,New York,NY,New York,New York,0,36061,10016,-73.97997,40.75168,2021,Holbein: Capturing Character,Exhibitions: Implementation,Public Programs,100000,Arts,Art History and Criticism,Art History and Criticism; European History,7.8,17.4,78116853.73,23997670.08
GG-280499-21,NA,"PEN American Center, Inc.",Arts-Related Organization,NA,NA,New York,NY,New York,New York,0,36061,10012,-73.99724,40.72472,2021,"Flashpoints: Free Speech in American History, Culture & Society",Humanities Discussions,Public Programs,149700,Area Studies,American Studies,American Literature; American Studies; U.S. History,7.8,17.4,78116853.73,23997670.08
GE-280581-21,NA,Queens Museum of Art,Art Museum,NA,NA,Corona,NY,New York,Queens,0,36081,11368,-73.86796,40.7573,2021,Far More than Steel and Concrete: Urban Planning and The Panorama of New York,Exhibitions: Planning,Public Programs,12500,Area Studies,Urban Studies,Architecture; Urban History; Urban Studies,9.9,13.6,2433038.77,660826
GE-280587-21,NA,Center for Teen Empowerment,Community-Level Organization,NA,NA,Rochester,NY,New York,Monroe,0,36055,14611,-77.63592,43.1427,2021,Clarissa Street Uprooted: Intergenerational History Ambassadors Exhibit,Exhibitions: Planning,Public Programs,50924,History,African American History,"African American History; Arts, General; Urban Studies",5.2,13.3,5554529.78,723268.2
GA-280607-21,NA,"Casa Belvedere, The Italian Cultural Foundation, Inc.",Non-Profit Educational Center,NA,NA,Staten Island,NY,New York,Richmond,0,36085,10301,-74.08805,40.62919,2020,"Casa Belvedere, The Italian Cultural Foundation, Inc.",Cooperative Agreements and Special Projects (Public Programs),Public Programs,30000,Unspecified,NA,NA,10.5,10.6,167145,102145
GA-280624-21,NA,Toledo Museum of Art,Art Museum,NA,NA,Toledo,OH,Ohio,Lucas,0,39095,43697,-83.43943,41.68677,2020,Curator of American Art,Cooperative Agreements and Special Projects (Public Programs),Public Programs,30000,Unspecified,NA,NA,10.3,17.5,1176150,30000
PG-280642-21,162690,Hagerstown Community College,Two-Year College,1,0,Hagerstown,MD,Maryland,Washington,1,24043,21742,-77.66839,39.63303,2021,Documenting Voices of the Past - Preservation  Needs Assessment,Preservation Assistance Grants,Preservation and Access,8697.72,Social Science,"Social Sciences, Other","Social Sciences, Other",4.9,14.5,243172.30000000002,8697.72
PG-280647-21,NA,"Appalachian College Association, Inc.",Educational Consortium,NA,NA,Lexington,KY,Kentucky,Fayette,0,21067,40517,-84.50749,37.97428,2021,Assessment of the Digital Library of Appalachia,Preservation Assistance Grants,Preservation and Access,14451,Area Studies,U.S. Regional Studies,"Interdisciplinary Studies, General; U.S. Regional Studies",3.7,14.6,1457528.43,20451
HAA-280669-21,215062,Trustees of the University of Pennsylvania,University,3,0,Philadelphia,PA,Pennsylvania,Philadelphia,0,42101,19104,-75.19276,39.95298,2021,Archaeorover - Harnessing autonomous robot technology to reveal buried archaeology,Digital Humanities Advancement Grants,Digital Humanities,99962,Humanities,Archaeology,Archaeology,8.3,22.3,14436056.34,2887664
PG-280672-21,NA,"American Jewish Joint Distribution Committee, Inc.",Archive,NA,NA,New York,NY,New York,New York,0,36061,10017,-73.97315,40.75237,2021,Preservation Assessment of the JDC Archives Collection of Albums and Scrapbooks,Preservation Assistance Grants,Preservation and Access,10000,Area Studies,Jewish Studies,European History; Immigration History; Jewish Studies,7.8,17.4,78116853.73,23997670.08
PF-280689-21,NA,Oneida Indian Nation,Four-Year College,NA,NA,Oneida,NY,New York,Madison,0,36053,13421,-75.64722,43.07788,2021,Oneida Indian Nation Archives Planning Project,Sustaining Cultural Heritage Collections,Preservation and Access,20789,Area Studies,Native American Studies,Native American Studies,4.6,10.4,1002715.85,211463.85
PG-280702-21,NA,American Academy in Rome,Center For Advanced Study/Research Institute,NA,NA,New York,NY,New York,New York,0,36061,10021,-73.96719,40.77009,2021,Digital Preservation Assessment for American Academy in Rome,Preservation Assistance Grants,Preservation and Access,7150,Interdisciplinary,"Interdisciplinary Studies, General","Interdisciplinary Studies, General",7.8,17.4,78116853.73,23997670.08
HAA-280706-21,139755,Georgia Tech Research Corporation,Center For Advanced Study/Research Institute,3,0,Atlanta,GA,Georgia,Fulton,0,13121,30318,-84.40002,33.78076,2021,humdrumR: A user-friendly software package for computational music analysis,Digital Humanities Advancement Grants,Digital Humanities,99893,Arts,Music History and Criticism,"Arts, General; Music History and Criticism",4.6,13.7,2230578.12,756366.98
PG-280709-21,NA,Seward House Museum,Four-Year College,NA,NA,Auburn,NY,New York,Cayuga,0,36011,13021,-76.56606,42.9291,2021,Purchase of Furniture to Upgrade Seward House Museum's Collections Storage,Preservation Assistance Grants,Preservation and Access,10000,History,U.S. History,U.S. History,4.8,14.8,110855,57835
PG-280710-21,NA,Hermitage Museum and Gardens,Historical Site/House,NA,NA,Norfolk,VA,Virginia,Norfolk city,0,51710,23505,-76.31144,36.91323,2021,Preservation Assessment of the Hermitage Museum & Gardens Archive & Objects,Preservation Assistance Grants,Preservation and Access,9365,Arts,Art History and Criticism,Art History and Criticism,5.5,16.9,392645,75365
PG-280717-21,NA,Girard College Foundation,Secondary School,NA,NA,Philadelphia,PA,Pennsylvania,Philadelphia,0,42101,19121,-75.16889,39.97329,2021,Girard College Historical Collections: Bound Manuscript Rehousing,Preservation Assistance Grants,Preservation and Access,7902,History,U.S. History,Cultural History; U.S. History,8.3,22.3,14436056.34,2887664
PG-280726-21,NA,"Visual Studies Workshop, INC",Non-Profit Educational Center,NA,NA,Rochester,NY,New York,Monroe,0,36055,14607,-77.59163,43.15611,2021,Visual Studies Workshop Collection Preservation Assessment,Preservation Assistance Grants,Preservation and Access,7200,Arts,"Arts, General","Arts, General; Film History and Criticism; History, General",5.2,13.3,5554529.78,723268.2
PG-280728-21,NA,Genesee Country Museum Inc.,Museum,NA,NA,Mumford,NY,New York,Monroe,0,36055,14511,-77.8967,43.00702,2021,Genesee Country Village & Museum Emergency Planning,Preservation Assistance Grants,Preservation and Access,9970.2,History,"History, General","History, General; Interdisciplinary Studies, General",5.2,13.3,5554529.78,723268.2
PG-280731-21,NA,Centre County Library and Historical Museum,Public Library,NA,NA,Bellfonte,PA,Pennsylvania,Centre,1,42027,16823,-77.77878,40.9141,2021,"Assessing Needs for the Historical Museum in Centre County, Pennsylvania",Preservation Assistance Grants,Preservation and Access,6500,History,Public History,Public History; U.S. History,4.3,15.2,2265848.84,622342
PF-280749-21,NA,Lower East Side Tenement Museum,History Museum,NA,NA,New York,NY,New York,New York,0,36061,10002,-73.99009,40.71864,2021,Tenement Museum Collections Storage Reorganization Plan,Sustaining Cultural Heritage Collections,Preservation and Access,350000,History,Immigration History,Immigration History; U.S. History; Urban History,7.8,17.4,78116853.73,23997670.08
PG-280758-21,139755,Georgia Tech Research Corporation,Center For Advanced Study/Research Institute,3,0,Atlanta,GA,Georgia,Fulton,0,13121,30318,-84.40002,33.78076,2021,Bark Paper of the Americas and Pacific Tapa: Care and Conservation,Preservation Assistance Grants,Preservation and Access,6356.99,Humanities,Folklore and Folklife,"Anthropology; Folklore and Folklife; History, General",4.6,13.7,2230578.12,756366.98
HAA-280770-21,163286,"University of Maryland, College Park",University,3,0,College Park,MD,Maryland,Prince George's,0,24033,20742,-76.95018,38.9975,2021,Multimodal Corpus of Heritage Spanish,Digital Humanities Advancement Grants,Digital Humanities,49987,Language,Spanish Language,Linguistics; Spanish Language,6.7,11.5,4393763.9399999995,55987
PG-280774-21,218663,University of South Carolina,Four-Year College,3,0,Columbia,SC,South Carolina,Richland,0,45079,29208,-81.0252,33.99326,2021,NEH Preservation Assistance Grants for Smaller Institutions to Purchase Materials and Supplies for the Long-Term Care of Folklife Collections at McKissick Museum,Preservation Assistance Grants,Preservation and Access,8327.28,Humanities,Folklore and Folklife,"Arts, General; Folklore and Folklife; U.S. History",4,17,3178952.8600000003,756834.28
HAA-280775-21,221999,Vanderbilt University,Four-Year College,3,0,Nashville,TN,Tennessee,Davidson,0,47037,37203,-86.80065,36.14959,2021,Building a Searchable Database for Collections of the Enslaved & Free Builders and Defenders of Nashville's Civil War Fortifications: A Community-Driven Linked Data Approach,Digital Humanities Advancement Grants,Digital Humanities,99442,History,African American History,African American History; African American Studies; U.S. History,4.4,15,3331367.6799999997,1169638
PF-280781-21,NA,Livingston County Historical Society,Historical Society,NA,NA,Geneseo,NY,New York,Livingston,0,36051,14454,-77.81343,42.79574,2021,"LCHS-Designing Sustainable and Energy-Efficient Storage, Collection Management, and Exhibit Spaces",Sustaining Cultural Heritage Collections,Preservation and Access,50000,History,"History, General","History, General",4.4,12,223692,222692
PG-280789-21,NA,Western North Carolina Historical Association,Historical Society,NA,NA,Asheville,NC,North Carolina,Buncombe,1,37021,28801,-82.55439,35.57054,2021,Rehousing the Western North Carolina Humanities Collection,Preservation Assistance Grants,Preservation and Access,9993,History,U.S. History,Public History; U.S. History; U.S. Regional Studies,4.2,11.7,903300.45,280281
PF-280799-21,NA,New York Public Library,Public Library,NA,NA,New York,NY,New York,New York,0,36061,10016,-73.98192,40.75188,2021,Collection Storage Master Plan for the NYPL Research Libraries,Sustaining Cultural Heritage Collections,Preservation and Access,50000,Interdisciplinary,"Interdisciplinary Studies, Other","Interdisciplinary Studies, Other",7.8,17.4,78116853.73,23997670.08
PG-280813-21,163268,"University of Maryland, Baltimore County",University,4,0,Baltimore,MD,Maryland,Baltimore,0,24005,21250,-76.71442,39.25569,2021,Rehousing the Lewis Hine Collection at UMBC Special Collections,Preservation Assistance Grants,Preservation and Access,9806.9,History,Labor History,American Studies; Art History and Criticism; Labor History,5.2,9.8,734447.9,75806.9
PG-280823-21,217882,Clemson University,University,4,0,Clemson,SC,South Carolina,Pickens,1,45077,29634,-82.82688,34.68163,2021,Fort Hill National Historic Landmark Historic House Museum Improving Collections Conservation Project,Preservation Assistance Grants,Preservation and Access,8538.97,History,Public History,Public History,3.4,17.8,985048.5,208505.97
PG-280824-21,NA,"Forward Association, Inc., The",Press,NA,NA,New York,NY,New York,New York,0,36061,10038,-74.00644,40.70659,2021,Preserving the story of Jewish America through the Forward's unique photo-journalism collection,Preservation Assistance Grants,Preservation and Access,10000,Area Studies,Jewish Studies,Immigration History; Jewish Studies; Journalism,7.8,17.4,78116853.73,23997670.08
HAA-280830-21,195030,University of Rochester,University,3,0,Rochester,NY,New York,Monroe,0,36055,14627,-77.62391,43.13182,2021,Black Past Lives Matter: Digital Kormantin,Digital Humanities Advancement Grants,Digital Humanities,99874,History,African American History,African American History; African American Studies; Archaeology,5.2,13.3,5554529.78,723268.2
PG-280839-21,NA,Black Mountain College Museum and Arts Center,University,NA,NA,Asheville,NC,North Carolina,Buncombe,1,37021,28801,-82.55222,35.59705,2021,Item-by-item conservation assessment of paintings in the BMCM+AC Permanent Collection,Preservation Assistance Grants,Preservation and Access,10000,Arts,Art History and Criticism,"Art History and Criticism; History, General",4.2,11.7,903300.45,280281
PG-280867-21,NA,Seneca Nation of Indians,University,NA,NA,Salamanca,NY,New York,Cattaraugus,1,36009,14779,-78.72012,42.16297,2021,The Non-Traditional Artifacts Project,Preservation Assistance Grants,Preservation and Access,12600,Area Studies,Native American Studies,Native American Studies,5.4,16.1,237435,12600
PF-280896-21,139940,"Georgia State University Research Foundation, Inc.",Two-Year College,NA,NA,Atlanta,GA,Georgia,Newton,0,13217,30302,-83.69758,33.612,2021,Planning a Sustainable Photographic and Film Preservation Environment,Sustaining Cultural Heritage Collections,Preservation and Access,48691,History,U.S. History,"History, General; Labor History; U.S. History",4.4,12.5,1331330.3399999999,413873.97
PG-280897-21,NA,Museum of Chinese in the Americas,History Museum,NA,NA,New York,NY,New York,New York,0,36061,10013,-73.99892,40.71947,2021,Rehousing Traditional Chinese Opera Costumes and QiPaos in Vertical Storage System,Preservation Assistance Grants,Preservation and Access,10000,Area Studies,Asian American Studies,"Asian American Studies; Interdisciplinary Studies, General; U.S. History",7.8,17.4,78116853.73,23997670.08
PG-280918-21,215105,University of the Arts,Four-Year College,16,0,Philadephia,PA,Pennsylvania,Philadelphia,0,42101,19102,-75.1627,39.95826,2021,University of the Arts Library and University Centers Archive Preservation Plan,Preservation Assistance Grants,Preservation and Access,10000,Arts,"Arts, General","Art History and Criticism; Arts, General; U.S. History",8.3,22.3,14436056.34,2887664
PG-280956-21,206507,"Wilmington College, Ohio",Four-Year College,9,0,Wilmington,OH,Ohio,Clinton,0,39027,45177,-83.81724,39.4413,2021,Peace Resource Center Barbara Reynolds Memorial Archives Future Collections Storage and Growth,Preservation Assistance Grants,Preservation and Access,10000,History,East Asian History,East Asian History; Public History; U.S. History,5.5,12,19798,10000
HAA-280975-21,233374,University of Richmond,Four-Year College,9,0,Richmond,VA,Virginia,Richmond city,0,51760,23173,-77.54296,37.57626,2021,America’s Music Scenes in the Age of Social Media,Digital Humanities Advancement Grants,Digital Humanities,47357,Arts,Ethnomusicology,Ethnomusicology; Music History and Criticism; U.S. History,5.3,21.1,3795322.18,1168101
HAA-280982-21,210669,Allegheny College,Four-Year College,9,0,Meadville,PA,Pennsylvania,Crawford,1,42039,16335,-80.14698,41.64662,2021,An Engaging Digital Curriculum for Intermediate Chinese Language and Culture,Digital Humanities Advancement Grants,Digital Humanities,48355,Language,Asian Languages,Asian Languages,6.2,15,83122.45,48355
HAA-280996-21,195526,Skidmore College,Four-Year College,9,0,Saratoga Springs,NY,New York,Saratoga,0,36091,12866,-73.77963,43.09599,2021,"Architectural walking tour of ancient Maya masterpieces: Visualizations of San Bartolo and Xultun, Guatemala",Digital Humanities Advancement Grants,Digital Humanities,49506.55,Humanities,Anthropology,Anthropology; Archaeology,3.9,7.7,166506.55,49506.55
HAA-281007-21,190549,"CUNY Research Foundation, Brooklyn College",Two-Year College,6,0,Brooklyn,NY,New York,Kings,0,36047,11210,-73.95285,40.63213,2021,AMPACT: Automatic Music Performance Analysis and Comparison Toolkit,Digital Humanities Advancement Grants,Digital Humanities,100000,Arts,Music History and Criticism,Music History and Criticism,10.4,19.2,7011052.99,1427626
HAA-281011-21,139658,Emory University,Two-Year College,3,0,Atlanta,GA,Georgia,DeKalb,0,13089,30322,-84.32618,33.78858,2021,Data by Design: An Interactive History of Data Visualization,Digital Humanities Advancement Grants,Digital Humanities,88729,Interdisciplinary,"Interdisciplinary Studies, Other","American Studies; Interdisciplinary Studies, Other; Media Studies",4.6,14.5,1817120.51,755024
HC-281052-21,NA,American Council of Learned Societies,Philanthropic Foundation,NA,NA,New York,NY,New York,New York,0,36061,10017,-73.97493,40.74992,2021,Commission on the long-term organizational financial sustainability of digital resources and projects,Cooperative Agreements and Special Projects (Digital Humanities),Digital Humanities,30000,Humanities,Digital Preservation,NA,7.8,17.4,78116853.73,23997670.08
RJ-281060-21,232186,George Mason University,Four-Year College,4,0,Fairfax,VA,Virginia,Fairfax,0,51059,22030,-77.30756,38.83542,2021,Hosting and Support for Democracy in the 19th Century Black Press of Ohio by Jewon Woo,Cooperative Agreements and Special Projects (Research),Research Programs,29899,Unspecified,NA,African American History,3.5,7.1,3509975.9699999997,139898
PD-281082-21,NA,New York Botanical Garden,Nature Center/Botanical Garden/Aboretum,NA,NA,Bronx,NY,New York,Bronx,0,36005,10458,-73.88051,40.86,2021,The language of land and life: Connecting language and ecology in Wixárika (hch),Documenting Endangered Languages - Preservation,Preservation and Access,418415,Unspecified,NA,NA,13.9,26.4,1261876.04,484415
GA-281090-21,194310,Pace University,University,5,0,New York,NY,New York,New York,0,36061,10038,-74.00634,40.71096,2021,Partnership with South Street Seaport Museum for Student Internships,Cooperative Agreements and Special Projects (Public Programs),Public Programs,30000,Unspecified,NA,NA,7.8,17.4,78116853.73,23997670.08
ES-281156-21,190576,"CUNY Research Foundation, Graduate School and University Center",Center For Advanced Study/Research Institute,3,0,New York,NY,New York,New York,0,36061,10016,-73.98421,40.74873,2021,LGBTQ+ Histories of the United States,Institutes for K-12 Educators,Education Programs,190000,History,U.S. History,U.S. History,7.8,17.4,78116853.73,23997670.08
HT-281157-21,221999,Vanderbilt University,Four-Year College,3,0,Nashville,TN,Tennessee,Davidson,0,47037,37203,-86.80065,36.14959,2021,Immersive Global Middle Ages Institute for Advanced Topics,Institutes for Advanced Topics in the Digital Humanities,Digital Humanities,239066,History,Medieval Studies,Medieval Studies,4.4,15,3331367.6799999997,1169638
BH-281173-21,139940,"Georgia State University Research Foundation, Inc.",Two-Year College,NA,NA,Atlanta,GA,Georgia,Newton,0,13217,30302,-83.69758,33.612,2021,Problem of the Color Line: Atlanta Landmarks and Civil Rights History,Landmarks of American History and Culture for K-12 Educators,Education Programs,179016.97,History,U.S. History,African American History; U.S. History; Urban History,4.4,12.5,1331330.3399999999,413873.97
ES-281188-21,138600,Agnes Scott College,Four-Year College,9,0,Decatur,GA,Georgia,DeKalb,0,13089,30030,-84.29518,33.77008,2021,Shakespeare and Digital Storytelling,Institutes for K-12 Educators,Education Programs,187673,Literature,British Literature,"British Literature; Interdisciplinary Studies, General",4.6,14.5,1817120.51,755024
ES-281189-21,190099,Colgate University,Four-Year College,9,0,Hamilton,NY,New York,Madison,0,36053,13346,-75.53284,42.81934,2021,Abolitionism and the Underground Railroad,Institutes for K-12 Educators,Education Programs,190674.85,History,U.S. History,U.S. History,4.6,10.4,1002715.85,211463.85
ES-281207-21,215947,Seton Hill University,Four-Year College,9,0,Greensburg,PA,Pennsylvania,Westmoreland,1,42129,15601,-79.55879,40.31029,2021,Grappling with Genocide: Fostering Empathy and Engagement through Text and Image,Institutes for K-12 Educators,Education Programs,168973.54,Interdisciplinary,"Interdisciplinary Studies, General","History, General; Interdisciplinary Studies, General; Literature, General",5.9,11.2,218218.54,168973.54
ES-281208-21,218663,University of South Carolina,Four-Year College,3,0,Columbia,SC,South Carolina,Richland,0,45079,29208,-81.0252,33.99326,2021,America's Reconstruction: The Untold Story,Institutes for K-12 Educators,Education Programs,199401,History,African American History,African American History; U.S. History,4,17,3178952.8600000003,756834.28
EH-281219-21,163426,Montgomery College,Two-Year College,1,0,Rockville,MD,Maryland,Montgomery,0,24031,20850,-77.15438,39.09919,2021,"Identity and Connections among African, Afro-Caribbean, and African American Communities in the United States",Institutes for Higher Education Faculty,Education Programs,154802,Area Studies,African American Studies,African American Studies; African Studies; Ethnic Studies,5,8.5,647170,154802
EH-281232-21,212674,Gettysburg College,Four-Year College,9,0,Gettysburg,PA,Pennsylvania,Adams,0,42001,17325,-77.23291,39.83371,2021,Civil War Archives: A New Social and Cultural History of the Civil War,Institutes for Higher Education Faculty,Education Programs,161754,History,"History, General","Cultural History; History, General",4.1,8.6,541785.0700000001,209851.53
EH-281254-21,215293,University of Pittsburgh,Four-Year College,3,0,Pittsburgh,PA,Pennsylvania,Allegheny,1,42003,15260,-79.95595,40.44347,2021,Transnational Dialogues in Afro-Latin American and Afro-Latinx Studies,Institutes for Higher Education Faculty,Education Programs,175000,Area Studies,Ethnic Studies,African American Studies; Ethnic Studies; Latin American Studies,5.6,11.3,5940946.359999999,2718946
ES-281264-21,NA,Intrepid Sea-Air-Space Museum,History Museum,NA,NA,New York,NY,New York,New York,0,36061,10036,-73.99939,40.76339,2021,Perspectives on World War II in the Pacific Theater,Institutes for K-12 Educators,Education Programs,162382,History,"History, General","History, General",7.8,17.4,78116853.73,23997670.08
ES-281266-21,139940,"Georgia State University Research Foundation, Inc.",Two-Year College,NA,NA,Atlanta,GA,Georgia,Newton,0,13217,30302,-83.69758,33.612,2021,"Courting Liberty: Slavery and Equality Under the Constitution, 1770-1870",Institutes for K-12 Educators,Education Programs,186166,History,U.S. History,U.S. History,4.4,12.5,1331330.3399999999,413873.97
ES-281272-21,NA,New York Historical Society,Historical Society,NA,NA,New York,NY,New York,New York,0,36061,10024,-73.97399,40.77909,2021,"Rethinking American Feminism, 1948-1977",Institutes for K-12 Educators,Education Programs,205897,History,U.S. History,U.S. History; Women's History,7.8,17.4,78116853.73,23997670.08
ES-281273-21,NA,Toledo Museum of Art,Art Museum,NA,NA,Toledo,OH,Ohio,Lucas,0,39095,43697,-83.43943,41.68677,2021,Diverse Historical and Cultural Perspectives in Native American and African American Art,Institutes for K-12 Educators,Education Programs,102952,Arts,"Arts, Other","African American History; Arts, Other; Native American Studies",6.2,17.4,1176150,701150
BH-281283-21,NA,"Nobis Project, Inc.",Unspecified,NA,NA,Savannah,GA,Georgia,Chatham,0,13051,31412,-81.09429,32.07894,2021,The Legacy of Early African-Americans and the Gullah-Geechee People,Landmarks of American History and Culture for K-12 Educators,Education Programs,191908,Area Studies,African American Studies,African American History; African American Studies,4.3,15.5,381908,191908
ES-281287-21,163453,Morgan State University,Four-Year College,5,1,Baltimore,MD,Maryland,Baltimore city,0,24510,21251,-76.58109,39.3454,2021,The Search for Founding Black Mothers,Institutes for K-12 Educators,Education Programs,234960,Area Studies,African American Studies,African American History; African American Studies; Women's History,6.9,22.9,3788310,1035590
BH-281304-21,100858,Auburn University,University,4,0,Auburn,AL,Alabama,Lee,0,01081,36849,-85.49043,32.6056,2021,"Bloody Sunday, Selma, and the Long Civil Rights Movement",Landmarks of American History and Culture for K-12 Educators,Education Programs,190888,History,U.S. History,African American History; U.S. History,2.8,18,740933,505933
BH-281309-21,NA,"National Council for History Education, Inc.",National Organization,NA,NA,University Heights,OH,Ohio,Cuyahoga,0,39035,44118,-81.53795,41.50126,2021,The Space Age on the Space Coast,Landmarks of American History and Culture for K-12 Educators,Education Programs,190000,History,U.S. History,U.S. History,6.2,16.2,1340039.36,259248
FEL-281489-22,214777,Pennsylvania State University,Four-Year College,NA,NA,University Park,PA,Pennsylvania,Centre,1,42027,16802,-77.85432,40.80366,2021,"The Political Supreme Court: Justices, Partisanship, & Power, 1830-1900",Fellowships,Research Programs,60000,History,U.S. History,Legal History; Political History; U.S. History,4.3,15.2,2265848.84,622342
FEL-281583-22,204796,Ohio State University,University,3,0,Columbus,OH,Ohio,Franklin,0,39049,43210,-83.0098,40.00011,2021,Disaster in Late Antiquity: A Cultural and Material History,Fellowships,Research Programs,60000,History,Ancient History,"Ancient History; Interdisciplinary Studies, Other; Medieval History",5,14.3,1472216.81,60000
FEL-281665-22,212009,Dickinson College,Four-Year College,9,0,Carlisle,PA,Pennsylvania,Cumberland,0,42041,17013,-77.19704,40.20106,2021,Printing the Invisible: The Invention of Photography as a Cultural Technique.,Fellowships,Research Programs,30000,Literature,German Literature,"German Literature; History of Science; History, Criticism, and Theory of the Arts",4.3,8,289101,30000
FEL-281677-22,232982,Old Dominion University Research Foundation,University,4,0,Norfolk,VA,Virginia,Norfolk city,0,51710,23508,-76.29878,36.8858,2021,"Susan Stebbing, Common Sense, and Thinking Critically",Fellowships,Research Programs,60000,Humanities,"Philosophy, General","History of Philosophy; Logic; Philosophy, General",5.5,16.9,392645,75365
FEL-281683-22,100858,Auburn University,University,4,0,Auburn,AL,Alabama,Lee,0,01081,36849,-85.49043,32.6056,2021,The World of Frederick Douglass's Newspapers,Fellowships,Research Programs,60000,Area Studies,African American Studies,African American History; African American Studies; American Literature,2.8,18,740933,505933
FEL-281714-22,163295,Maryland Institute College of Art,Four-Year College,16,0,Baltimore,MD,Maryland,Baltimore city,0,24510,21217,-76.62121,39.30751,2021,"Uncovering the Lost History of the American Art World’s Engagements with the Middle East, 1957–1979",Fellowships,Research Programs,60000,Arts,Art History and Criticism,American Studies; Art History and Criticism; U.S. History,6.9,22.9,3788310,1035590
FEL-281719-22,163268,"University of Maryland, Baltimore County",University,4,0,Baltimore,MD,Maryland,Baltimore,0,24005,21250,-76.71442,39.25569,2021,Multiple Crossings: The Lives of Two African Men in the Eighteenth-Century Dutch Atlantic,Fellowships,Research Programs,60000,History,"History, Other","African History; European History; History, Other",5.2,9.8,734447.9,75806.9
FEL-281739-22,194310,Pace University,University,5,0,New York,NY,New York,New York,0,36061,10038,-74.00634,40.71096,2021,Red Star Over Cuba: A Global History of Anti-Castroism After the Bay of Pigs,Fellowships,Research Programs,60000,History,Latin American History,Latin American History,7.8,17.4,78116853.73,23997670.08
FEL-281814-22,221759,"University of Tennessee, Knoxville",Publishing,3,0,Knoxville,TN,Tennessee,Knox,1,47093,37916,-83.92774,35.9529,2021,The Work of Tennessee-born Painter Beauford Delaney (1901-1979) through Music and Voices,Fellowships,Research Programs,60000,Arts,Art History and Criticism,"African American History; Art History and Criticism; History, Criticism, and Theory of the Arts",3.4,12.1,2097050.66,393572.66000000003
FEL-281868-22,193900,New York University,Publishing,3,0,New York,NY,New York,New York,0,36061,10012,-73.99706,40.7299,2021,"Thinking in English, Speaking in Hindi: Translation, Creativity, and Indian Media Worlds",Fellowships,Research Programs,60000,Humanities,Cultural Anthropology,Cultural Anthropology; Film History and Criticism; South Asian Studies,7.8,17.4,78116853.73,23997670.08
FEL-281887-22,195030,University of Rochester,University,3,0,Rochester,NY,New York,Monroe,0,36055,14627,-77.62391,43.13182,2021,Astrology and the Sibyls: Paths to Truth in Medieval and Renaissance Europe,Fellowships,Research Programs,60000,History,Medieval History,European History; Medieval History,5.2,13.3,5554529.78,723268.2
FEL-281918-22,215062,Trustees of the University of Pennsylvania,University,3,0,Philadelphia,PA,Pennsylvania,Philadelphia,0,42101,19104,-75.19276,39.95298,2021,Living Through the Roman Empire: An Economic History of the 90%,Fellowships,Research Programs,30000,Literature,Classics,Ancient History; Archaeology; Classics,8.3,22.3,14436056.34,2887664
HB-281926-22,163453,Morgan State University,Four-Year College,5,1,Baltimore,MD,Maryland,Baltimore city,0,24510,21251,-76.58109,39.3454,2021,Africanjujuism in Nnedi Okorafor's Akata Books and the Relaunch of Sankofa: A Journal of African Children’s Literature,Awards for Faculty,Research Programs,30000,Literature,African Literature,African Literature; American Literature,6.9,22.9,3788310,1035590
FEL-282005-22,189097,Barnard College,Four-Year College,9,0,New York,NY,New York,New York,0,36061,10027,-73.96362,40.80858,2021,For the Love of Revolution: René Depestre and the Poetics of the Cold War,Fellowships,Research Programs,40000,History,Latin American History,Intellectual History; Latin American History; Latin American Literature,7.8,17.4,78116853.73,23997670.08
FEL-282164-22,139959,University of Georgia,University,3,0,Athens,GA,Georgia,Clarke,0,13059,30602,-83.37298,33.95023,2021,"Race, Gender, and Property Ownership in the Eighteenth-Century French Atlantic World",Fellowships,Research Programs,60000,History,European History,European History; Latin American History; Women's History,3.9,21.5,1048174.2,60000
FEL-282226-22,211440,Carnegie Mellon University,University,3,0,Pittsburgh,PA,Pennsylvania,Allegheny,1,42003,15213,-79.9433,40.44453,2021,"Side by Side but not Eye to Eye: “Whiteness” and the Performance of Race in Tampa Cuban Immigrant Theater, 1886-1960",Fellowships,Research Programs,60000,History,Latino History,Ethnic Studies; Latino History; Theater History and Criticism,5.6,11.3,5940946.359999999,2718946
FEL-282246-22,191241,Fordham University,Publishing,4,0,Bronx,NY,New York,Bronx,0,36005,10458,-73.88788,40.86011,2021,Jerusalem: A Feminist History,Fellowships,Research Programs,60000,History,History of Religion,"History of Religion; Jewish Studies; Religion, General",13.9,26.4,1261876.04,484415
FEL-282397-22,189088,Bard College,Center For Advanced Study/Research Institute,9,0,Annandale-on-Hudson,NY,New York,Dutchess,0,36027,12504,-73.90364,42.02458,2021,The Formation of the Talmud in Sasanian Babylonia,Fellowships,Research Programs,40000,History,History of Religion,History of Religion; Jewish Studies; Near and Middle Eastern Literature,4.5,9.7,1526523,46000
FEL-282430-22,221999,Vanderbilt University,Four-Year College,3,0,Nashville,TN,Tennessee,Davidson,0,47037,37203,-86.80065,36.14959,2021,Designs on Territory: Mental Maps and the Fabrication of a Contested Border,Fellowships,Research Programs,40000,Social Science,Architecture,Architecture; European History; Urban Studies,4.4,15,3331367.6799999997,1169638
FEL-282528-22,195003,Rochester Institute of Technology,Four-Year College,6,0,Rochester,NY,New York,Monroe,0,36055,14623,-77.6748,43.09218,2021,"Poetry, Anatomy, and Women's Scientific Work in Sixteenth- and Seventeenth-Century England",Fellowships,Research Programs,60000,History,Renaissance Studies,"British Literature; History and Philosophy of Science, Technology, and Medicine; Renaissance Studies",5.2,13.3,5554529.78,723268.2
FEL-282529-22,199218,"University of North Carolina, Wilmington",Four-Year College,6,0,Wilmington,NC,North Carolina,New Hanover,0,37129,28403,-77.87915,34.22712,2021,"Between Yan'an, Pakistan & Hindustan: Communism, Islamism, and Indian Nationalism in Hyderabad, 1935-1952",Fellowships,Research Programs,60000,History,South Asian History,"History, General; South Asian History",4.3,11.9,247239,60000
HB-282684-22,198507,Elizabeth City State University,Four-Year College,9,1,Elizabeth City,NC,North Carolina,Pasquotank,0,37139,27909,-76.20002,36.265860000000004,2021,"An Empire of Justice: Britishness, Respectability, and Citizenship in Colonial South Africa, 1841-1923",Awards for Faculty,Research Programs,25000,History,British History,African History; British History,5.5,15.4,25000,25000
FEL-282914-22,NA,Pratt Institute,Four-Year College,NA,NA,Brooklyn,NY,New York,Kings,0,36047,11205,-73.96467,40.69189,2021,On the Public Rails: A History of Soviet Amateur Filmmaking (1957-1991),Fellowships,Research Programs,60000,Arts,Film History and Criticism,"Film History and Criticism; History and Philosophy of Science, Technology, and Medicine; Russian History",10.4,19.2,7011052.99,1427626
FEL-282998-22,198419,Duke University,Publishing,3,0,Durham,NC,North Carolina,Durham,0,37063,27705,-78.92459,36.00683,2021,Publishing Archaeology in 3D:  Waterscapes in Etruscan and Roman Times (Vulci),Fellowships,Research Programs,35000,Humanities,Archaeology,Anthropology; Archaeology; Classics,4.3,13.4,4368610,1163288
FO-283006-22,204024,"Miami University, Oxford",Center For Advanced Study/Research Institute,4,0,Oxford,OH,Ohio,Butler,0,39017,45056,-84.73473,39.51029,2021,Between Expertise and Bureaucracy: How Cybersecurity Policy is Shaped in Japan and the United States,Fellowships for Advanced Social Science Research on Japan,Research Programs,60000,Social Science,Comparative Politics,Comparative Politics; International Relations,4.5,11.6,1756194.8,108262
FEL-283020-22,140553,Morehouse College,Four-Year College,9,1,Atlanta,GA,Georgia,Fulton,0,13121,30314,-84.41563,33.74672,2021,“Siftings of Centuries”: Language and Melody in West Africa and its Diaspora,Fellowships,Research Programs,60000,Arts,"History, Criticism, and Theory of the Arts","African American History; Comparative Languages; History, Criticism, and Theory of the Arts",4.6,13.7,2230578.12,756366.98
FEL-283045-22,199120,University of North Carolina at Chapel Hill,Center For Advanced Study/Research Institute,3,0,Chapel Hill,NC,North Carolina,Orange,0,37135,27599,-79.04617,35.90348,2021,Walking on a Tightrope of Words : Langston Hughes’s Re-writings on Race in the Soviet Union and the U.S.,Fellowships,Research Programs,60000,Area Studies,African American Studies,African American Studies,3.6,12.2,1384311.22,142981
ZSO-283160-21,NA,Humanities New York,National Organization,NA,NA,New York,NY,New York,New York,0,36061,10038,-74.01036,40.70921,2021,Humanities Councils American Rescue Plan funding,ARP (State councils),Federal/State Partnership,1942510,Unspecified,NA,NA,7.8,17.4,78116853.73,23997670.08
ZPA-283184-22,NA,YIVO Institute for Jewish Research,Center For Advanced Study/Research Institute,NA,NA,New York,NY,New York,New York,0,36061,10011,-73.99332,40.73771,2021,Digitizing Assorted Collections,ARP-Organizations (Preservation-related),Agency-wide Projects,199510,Area Studies,Jewish Studies,Jewish Studies,7.8,17.4,78116853.73,23997670.08
ZED-283198-22,NA,"Travellers Rest Historic House Museum, Inc.",Historical Site/House,NA,NA,Nashville,TN,Tennessee,Davidson,0,47037,37220,-86.76463,36.0761,2021,"Post-Pandemic Conservation, Education and Outreach at Travellers Rest Historic House Museum",ARP-Organizations (Education-related),Agency-wide Projects,50000,History,Public History,Public History,4.4,15,3331367.6799999997,1169638
ZRE-283204-22,176017,University Press of Mississippi,Publishing,NA,NA,Jackson,MS,Mississippi,Hinds,0,28049,39211,-90.14201,32.34015,2021,University Press of Mississippi (a proposal to support salary costs and create new humanities positions),ARP-Organizations (Research-related),Agency-wide Projects,144000,Area Studies,American Studies,"African American Studies; American Studies; Arts, General",6,25.2,2385566.77,1026926
ZPP-283238-22,NA,"Smarthistory, Inc.",National Organization,NA,NA,Pleasantville,NY,New York,Westchester,0,36119,10570,-73.76036,41.13342,2021,Emergency Relief Grant Proposal to Retain Dean of Humanities Content,ARP-Organizations (Public-related),Agency-wide Projects,50000,Arts,Art History and Criticism,Art History and Criticism; U.S. History,4.8,9.4,2797620.9,822701
ZPP-283245-22,NA,Seward House Museum,Four-Year College,NA,NA,Auburn,NY,New York,Cayuga,0,36011,13021,-76.56606,42.9291,2021,Investing in Education and Growing a Digital Humanities Future at the Seward House Museum,ARP-Organizations (Public-related),Agency-wide Projects,47835,History,U.S. History,Political History; U.S. History; Women's History,4.8,14.8,110855,57835
ZDH-283255-22,NA,West Virginia Mine Wars Museum,History Museum,NA,NA,Matewan,WV,West Virginia,Mingo,1,54059,25678,-82.10778,37.61542,2021,Increasing and Sustaining Digital Access to Mine Wars History,ARP-Organizations (Digital humanities-related),Agency-wide Projects,49404,History,Labor History,Labor History; U.S. History,8.9,31.1,153540,49404
ZED-283258-22,NA,"Sloss Furnaces Foundation, Inc.",Historical Society,NA,NA,Birmingham,AL,Alabama,Jefferson,1,01073,35222,-86.78886,33.52153,2021,Reviving Classroom Tours at Sloss Furnaces,ARP-Organizations (Education-related),Agency-wide Projects,9654,History,U.S. History,U.S. History; U.S. Regional Studies,3.5,16.9,15654,9654
ZED-283268-22,163259,"University of Maryland, Baltimore",University,11,0,Baltimore,MD,Maryland,Baltimore city,0,24510,21201,-76.62307,39.28752,2021,Celebrating America's Dental History: An Educational Initiative at the National Museum of Dentistry,ARP-Organizations (Education-related),Agency-wide Projects,47254,History,U.S. History,"History and Philosophy of Science, Technology, and Medicine; U.S. History",6.9,22.9,3788310,1035590
ZED-283286-22,196167,"SUNY Research Foundation, College at Geneseo",Four-Year College,8,0,Geneseo,NY,New York,Livingston,0,36051,14454,-77.82493,42.7958,2021,Geneseo Center for Local and Municipal History,ARP-Organizations (Education-related),Agency-wide Projects,172692,History,U.S. History,U.S. History,4.4,12,223692,222692
ZPP-283301-22,NA,Museum Association of New York,Professional Association,NA,NA,Troy,NY,New York,Rensselaer,0,36083,12180,-73.69108,42.73218,2021,Museums Support Democracy,ARP-Organizations (Public-related),Agency-wide Projects,49884,Arts,"History, Criticism, and Theory of the Arts","American Government; History, Criticism, and Theory of the Arts; U.S. History",4.4,12.3,544168,49884
ZPP-283304-22,NA,American Association of Museums,Professional Association,NA,NA,Arlington,VA,Virginia,Arlington,0,51013,22202,-77.04971,38.85221,2021,Resources for Museum Decision-makers Emerging from Crisis,ARP-Organizations (Public-related),Agency-wide Projects,199403,Interdisciplinary,"Interdisciplinary Studies, Other","Interdisciplinary Studies, Other",3,7.9,2852075.54,979403
ZDH-283307-22,NA,King Manor Association of Long Island,Historical Site/House,NA,NA,Jamaica,NY,New York,Queens,0,36081,11432,-73.79946,40.70487,2021,"Voices from The Green: African American Activism in 19th Century Jamaica, Queens",ARP-Organizations (Digital humanities-related),Agency-wide Projects,40000,History,African American History,African American History; African American Studies; Urban History,9.9,13.6,2433038.77,660826
ZPP-283313-22,NA,Colonial Williamsburg Foundation,History Museum,NA,NA,Williamsburg,VA,Virginia,Williamsburg city,0,51830,23185,-76.70596,37.2716,2021,Looking Forward by Looking Back: Expanding Audience Engagement Through Digital Public Programming,ARP-Organizations (Public-related),Agency-wide Projects,198456,History,U.S. History,U.S. History,4.8,19.3,1988346.08,702861
ZIN-283314-21,NA,"Oral History Association, Inc.",Professional Association,NA,NA,Murfreesboro,TN,Tennessee,Rutherford,0,47149,37132,-86.37066,35.84349,2021,Diversifying Oral History Practice: A Fellowship Program for Under/Unemployed Oral Historians,ARP Grantmaking Programs for Individuals,Agency-wide Projects,824358.54,History,"History, General","History, General",3.6,8.7,1560099.94,1380355.54
ZED-283329-22,NA,Board of Regents of the University System of Georgia,Educational Consortium,NA,NA,Atlanta,GA,Georgia,Fulton,0,13121,30334,-84.39016,33.74772,2021,Georgia’s Response to Desegregation,ARP-Organizations (Education-related),Agency-wide Projects,122289,History,African History,African History; U.S. History,4.6,13.7,2230578.12,756366.98
ZRE-283340-22,NA,Omohundro Institute of Early American History and Culture,Center For Advanced Study/Research Institute,NA,NA,Williamsburg,VA,Virginia,Williamsburg city,0,51830,23187,-76.70769,37.27542,2021,NEH American Rescue Plan: Humanities Organizations Grant Application from the Omohundro Institute of Early American History and Culture,ARP-Organizations (Research-related),Agency-wide Projects,200000,History,"History, General","History, General",4.8,19.3,1988346.08,702861
ZPP-283350-22,NA,"London Town Foundation, Inc.",Historical Site/House,NA,NA,Edgewater,MD,Maryland,Anne Arundel,0,24003,21037,-76.53875,38.93991,2021,Reinterpreting the c.1760 William Brown House,ARP-Organizations (Public-related),Agency-wide Projects,49500,History,U.S. History,Public History; U.S. History,4.3,6.2,179837.87,49500
ZPA-283354-22,NA,Pennsylvania Horticultural Society,Non-Profit Educational Center,NA,NA,Philadelphia,PA,Pennsylvania,Philadelphia,0,42101,19103,-75.1729,39.95562,2021,The Genius of Place: Images of Gardens and Landscapes From America and Around the World 1920-1984,ARP-Organizations (Preservation-related),Agency-wide Projects,76605,History,"History, Other","History, Other; Urban Studies",8.3,22.3,14436056.34,2887664
ZPA-283358-22,NA,"Dennison Railroad Depot Museum, Inc.",History Museum,NA,NA,Dennison,OH,Ohio,Tuscarawas,1,39157,44621,-81.33216,40.39216,2021,"Open Dreamsville, USA:  Extend Access to the Dennison Railroad Depot Museum, National Historic Landmark",ARP-Organizations (Preservation-related),Agency-wide Projects,50000,History,U.S. History,Labor History; Military History; U.S. History,4.7,12.4,50000,50000
ZPA-283372-22,NA,Margaret Woodbury Strong Museum,History Museum,NA,NA,Rochester,NY,New York,Monroe,0,36055,14607,-77.60072,43.15495,2021,Sustaining Critical Humanities Positions at The Strong National Museum of Play,ARP-Organizations (Preservation-related),Agency-wide Projects,300300,History,Cultural History,Cultural History,5.2,13.3,5554529.78,723268.2
ZPP-283417-22,NA,"Morris-Jumel Mansion, Inc.",Historical Site/House,NA,NA,New York,NY,New York,New York,0,36061,10032,-73.93899,40.83431,2021,Living Landscape: Mapping Community Stories Within Upper Manhattan’s History,ARP-Organizations (Public-related),Agency-wide Projects,50000,History,Cultural History,Cultural History,7.8,17.4,78116853.73,23997670.08
ZPP-283427-22,NA,Carnegie Institute,Natural History Museum,NA,NA,Pittsburgh,PA,Pennsylvania,Allegheny,1,42003,15213,-79.94944,40.44415,2021,Carnegie Museum of Natural History – Resuming the Schematic Design Phase for Egypt on the Nile,ARP-Organizations (Public-related),Agency-wide Projects,471905,Humanities,Anthropology,Ancient History; Anthropology; Archaeology,5.6,11.3,5940946.359999999,2718946
ZPP-283430-22,NA,"Atlanta Historical Society, Inc.",Historical Society,NA,NA,Atlanta,GA,Georgia,Fulton,0,13121,30305,-84.38571,33.84237,2021,"A reimagined commemoration: The Civic Season, Juneteenth - July 4th",ARP-Organizations (Public-related),Agency-wide Projects,249650,History,"History, General","History, General",4.6,13.7,2230578.12,756366.98
ZDH-283437-22,NA,"Arthurdale Heritage, Inc.",History Museum,NA,NA,Arthurdale,WV,West Virginia,Preston,1,54077,26520,-79.82653,39.49445,2021,Digitizing AHI Archives to Improve Accessibility,ARP-Organizations (Digital humanities-related),Agency-wide Projects,49500,History,Cultural History,Cultural History,4.7,14.3,78733.89,49500
ZPA-283440-22,NA,Seaport Museum New York,History Museum,NA,NA,New York,NY,New York,New York,0,36061,10038,-74.00262,40.70717,2021,Preservation of Core Humanities Programs and Assets at South Street Seaport Museum,ARP-Organizations (Preservation-related),Agency-wide Projects,199200,History,"History, Other","Arts, Other; History, Other; Interdisciplinary Studies, Other",7.8,17.4,78116853.73,23997670.08
ZED-283441-22,175786,Hinds Community College,Two-Year College,1,0,Raymond,MS,Mississippi,Hinds,0,28049,39154,-90.41773,32.25431,2021,Securing the Future: Utica’s Contribution to Southern Black Education,ARP-Organizations (Education-related),Agency-wide Projects,224919,Area Studies,African American Studies,African American History; African American Studies,6,25.2,2385566.77,1026926
ZOR-283459-21,NA,Social Science Research Council,National Organization,NA,NA,New York,NY,New York,New York,0,36061,10019,-73.98225,40.76267,2021,NEH/SSRC Humanities Grantmaking: Sustaining Humanities Infrastructure Program (SHIP),ARP Grantmaking Programs for Organizations,Agency-wide Projects,2499953,Interdisciplinary,"Interdisciplinary Studies, General","Interdisciplinary Studies, General",7.8,17.4,78116853.73,23997670.08
ZPP-283473-22,NA,Carpenters Company of City and County of Philadelphia,University,NA,NA,Philadelphia,PA,Pennsylvania,Philadelphia,0,42101,19106,-75.14724,39.9487,2021,“Changing the Face of the City”: Social Justice in Historic Preservation and Urban Planning,ARP-Organizations (Public-related),Agency-wide Projects,50000,History,Public History,Public History; Urban History,8.3,22.3,14436056.34,2887664
ZPA-283480-22,220075,East Tennessee State University,University,5,0,Johnson City,TN,Tennessee,Washington,1,47179,37614,-82.36771,36.30205,2021,Digital Access and Preservation: Calling Attention to Diverse Voices in Appalachia,ARP-Organizations (Preservation-related),Agency-wide Projects,225266,Area Studies,Area Studies,Area Studies,3.7,14.3,693950,225266
ZPA-283484-22,217882,Clemson University,University,4,0,Clemson,SC,South Carolina,Pickens,1,45077,29634,-82.82688,34.68163,2021,Exploring America's Stories in the Clemson Landscape: An NEH American Rescue Plan,ARP-Organizations (Preservation-related),Agency-wide Projects,199967,History,African American History,African American History,3.4,17.8,985048.5,208505.97
ZPA-283492-22,NA,Center for Jewish History,Center For Advanced Study/Research Institute,NA,NA,New York,NY,New York,New York,0,36061,10011,-73.99332,40.73771,2021,"Preserving the Past, Supporting the Staff: Preservation and Access at the Center for Jewish History",ARP-Organizations (Preservation-related),Agency-wide Projects,199791,Area Studies,Jewish Studies,"History, General; Jewish Studies",7.8,17.4,78116853.73,23997670.08
ZDH-283493-22,NA,American Academy in Rome,Center For Advanced Study/Research Institute,NA,NA,New York,NY,New York,New York,0,36061,10021,-73.96719,40.77009,2021,Building for the Future: Digital Humanities and Humanists at the American Academy in Rome,ARP-Organizations (Digital humanities-related),Agency-wide Projects,278580,Interdisciplinary,"Interdisciplinary Studies, General","Communications; Interdisciplinary Studies, General",7.8,17.4,78116853.73,23997670.08
ZPP-283503-22,NA,"Cleveland Restoration Society, Inc.",Historic Preservation Organization,NA,NA,Cleveland,OH,Ohio,Cuyahoga,0,39035,44115,-81.66066,41.50199,2021,African American Cultural Heritage Fellowship and Civil Rights Trail,ARP-Organizations (Public-related),Agency-wide Projects,63248,History,African American History,African American History,6.2,16.2,1340039.36,259248
ZPP-283534-22,NA,Historic Saranac Lake,History Museum,NA,NA,Saranac Lake,NY,New York,Franklin,0,36033,12983,-74.12944,44.32703,2021,Pandemic Perspectives at the Saranac Laboratory Museum,ARP-Organizations (Public-related),Agency-wide Projects,50000,History,U.S. History,History of Science; U.S. History,4.8,16.7,50000,50000
ZPP-283565-22,NA,Virginia Museum of Fine Arts,Art Museum,NA,NA,Richmond,VA,Virginia,Richmond city,0,51760,23220,-77.47425,37.55547,2021,Virginia Museum of Fine Arts - NEH American Rescue Plan - delivering arts and humanities content through virtual programming.,ARP-Organizations (Public-related),Agency-wide Projects,339501,Arts,"Arts, General","Arts, General",5.3,21.1,3795322.18,1168101
ZPP-283585-22,NA,Seminary Ridge Historic Preservation Foundation,History Museum,NA,NA,Gettysburg,PA,Pennsylvania,Adams,0,42001,17325,-77.24443,39.83176,2021,"Conflicting Visions: Interrogating the More Perfect Union at Seminary Ridge Museum and Education Center, Gettysburg",ARP-Organizations (Public-related),Agency-wide Projects,48097.53,History,Cultural History,Cultural History,4.1,8.6,541785.0700000001,209851.53
ZPA-283588-22,221768,"University of Tennessee, Martin",University,7,0,Martin,TN,Tennessee,Weakley,0,47183,38238,-88.8735,36.34782,2021,Surveying the Impact of COVID-19 on Cultural Collections in Western Tennessee,ARP-Organizations (Preservation-related),Agency-wide Projects,126223.66,History,"History, General","History, General",4,18,126223.66,126223.66
ZPA-283605-22,NA,Cincinnati Museum Center,General Museum,NA,NA,Cincinnati,OH,Ohio,Hamilton,0,39061,45203,-84.53239,39.10879,2021,OURstory: Making History Relevant for New Generations,ARP-Organizations (Preservation-related),Agency-wide Projects,499423,History,Public History,African American History; Public History; U.S. History,4.9,15.7,2003700,511423
ZIN-283621-21,NA,Omohundro Institute of Early American History and Culture,Center For Advanced Study/Research Institute,NA,NA,Williamsburg,VA,Virginia,Williamsburg city,0,51830,23187,-76.70769,37.27542,2021,NEH American Rescue Plan: Humanities Grantmaking Application from the Omohundro Institute of Early American History and Culture,ARP Grantmaking Programs for Individuals,Agency-wide Projects,304405,History,"History, General","History, General",4.8,19.3,1988346.08,702861
ZOR-283641-21,NA,American Council of Learned Societies,Philanthropic Foundation,NA,NA,New York,NY,New York,New York,0,36061,10017,-73.97493,40.74992,2021,NEH/ACLS Pandemic Relief Awards in Social Engagement (PRAISE),ARP Grantmaking Programs for Organizations,Agency-wide Projects,3500000,Social Science,"Social Sciences, Other","Social Sciences, Other",7.8,17.4,78116853.73,23997670.08
ZED-283642-22,NA,Mississippi Department of Archives and History,State/Local/Federal Government,NA,NA,Jackson,MS,Mississippi,Hinds,0,28049,39205,-90.18521,32.29434,2021,My Mississippi: Virtual Visits and Shared Storytelling,ARP-Organizations (Education-related),Agency-wide Projects,458007,History,"History, General","African American History; History, General; U.S. History",6,25.2,2385566.77,1026926
ZED-283644-22,221999,Vanderbilt University,Four-Year College,3,0,Nashville,TN,Tennessee,Davidson,0,47037,37203,-86.80065,36.14959,2021,Bridging the Gap: The Collaborative Humanities Postdoctoral Program,ARP-Organizations (Education-related),Agency-wide Projects,499905,Interdisciplinary,"Interdisciplinary Studies, General","Interdisciplinary Studies, General",4.4,15,3331367.6799999997,1169638
ZIN-283647-21,NA,"Firelight Media, Inc.",Arts-Related Organization,NA,NA,New York,NY,New York,New York,0,36061,10031,-73.9471,40.82363,2021,Firelight Media’s Spark Fund for Filmmakers of Color Working on Humanities Films,ARP Grantmaking Programs for Individuals,Agency-wide Projects,1800000,Interdisciplinary,"Interdisciplinary Studies, Other","Interdisciplinary Studies, Other",7.8,17.4,78116853.73,23997670.08
ZPP-283688-22,NA,Woodrow Wilson Presidential Library Foundation,History Museum,NA,NA,Staunton,VA,Virginia,Staunton city,0,51790,24401,-79.0687,38.1505,2021,Woodrow Wilson Presidential Library -- Reckoning with Our Past: Presidential Sites Confront Racial Inequity,ARP-Organizations (Public-related),Agency-wide Projects,50000,History,U.S. History,Political History; Public History; U.S. History,3.8,12,255239,50000
ZRE-283698-22,NA,Filson Historical Society,Historical Society,NA,NA,Louisville,KY,Kentucky,Jefferson,0,21111,40208,-85.7593,38.23194,2021,Resurrecting the First American West,ARP-Organizations (Research-related),Agency-wide Projects,130850,History,U.S. History,U.S. History,4.6,14.5,918894,601313
ZPP-283711-22,NA,"Reynolda House, Inc.",Four-Year College,NA,NA,Winston-Salem,NC,North Carolina,Forsyth,1,37067,27106,-80.28703,36.12722,2021,"The retention of two Humanities Positions and the development of new humanities programming: ""Still I Rise, The Black Experience at Reynolda""",ARP-Organizations (Public-related),Agency-wide Projects,78110,History,African American History,"African American History; Arts, General",5,14.3,676597,138110
ZED-283717-22,156408,Centre College of Kentucky,Four-Year College,9,0,Danville,KY,Kentucky,Boyle,0,21021,40422,-84.78068,37.64509,2021,Capturing New Voices and Perspectives: Humanities Projects at the Centre College Library Delayed by Covid-19,ARP-Organizations (Education-related),Agency-wide Projects,117894.5,Interdisciplinary,"Interdisciplinary Studies, General","Interdisciplinary Studies, General; Social Sciences, General",4.8,15.5,117894.5,117894.5
ZPP-283722-22,NA,Westcott House Foundation,Historical Site/House,NA,NA,Springfield,OH,Ohio,Clark,0,39023,45505,-83.78912,39.92112,2021,Westcott House: A Community Hub,ARP-Organizations (Public-related),Agency-wide Projects,50000,Arts,Art History and Criticism,"Architecture; Art History and Criticism; History, Criticism, and Theory of the Arts",5.4,16,244529,50000
ZED-283723-22,NA,Virginia Historical Society,Historical Society,NA,NA,Richmond,VA,Virginia,Richmond city,0,51760,23220,-77.47299,37.55781,2021,Reopening the oldest museum in Virginia post pandemic to provide needed state-wide education programs for K-12 teachers and students across the Commonwealth.,ARP-Organizations (Education-related),Agency-wide Projects,190550,History,Cultural History,Cultural History; U.S. History,5.3,21.1,3795322.18,1168101
ZED-283729-22,NA,"Tobacco Farm Life Museum, Inc.",University,NA,NA,Kenly,NC,North Carolina,Johnston,0,37101,27542,-78.11002,35.57504,2021,Bringing History to Life: Creating a Living History Program at the Tobacco Farm Life Museum,ARP-Organizations (Education-related),Agency-wide Projects,35100,History,U.S. History,Public History; U.S. History,4.3,11.8,35100,35100
ZPA-283736-22,NA,New York Public Library,Public Library,NA,NA,New York,NY,New York,New York,0,36061,10016,-73.98192,40.75188,2021,Vindicating Evidences of Black Achievement & History: Onsite Digitization at Schomburg Center for Research in Black Culture,ARP-Organizations (Preservation-related),Agency-wide Projects,500000,Area Studies,African American Studies,African American Studies,7.8,17.4,78116853.73,23997670.08
ZPA-283739-22,NA,"Thomas Jefferson Foundation, Inc.",Historical Site/House,NA,NA,Charlottesville,VA,Virginia,Charlottesville city,0,51540,22902,-78.49146,38.02405,2021,"The ""Getting Word"" Oral History Project at Monticello: ""An Archive of Black Freedom""",ARP-Organizations (Preservation-related),Agency-wide Projects,375482,History,African American History,African American History; Public History,3.6,21.6,5667497.82,1030211.7
ZPP-283744-22,NA,"Historic Philadelphia, Inc.",Historical Site/House,NA,NA,Philadelphia,PA,Pennsylvania,Philadelphia,0,42101,19106,-75.15213,39.94628,2021,Meet the Women of 18th Century Philadelphia,ARP-Organizations (Public-related),Agency-wide Projects,115694,History,U.S. History,U.S. History; Women's History,8.3,22.3,14436056.34,2887664
ZDH-283747-22,NA,Queens Borough Public Library,Public Library,NA,NA,Jamaica,NY,New York,Queens,0,36081,11432,-73.79459,40.7078,2021,Queens Memory #StopAsianHate Podcast,ARP-Organizations (Digital humanities-related),Agency-wide Projects,228546,History,Public History,Public History,9.9,13.6,2433038.77,660826
ZPP-283756-22,NA,"Country Music Foundation, Inc.",General Museum,NA,NA,Nashville,TN,Tennessee,Davidson,0,47037,37203,-86.77667,36.15796,2021,Night Train to Nashville: Music City Rhythm & Blues 1945-1970 Online Exhibit,ARP-Organizations (Public-related),Agency-wide Projects,199710,History,U.S. History,Cultural History; Music History and Criticism; U.S. History,4.4,15,3331367.6799999997,1169638
ZPP-283771-22,NA,"Owsley Brown Frazier Historical Arms Museum Foundation, Inc.",History Museum,NA,NA,Louisville,KY,Kentucky,Jefferson,0,21111,40202,-85.76398,38.25753,2021,Voices Uncovered: The History of the Commonwealth,ARP-Organizations (Public-related),Agency-wide Projects,170464,History,U.S. History,U.S. History,4.6,14.5,918894,601313
ZDH-283774-22,NA,American Philosophical Society,Center For Advanced Study/Research Institute,NA,NA,Philadelphia,PA,Pennsylvania,Philadelphia,0,42101,19106,-75.14947,39.94827,2021,"Revolutionary City:  Digitizing the Hidden Stories of Philadelphia, 1774-1783",ARP-Organizations (Digital humanities-related),Agency-wide Projects,302776,History,U.S. History,Public History; U.S. History; Urban History,8.3,22.3,14436056.34,2887664
ZPA-283778-22,NA,Fort Ticonderoga Association,Historical Site/House,NA,NA,Ticonderoga,NY,New York,Essex,0,36031,12883,-73.41087,43.85041,2021,Opening the Vault: Pathways of Accessibility to Ticonderoga's Hidden Collections,ARP-Organizations (Preservation-related),Agency-wide Projects,199300,History,U.S. History,Military History; U.S. History,4.8,11.3,587226,199300
ZPP-283790-22,NA,"Kentucky Science Center, Inc.",Science and Technology Museum,NA,NA,Louisville,KY,Kentucky,Jefferson,0,21111,40202,-85.76232,38.25734,2021,Uniquely Human,ARP-Organizations (Public-related),Agency-wide Projects,200000,Social Science,"Social Sciences, General","Social Sciences, General",4.6,14.5,918894,601313
ZED-283806-22,190567,"CUNY Research Foundation, City College",Four-Year College,6,0,New York,NY,New York,New York,0,36061,10031,-73.95096,40.81846,2021,Building Partnerships with Cultural Institutions to Study and Preserve New York City’s Black and Latinx Cultural Heritage,ARP-Organizations (Education-related),Agency-wide Projects,498171,Area Studies,African American Studies,"African American Studies; Area Studies; Interdisciplinary Studies, General",7.8,17.4,78116853.73,23997670.08
ZPP-283809-22,NA,Science History Institute,Independent Research Library,NA,NA,Philadelphia,PA,Pennsylvania,Philadelphia,0,42101,19106,-75.14606,39.94873,2021,"White Coats, Black Lives: Exploring the History and Legacy of Racism in American Science and Medicine",ARP-Organizations (Public-related),Agency-wide Projects,359097,History,"History and Philosophy of Science, Technology, and Medicine","African American Studies; American Studies; History and Philosophy of Science, Technology, and Medicine",8.3,22.3,14436056.34,2887664
ZPA-283812-22,NA,"Alvin Ailey Dance Foundation, Inc.",Arts-Related Organization,NA,NA,New York,NY,New York,New York,0,36061,10019,-73.98805,40.76731,2021,Ailey Choreographic Legacy Project,ARP-Organizations (Preservation-related),Agency-wide Projects,260952,Arts,Dance History and Criticism,Dance History and Criticism,7.8,17.4,78116853.73,23997670.08
ZPA-283823-22,199193,North Carolina State University,University,3,0,Raleigh,NC,North Carolina,Wake,0,37183,27695,-78.62526,35.79769,2021,A More Complete History of America: Developing Arabic OCR to tell the story of Arabs in America,ARP-Organizations (Preservation-related),Agency-wide Projects,476483,Language,Arabic Language,Arabic Language; Immigration History,4.1,9.4,1354074.6,545505
ZED-283828-22,NA,American Folk Art Museum,Art Museum,NA,NA,Long Island City,NY,New York,Queens,0,36081,11101,-73.9332,40.74184,2021,Virtual Programs and New Education Department Staff,ARP-Organizations (Education-related),Agency-wide Projects,200000,Arts,"Arts, General","Arts, General",9.9,13.6,2433038.77,660826
ZPP-283835-22,NA,"Museum of the City of New York, Inc.",History Museum,NA,NA,New York,NY,New York,New York,0,36061,10029,-73.95257,40.79209,2021,Sustaining Core Humanities Programming and Envisioning the Museum of the City of New York’s Centennial,ARP-Organizations (Public-related),Agency-wide Projects,497998,History,Urban History,Public History; U.S. History; Urban History,7.8,17.4,78116853.73,23997670.08
ZPP-283837-22,NA,"Crispus Attucks Association of York, Pennsylvania",Four-Year College,NA,NA,York,PA,Pennsylvania,York,0,42133,17401,-76.72141,39.95473,2021,Preserving Voices of Freedom,ARP-Organizations (Public-related),Agency-wide Projects,34300,History,African American History,"African American History; Arts, General",5.1,9.2,145372,34300
ZPP-283838-22,NA,Montpelier Foundation,Historical Site/House,NA,NA,Orange,VA,Virginia,Orange,0,51137,22960,-77.96541,38.15443,2021,Reopening and Interpreting African American History Sites at James Madison’s Montpelier,ARP-Organizations (Public-related),Agency-wide Projects,182710,History,U.S. History,African American History; American Studies; U.S. History,3.6,8.9,685085,182710
ZPP-283840-22,NA,Columbia Art Association,Art Museum,NA,NA,Columbia,SC,South Carolina,Richland,0,45079,29202,-81.03891,34.00858,2021,30 Americans: Rubell Family Collection,ARP-Organizations (Public-related),Agency-wide Projects,200000,Arts,"History, Criticism, and Theory of the Arts","African American History; African American Studies; History, Criticism, and Theory of the Arts",4,17,3178952.8600000003,756834.28
ZPP-283845-22,NA,Middleton Place Foundation,Historical Site/House,NA,NA,Charleston,SC,South Carolina,Dorchester,0,45035,29414,-80.13813,32.90101,2021,Enslavement at Middleton Place:  Sharing a More Complete American Story,ARP-Organizations (Public-related),Agency-wide Projects,169445,History,African American History,African American History; Cultural History; U.S. History,3.6,9.9,169445,169445
ZPA-283853-22,102094,University of South Alabama,University,4,0,Mobile,AL,Alabama,Mobile,0,01097,36688,-88.17413,30.69655,2021,Community History in South Alabama: Preserving and Sharing Stories of Minoritized Alabamians,ARP-Organizations (Preservation-related),Agency-wide Projects,453394,History,U.S. History,African American Studies; Archaeology; U.S. History,4.6,18.2,977783,453394
ZED-283858-22,NA,Reconstructionist Rabbinical College,Four-Year College,NA,NA,Wyncote,PA,Pennsylvania,Montgomery,0,42091,19095,-75.15147,40.08735,2021,"Race, Religion and American Judaism: Cross-Disciplinary Research, Public Scholarship and Curriculum Development",ARP-Organizations (Education-related),Agency-wide Projects,199850,Area Studies,Jewish Studies,Ethnic Studies; Jewish Studies; Public History,4.6,7,405527.33,199850
ZED-283877-22,NA,Intrepid Sea-Air-Space Museum,History Museum,NA,NA,New York,NY,New York,New York,0,36061,10036,-73.99939,40.76339,2021,Full Muster: Inclusive Histories on Historic Naval Ships,ARP-Organizations (Education-related),Agency-wide Projects,416209,History,"History, General","History, General",7.8,17.4,78116853.73,23997670.08
ZPP-283914-22,NA,LancasterHistory.org,Historical Society,NA,NA,Lancaster,PA,Pennsylvania,Lancaster,0,42071,17603,-76.32928,40.04231,2021,"Celebrating History, Championing Civics, Engaging Community: LancasterHistory After Covid-19",ARP-Organizations (Public-related),Agency-wide Projects,199044,History,U.S. History,U.S. History,4.6,8.8,520044,265044
ZPP-283935-22,NA,Toledo Museum of Art,Art Museum,NA,NA,Toledo,OH,Ohio,Lucas,0,39095,43697,-83.43943,41.68677,2021,Reimagining America's Story: A Reinstallation of the Toledo Museum of Art's American Art Collection,ARP-Organizations (Public-related),Agency-wide Projects,464506,Arts,Art History and Criticism,"Art History and Criticism; Arts, General",6.2,17.4,1176150,701150
ZED-283940-22,NA,"Whaling Museum Society, Inc.",History Museum,NA,NA,Cold Spring Harbor,NY,New York,Suffolk,0,36103,11724,-73.44137,40.87243,2021,Black Whalers,ARP-Organizations (Education-related),Agency-wide Projects,50000,History,African American History,African American History; African American Studies,4.6,6.4,755203,200000
ZPP-283950-22,204909,Ohio Wesleyan University,Four-Year College,9,0,Delaware,OH,Ohio,Delaware,0,39041,43015,-83.06793,40.29545,2021,Ross Art Museum: Exploring Equality Through Humanities Programming During COVID-19,ARP-Organizations (Public-related),Agency-wide Projects,49558,Arts,"Arts, General","Arts, General; Arts, Other",3.7,4.1,136187,49558
ZPP-283952-22,NA,Christ Church Preservation Trust,Historical Site/House,NA,NA,Philadelphia,PA,Pennsylvania,Philadelphia,0,42101,19106,-75.14454,39.95114,2021,Historic Black Lives Matter: Telling the Trust About Christ Church and Race at the Founding,ARP-Organizations (Public-related),Agency-wide Projects,184528,History,African American History,"African American History; History, General",8.3,22.3,14436056.34,2887664
ZED-283957-22,NA,"National September 11 Memorial and Museum at the World Trade Center Foundation, Inc.",History Museum,NA,NA,New York,NY,New York,New York,0,36061,10281,-74.01319,40.71333,2021,Telling the Story: 9/11 and the Next Generation,ARP-Organizations (Education-related),Agency-wide Projects,466018.75,History,"History, Other","History, Other",7.8,17.4,78116853.73,23997670.08
ZPP-283967-22,NA,"Trustees of the Walters Art Gallery, Inc.",Art Museum,NA,NA,Baltimore,MD,Maryland,Baltimore city,0,24510,21201,-76.61567,39.29588,2021,Broadening Access to the Humanities at the Walters Art Museum,ARP-Organizations (Public-related),Agency-wide Projects,463376,Arts,Art History and Criticism,Art History and Criticism,6.9,22.9,3788310,1035590
ZPA-283974-22,NA,New York City Department of Records and Information Services,State/Local/Federal Government,NA,NA,New York,NY,New York,New York,0,36061,10007,-74.00467,40.71351,2021,Bridging the financial impact of the COVID-19 Pandemic at the Municipal Archives,ARP-Organizations (Preservation-related),Agency-wide Projects,321737,History,"History, General","History, General",7.8,17.4,78116853.73,23997670.08
CHA-284001-22,NA,"Greater Washington Educational Telecommunications Association, Inc.",Television Station,NA,NA,Arlington,VA,Virginia,Arlington,0,51013,22206,-77.08648,38.84087,2021,WETA Core Facilities Upgrade,Infrastructure and Capacity Building Challenge Grants,Challenge Programs,750000,Social Science,Communications,"Communications; Interdisciplinary Studies, Other; Journalism",3,7.9,2852075.54,979403
ZPA-284032-22,NA,Carnegie Library of Homestead,Public Library,NA,NA,Munhall,PA,Pennsylvania,Allegheny,1,42003,15120,-79.90348,40.40729,2021,Continued Access to Humanities Related Collections and Programs in Calendar Year 2022 at the Carnegie Library of Homestead,ARP-Organizations (Preservation-related),Agency-wide Projects,135313,Interdisciplinary,"Interdisciplinary Studies, General","Interdisciplinary Studies, General; U.S. History",5.6,11.3,5940946.359999999,2718946
ZPP-284036-22,NA,New York Historical Society,Historical Society,NA,NA,New York,NY,New York,New York,0,36061,10024,-73.97399,40.77909,2021,Composite Nation Exhibition,ARP-Organizations (Public-related),Agency-wide Projects,473825,History,U.S. History,"African American History; History, General; U.S. History",7.8,17.4,78116853.73,23997670.08
ZDH-284042-22,220978,Middle Tennessee State University,University,5,0,Murfreesboro,TN,Tennessee,Rutherford,0,47149,37132,-86.37066,35.84349,2021,"Global Cultures, Political Communication, and Women’s Suffrage: Five Humanities Teaching, and Learning Initiatives at Middle Tennessee State University",ARP-Organizations (Digital humanities-related),Agency-wide Projects,499997,Interdisciplinary,"Interdisciplinary Studies, Other","Interdisciplinary Studies, Other",3.6,8.7,1560099.94,1380355.54
ZPA-284060-22,NA,"Asheville Art Museum Association, Inc.",Art Museum,NA,NA,Asheville,NC,North Carolina,Buncombe,1,37021,28801,-82.55073,35.59505,2021,"Asheville Art Museum Collection Access, Interpretation, and Evaluation",ARP-Organizations (Preservation-related),Agency-wide Projects,198118,Arts,"History, Criticism, and Theory of the Arts","History, Criticism, and Theory of the Arts",4.2,11.7,903300.45,280281
ZPA-284061-22,NA,Rosenbach Museum & Library,Historical Site/House,NA,NA,Philadelphia,PA,Pennsylvania,Philadelphia,0,42101,19103,-75.17549,39.94745,2021,Stewarding and Providing Digital Access to The Rosenbach's Rare Books and Manuscripts Collection,ARP-Organizations (Preservation-related),Agency-wide Projects,149600,History,"History, General","History, General",8.3,22.3,14436056.34,2887664
ZDH-284066-22,190576,"CUNY Research Foundation, Graduate School and University Center",Center For Advanced Study/Research Institute,3,0,New York,NY,New York,New York,0,36061,10016,-73.98421,40.74873,2021,CUNY Humanities Recovery Initiative: Strengthening Public University Communities Through Digital Research and Publication,ARP-Organizations (Digital humanities-related),Agency-wide Projects,499998,Interdisciplinary,"Interdisciplinary Studies, General","Interdisciplinary Studies, General; Interdisciplinary Studies, Other",7.8,17.4,78116853.73,23997670.08
ZRE-284074-22,NA,"Delaware and Lehigh National Heritage Corridor, Inc.",Historic Preservation Organization,NA,NA,Easton,PA,Pennsylvania,Northampton,0,42095,18042,-75.19872,40.67292,2021,Celebrating Diverse Narratives at the National Canal Museum,ARP-Organizations (Research-related),Agency-wide Projects,87928,History,U.S. History,African American History; U.S. History; Women's History,5.5,9.7,1295725.72,237407
ZED-284075-22,NA,Friends of the New York Transit Museum,History Museum,NA,NA,Brooklyn,NY,New York,Kings,0,36047,11201,-73.98848,40.69059,2021,Virtual Programming Project,ARP-Organizations (Education-related),Agency-wide Projects,189863,Area Studies,Urban Studies,Urban Studies,10.4,19.2,7011052.99,1427626
ZPP-284079-22,NA,Buffalo and Erie County Historical Society,Historical Society,NA,NA,Buffalo,NY,New York,Erie,0,36029,14216,-78.87713,42.93592,2021,EOS: Lighting the Path Forward,ARP-Organizations (Public-related),Agency-wide Projects,144518,History,U.S. History,U.S. History,5.5,13.7,3031666.7,399230.9
ZED-284089-22,204024,"Miami University, Oxford",Center For Advanced Study/Research Institute,4,0,Oxford,OH,Ohio,Butler,0,39017,45056,-84.73473,39.51029,2021,"Race, Racism, and Racial Justice",ARP-Organizations (Education-related),Agency-wide Projects,23285,Interdisciplinary,"Interdisciplinary Studies, General","African American History; Interdisciplinary Studies, General",4.5,11.6,1756194.8,108262
ZED-284113-22,190600,"CUNY Research Foundation, John Jay College",Four-Year College,6,0,New York,NY,New York,New York,0,36061,10019,-73.98906,40.77092,2021,Humanities Justice Transfer Project Continuation and Expansion,ARP-Organizations (Education-related),Agency-wide Projects,500000,Area Studies,Ethnic Studies,"Ethnic Studies; Interdisciplinary Studies, Other; Law and Jurisprudence",7.8,17.4,78116853.73,23997670.08
ZRE-284125-22,NA,Metropolitan Museum of Art,Museum,NA,NA,New York,NY,New York,New York,0,36061,10028,-73.9622,40.7789,2021,"Research and Outreach: Increasing representation of Indigenous American, Hispanic American, Asian American and Pacific Islander artists in The Met’s Thomas J. Watson Library.",ARP-Organizations (Research-related),Agency-wide Projects,468500,Arts,Art History and Criticism,Art History and Criticism; East Asian Studies; Latin American Studies,7.8,17.4,78116853.73,23997670.08
ZPP-284132-22,NA,Jamestown Rediscovery Foundation,Historical Site/House,NA,NA,Jamestown,VA,Virginia,James City,0,51095,23185,-76.78535,37.22431,2021,"Jamestown: Unearthing, Understanding, and Sharing the Roots of American History",ARP-Organizations (Public-related),Agency-wide Projects,198971,Humanities,Archaeology,Archaeology; U.S. History,3.9,7,352232,198971
ZPP-284135-22,NA,Allen County Museum and Historical Society,History Museum,NA,NA,Lima,OH,Ohio,Allen,0,39003,45801,-84.11505,40.74008,2021,Snapshot of Democracy:  The Eight Ohio Presidents,ARP-Organizations (Public-related),Agency-wide Projects,50000,History,"History, General","Cultural History; History, General; U.S. History",5.8,15.3,110194,50000
ZPP-284136-22,NA,"Firelight Media, Inc.",Arts-Related Organization,NA,NA,New York,NY,New York,New York,0,36061,10031,-73.9471,40.82363,2021,Beyond Resilience: Masterclasses - Expanding Humanities Themes and Cultural Representation in Historical Documentary Film,ARP-Organizations (Public-related),Agency-wide Projects,199595,History,Cultural History,"Arts, Other; Cultural History",7.8,17.4,78116853.73,23997670.08
ZPA-284148-22,NA,Association for the Preservation of Virginia Antiquities,Historical Society,NA,NA,Richmond,VA,Virginia,Richmond city,0,51760,23220,-77.4457,37.5453,2021,Hiring and Training New Restoration Craftspersons While Researching the Enslaved Craftspersons Who Constructed Preservation Virginia Historic Sites,ARP-Organizations (Preservation-related),Agency-wide Projects,200000,History,U.S. History,U.S. History,5.3,21.1,3795322.18,1168101
ZED-284173-22,NA,"Oral History Association, Inc.",Professional Association,NA,NA,Murfreesboro,TN,Tennessee,Rutherford,0,47149,37132,-86.37066,35.84349,2021,Oral History Association Request for American Rescue Plan: Humanities Organizations Support to Maintain Threatened Staff Positions and Publish Oral History Content to the Web,ARP-Organizations (Education-related),Agency-wide Projects,50000,History,"History, General","History, General",3.6,8.7,1560099.94,1380355.54
ZPP-284187-22,163912,St. Mary's College of Maryland,Four-Year College,9,0,St. Mary's City,MD,Maryland,St. Mary's,0,24037,20686,-76.43001,38.19102,2021,From Absence to Presence and Beyond: Extending the History and Voices of Enslaved Peoples of Southern Maryland,ARP-Organizations (Public-related),Agency-wide Projects,144307,Interdisciplinary,"Interdisciplinary Studies, Other","African American Studies; Archaeology; Interdisciplinary Studies, Other",4,7.8,495432,144307
ZPP-284200-22,138947,"Robert W. Woodruff Library of the Atlanta University Center, Inc.",Library,5,1,Atlanta,GA,Georgia,Fulton,0,13121,30314,-84.41291,33.75201,2021,Re-establishing African American and Diasporic Humanities Public Programs at the Atlanta University Center Woodruff Library,ARP-Organizations (Public-related),Agency-wide Projects,152177.99,Area Studies,African American Studies,"African American History; African American Studies; History, General",4.6,13.7,2230578.12,756366.98
ZED-284202-22,NA,"Book Arts Press, Inc.",Non-Profit Educational Center,NA,NA,Charlottesville,VA,Virginia,Charlottesville city,0,51540,22903,-78.5128,38.04127,2021,Living American History in Primary Documents,ARP-Organizations (Education-related),Agency-wide Projects,100258,Interdisciplinary,"Interdisciplinary Studies, Other","History, Other; Interdisciplinary Studies, Other; Literature, Other",3.6,21.6,5667497.82,1030211.7
ZPP-284212-22,NA,Historic Hudson Valley,Historical Site/House,NA,NA,Tarrytown,NY,New York,Westchester,0,36119,10591,-73.82421,41.10316,2021,Invisible Women: Telling the Untold Stories at New York's Philipsburg and Van Cortlandt Manors,ARP-Organizations (Public-related),Agency-wide Projects,367643,History,African American History,African American History; Women's History,4.8,9.4,2797620.9,822701
ZED-284243-22,NA,National Constitution Center,History Museum,NA,NA,Philadelphia,PA,Pennsylvania,Philadelphia,0,42101,19106,-75.1492,39.95276,2021,A National University for All: Teaching the principles of the United States Constitution and habits of civil dialogue,ARP-Organizations (Education-related),Agency-wide Projects,500000,History,U.S. History,U.S. History,8.3,22.3,14436056.34,2887664
ZED-284249-22,NA,Historic Cherry Hill,Historical Society,NA,NA,Albany,NY,New York,Albany,0,36001,12202,-73.76241,42.63509,2021,Multivocal Learning: Albany's History for Albany's Students,ARP-Organizations (Education-related),Agency-wide Projects,50000,History,Public History,American Studies; Public History; U.S. History,4.5,11.9,1483153.6,151413.38
ZPP-284250-22,NA,Roycroft Campus Corporation,Four-Year College,NA,NA,East Aurora,NY,New York,Erie,0,36029,14052,-78.61793,42.76702,2021,Historic Roycroft Campus - Welcoming Guests Back to a National Historic Landmark,ARP-Organizations (Public-related),Agency-wide Projects,49331,History,U.S. History,U.S. History,5.5,13.7,3031666.7,399230.9
ZPP-284251-22,NA,Western North Carolina Historical Association,Historical Society,NA,NA,Asheville,NC,North Carolina,Buncombe,1,37021,28801,-82.55439,35.57054,2021,Providing Public History Programs for Adults and Youth in Western North Carolina,ARP-Organizations (Public-related),Agency-wide Projects,12170,History,U.S. History,African American History; Public History; U.S. History,4.2,11.7,903300.45,280281
ZED-284275-22,NA,"Mississippi Museum of Art, Inc.",Art Museum,NA,NA,Jackson,MS,Mississippi,Hinds,0,28049,39215,-90.18521,32.29434,2021,Co-creation in the Classroom: Educational Resource and Curriculum Development for Arts and Humanities Exhibition: 'A Movement in Every Direction: Legacies of the Great Migration',ARP-Organizations (Education-related),Agency-wide Projects,200000,Arts,Art History and Criticism,"African American History; Art History and Criticism; Interdisciplinary Studies, General",6,25.2,2385566.77,1026926
ZPP-284291-22,NA,Museum of the American Revolution,Non-Profit Educational Center,NA,NA,Philadelphia,PA,Pennsylvania,Philadelphia,0,42101,19106,-75.14608,39.94784,2021,Enhancing Collections and Exhibitions at the Museum,ARP-Organizations (Public-related),Agency-wide Projects,192836,History,U.S. History,U.S. History,8.3,22.3,14436056.34,2887664
ZPP-284297-22,NA,"B & O Railroad Museum, Inc.",Museum,NA,NA,Baltimore,MD,Maryland,Baltimore city,0,24510,21223,-76.63316,39.28573,2021,Rails to Freedom: New Research and Interpretation on the B&O Railroad’s Role in the Underground Railroad,ARP-Organizations (Public-related),Agency-wide Projects,200000,History,African American History,African American History; U.S. History,6.9,22.9,3788310,1035590
ZED-284300-22,NA,Clio Foundation,Non-Profit Educational Center,NA,NA,Huntington,WV,West Virginia,Cabell,1,54011,25701,-82.46445,38.40638,2021,Connecting Communities: A No-Cost Platform for Hosting Virtual Museum and Site Tours,ARP-Organizations (Education-related),Agency-wide Projects,50000,History,Public History,Public History; U.S. History; U.S. Regional Studies,4.8,19,659957,50000
ZPA-284330-22,NA,"Appalshop, Inc.",Non-Profit Educational Center,NA,NA,Whitesburg,KY,Kentucky,Letcher,1,21133,41858,-82.83578,37.13278,2021,Preserving and Improving Access to Appalshop's Humanities Collections,ARP-Organizations (Preservation-related),Agency-wide Projects,155090,Area Studies,U.S. Regional Studies,Rural Studies; U.S. Regional Studies,7.1,29.1,391590,205090
CHA-284347-23,NA,Braddock Carnegie Library Association,Public Library,NA,NA,Braddock,PA,Pennsylvania,Allegheny,1,42003,15104,-79.86484,40.402,2021,Adult & Children's/Teen's Library Renovations,Infrastructure and Capacity Building Challenge Grants,Challenge Programs,500000,Interdisciplinary,"Interdisciplinary Studies, General","Interdisciplinary Studies, General",5.6,11.3,5940946.359999999,2718946
CHA-284348-24,NA,Rockingham County Historical Society Museum and Archives,University,NA,NA,Reidsville,NC,North Carolina,Rockingham,0,37157,27320,-79.76879,36.39784,2021,Installation of new HVAC System for MARC's Historic 1907 Courthouse,Infrastructure and Capacity Building Challenge Grants,Challenge Programs,162500,History,Cultural History,Cultural History,5.6,18.1,162500,162500
PR-284350-22,218663,University of South Carolina,Four-Year College,3,0,Columbia,SC,South Carolina,Richland,0,45079,29208,-81.0252,33.99326,2021,“Virtual bench: a hybrid research and computation platform for digital surrogates of motion picture films”,Research and Development,Preservation and Access,349106,Arts,Media Studies,"Film History and Criticism; History, General; Media Studies",4,17,3178952.8600000003,756834.28
CHA-284395-23,NA,"Brooklyn Academy of Music, Inc.",Archive,NA,NA,Brooklyn,NY,New York,Kings,0,36047,11217,-73.97734,40.68683,2021,Completion and Furnishing of the BAM Hamm Archives,Infrastructure and Capacity Building Challenge Grants,Challenge Programs,63261,Arts,"Arts, Other","Arts, Other",10.4,19.2,7011052.99,1427626
PR-284396-22,NA,Metropolitan Museum of Art,Museum,NA,NA,New York,NY,New York,New York,0,36061,10028,-73.9622,40.7789,2021,A Novel Tripartite Approach to Biomolecule Analysis for the Identification of Unknown Artistic Materials Applied to the Use of Chia Oil in Art from New Spain,Research and Development,Preservation and Access,349999,Arts,Art History and Criticism,Art History and Criticism; Latin American Studies,7.8,17.4,78116853.73,23997670.08
CHA-284402-23,NA,"Adirondack Historical Association, Inc.",History Museum,NA,NA,Blue Mountain Lake,NY,New York,Hamilton,0,36041,12812,-74.42373,43.85357,2021,"Renovation of 5,800 square feet of gallery space to meet contemporary museum standards.",Infrastructure and Capacity Building Challenge Grants,Challenge Programs,500000,History,U.S. History,Art History and Criticism; U.S. History,4.6,9.6,850000,500000
CHA-284422-24,NA,Carnegie Library of Homestead,Public Library,NA,NA,Munhall,PA,Pennsylvania,Allegheny,1,42003,15120,-79.90348,40.40729,2021,Carnegie Library of Homestead Phase 2 Library Renovation Project,Infrastructure and Capacity Building Challenge Grants,Challenge Programs,500000,Interdisciplinary,"Interdisciplinary Studies, General","Interdisciplinary Studies, General",5.6,11.3,5940946.359999999,2718946
CHA-284452-24,NA,Trumbull County Historical Society,Historical Society,NA,NA,Warren,OH,Ohio,Trumbull,1,39155,44483,-80.82198,41.23988,2021,Morgan History Center Expansion,Infrastructure and Capacity Building Challenge Grants,Challenge Programs,119250,History,Public History,Public History; U.S. History,6.4,15.5,134250,119250
AE-284478-22,190628,"CUNY Research Foundation, LaGuardia Community College",Two-Year College,1,0,Long Island City,NY,New York,Queens,0,36081,11101,-73.93514,40.74395,2021,"Border Lands, Border Waters",Humanities Initiatives at Community Colleges,Education Programs,149780,Social Science,Geography,"Geography; History, General; Literature, General",9.9,13.6,2433038.77,660826
AA-284496-22,196149,Research Foundation for the State University of New York,Four-Year College,NA,NA,Cortland,NY,New York,Tompkins,1,36109,13045,-76.26239,42.56495,2021,Re-Placing the Gilded Age and Progressive Era: A SUNY Faculty Study Group Transforms the Teaching and Learning of America’s Pivotal Period,Humanities Initiatives at Colleges and Universities,Education Programs,142955,History,U.S. History,Cultural History; U.S. History,3.8,16.2,2959805.7,291847
AA-284498-22,199120,University of North Carolina at Chapel Hill,Center For Advanced Study/Research Institute,3,0,Chapel Hill,NC,North Carolina,Orange,0,37135,27599,-79.04617,35.90348,2021,Integrating Storytelling & Critical Game Studies into the Curriculum,Humanities Initiatives at Colleges and Universities,Education Programs,54981,Literature,"Literature, General","Composition and Rhetoric; Literature, General",3.6,12.2,1384311.22,142981
AA-284505-22,100858,Auburn University,University,4,0,Auburn,AL,Alabama,Lee,0,01081,36849,-85.49043,32.6056,2021,Imagining Alabama: Writing Through History,Humanities Initiatives at Colleges and Universities,Education Programs,149989,History,U.S. History,Composition and Rhetoric; U.S. History,2.8,18,740933,505933
AA-284520-22,211291,Bucknell University,Four-Year College,9,0,Lewisburg,PA,Pennsylvania,Union,1,42119,17837,-76.88981,40.95478,2021,Revitalizing the Liberal Arts through the Health Humanities Minor,Humanities Initiatives at Colleges and Universities,Education Programs,149994,Interdisciplinary,"Interdisciplinary Studies, Other","Interdisciplinary Studies, Other",4.4,12.1,223869,193869
AC-284525-22,195173,St. Francis College,Four-Year College,9,0,Brooklyn,NY,New York,Kings,0,36047,11201,-73.99208,40.69333,2021,Digital Humanities Across the Curriculum,Humanities Initiatives at Hispanic-Serving Institutions,Education Programs,149532,Interdisciplinary,"Interdisciplinary Studies, General","Interdisciplinary Studies, General",10.4,19.2,7011052.99,1427626
AA-284536-22,206084,University of Toledo,Four-Year College,4,0,Toledo,OH,Ohio,Lucas,0,39095,43606,-83.61224,41.663,2021,Health Humanities Minor,Humanities Initiatives at Colleges and Universities,Education Programs,133692,Literature,English,English,6.2,17.4,1176150,701150
AB-284546-22,101912,Oakwood University,Four-Year College,9,1,Huntsville,AL,Alabama,Madison,1,01089,35896,-86.64821,34.75174,2021,"""That Dreded Life"" Living Museum",Humanities Initiatives at Historically Black Colleges and Universities,Education Programs,129366,History,African American History,African American History; English,2.6,10.2,332581,135366
AA-284556-22,245892,Antioch University,Four-Year College,7,0,Yellow Springs,OH,Ohio,Greene,0,39057,45387,-83.90674,39.80312,2021,Clemente Inflection Points,Humanities Initiatives at Colleges and Universities,Education Programs,149516,Interdisciplinary,"Interdisciplinary Studies, General","Interdisciplinary Studies, General",4.4,10.3,155516,149516
AB-284570-22,199157,North Carolina Central University,Four-Year College,6,1,Durham,NC,North Carolina,Durham,0,37063,27707,-78.90113,35.97415,2021,Digital Exploration of North Carolina Central University's History,Humanities Initiatives at Historically Black Colleges and Universities,Education Programs,89110,History,African American History,"African American History; Interdisciplinary Studies, Other; Literature, Other",4.3,13.4,4368610,1163288
AA-284590-22,199148,"University of North Carolina, Greensboro",University,4,0,Greensboro,NC,North Carolina,Guilford,0,37081,27412,-79.8055,36.06642,2021,"Watersheds for Place-Based, Experiential Education",Humanities Initiatives at Colleges and Universities,Education Programs,149952,Interdisciplinary,"Interdisciplinary Studies, General","Interdisciplinary Studies, General",5.7,13.5,999908.92,149952
MT-284677-22,NA,Blavatnik Archive Foundation,Four-Year College,NA,NA,New York,NY,New York,New York,0,36061,10019,-73.97403,40.76289,2021,Postcards from the Siege: Messages from the Besieged City of Leningrad,Digital Projects for the Public: Prototyping Grants,Public Programs,100000,History,Russian History,Art History and Criticism; Media Studies; Russian History,7.8,17.4,78116853.73,23997670.08
MT-284693-22,211440,Carnegie Mellon University,University,3,0,Pittsburgh,PA,Pennsylvania,Allegheny,1,42003,15213,-79.9433,40.44453,2021,Shakespeare-VR,Digital Projects for the Public: Prototyping Grants,Public Programs,100000,Arts,Theater History and Criticism,British Literature; Theater History and Criticism,5.6,11.3,5940946.359999999,2718946
MN-284737-22,NA,Historic Hudson Valley,Historical Site/House,NA,NA,Tarrytown,NY,New York,Westchester,0,36119,10591,-73.82421,41.10316,2021,Kofi's Trial: A Digital Graphic History,Digital Projects for the Public: Production Grants,Public Programs,399058,History,African American History,African American History,4.8,9.4,2797620.9,822701
MD-284742-22,NA,Association for Cultural Equity,Archive,NA,NA,New York,NY,New York,New York,0,36061,10036,-73.99516,40.75858,2021,Making Global Jukebox Journeys Mobile: Exploring the Roots of American Music,Digital Projects for the Public: Discovery Grants,Public Programs,30000,Humanities,Cultural Anthropology,Cultural Anthropology,7.8,17.4,78116853.73,23997670.08
MD-284782-22,NA,Louis Armstrong House Museum,Historical Site/House,NA,NA,Corona,NY,New York,Queens,0,36081,11368,-73.8618,40.75574,2021,Mapping the Legacy of Jazz and Hip-Hop in Queens,Digital Projects for the Public: Discovery Grants,Public Programs,30000,Arts,Music History and Criticism,African American History; Music History and Criticism,9.9,13.6,2433038.77,660826
HAA-284842-22,221999,Vanderbilt University,Four-Year College,3,0,Nashville,TN,Tennessee,Davidson,0,47037,37203,-86.80065,36.14959,2021,Changing Communities of Ancient Builders: Machine Learning-based Analysis of Mortars from Caesarea Maritima (Israel),Digital Humanities Advancement Grants,Digital Humanities,41515,Humanities,Archaeology,Archaeology,4.4,15,3331367.6799999997,1169638
HAA-284853-22,233374,University of Richmond,Four-Year College,9,0,Richmond,VA,Virginia,Richmond city,0,51760,23173,-77.54296,37.57626,2021,PGVis: Digital Public Humanities Software for Visualizing Image Collections,Digital Humanities Advancement Grants,Digital Humanities,324693,Arts,Media Studies,Media Studies,5.3,21.1,3795322.18,1168101
HAA-284855-22,NA,"Association of University Presses, Inc.",Professional Association,NA,NA,New York,NY,New York,New York,0,36061,10018,-73.98697,40.75359,2021,Understanding the Impact on Print Revenue When University Press Books are Open Access,Digital Humanities Advancement Grants,Digital Humanities,49680,Interdisciplinary,"Interdisciplinary Studies, General","Interdisciplinary Studies, General",7.8,17.4,78116853.73,23997670.08
HAA-284880-22,193900,New York University,Publishing,3,0,New York,NY,New York,New York,0,36061,10012,-73.99706,40.7299,2021,Inverting the Wunderkammer: Rethinking the Digital Humanities through Botanic Histories and Archives,Digital Humanities Advancement Grants,Digital Humanities,50000,Social Science,"Social Sciences, Other","Arts, General; Social Sciences, General; Social Sciences, Other",7.8,17.4,78116853.73,23997670.08
HAA-284882-22,211440,Carnegie Mellon University,University,3,0,Pittsburgh,PA,Pennsylvania,Allegheny,1,42003,15213,-79.9433,40.44453,2021,"Freedom and the Press before Freedom of the Press: Tools, Data, and Methods for Researching Secret Printing",Digital Humanities Advancement Grants,Digital Humanities,324931,History,Cultural History,Cultural History,5.6,11.3,5940946.359999999,2718946
HAA-284893-22,NA,Rector and Visitors of the University of Virginia,Publishing,NA,NA,Charlottesville,VA,Virginia,Charlottesville city,0,51540,22903,-78.50208,38.05021,2021,Planning a Federated Early North American Weather Records Digital Resource,Digital Humanities Advancement Grants,Digital Humanities,44570,History,History of Science,"History and Philosophy of Science, Technology, and Medicine; History of Science; U.S. History",3.6,21.6,5667497.82,1030211.7
DR-284952-22,199120,"University of North Carolina Press, Inc.",Publishing,3,0,Chapel Hill,NC,North Carolina,Orange,0,37135,27515,-79.03022,35.92769,2021,Open Access Edition of Race Characters: Ethnic Literature and the Figure of the American Dream by Swati Rana,Fellowships Open Book Program,Digital Humanities,5500,Literature,American Literature,African American History; American Literature,3.6,12.2,1384311.22,142981
HND-284964-22,232186,George Mason University,Four-Year College,4,0,Fairfax,VA,Virginia,Fairfax,0,51059,22030,-77.30756,38.83542,2021,"Subaltern Histories of Global Textiles : Connecting Collections, Expanding Engagement",NEH/AHRC New Directions for Digital Scholarship in Cultural Institutions,Digital Humanities,49999,History,"History, General","History, General",3.5,7.1,3509975.9699999997,139898
HND-284973-22,211291,Bucknell University,Four-Year College,9,0,Lewisburg,PA,Pennsylvania,Union,1,42119,17837,-76.88981,40.95478,2021,Evolving Hands: Building Workflows and Scalable Practices for Handwriting,NEH/AHRC New Directions for Digital Scholarship in Cultural Institutions,Digital Humanities,43875,Interdisciplinary,"Interdisciplinary Studies, General","History, General; Interdisciplinary Studies, General; Languages, General",4.4,12.1,223869,193869
HND-284975-22,196042,"SUNY Research Foundation, Farmingdale State",Two-Year College,9,0,Farmingdale,NY,New York,Suffolk,0,36103,11735,-73.41955,40.75266,2021,Designing Mixed Reality Heritage Performances to Support Decolonisation of Heritage Sites,NEH/AHRC New Directions for Digital Scholarship in Cultural Institutions,Digital Humanities,150000,Arts,"Arts, Other","Arts, Other; British History; U.S. History",4.6,6.4,755203,200000
PW-284976-22,NA,Buffalo Society of Natural Sciences,National Organization,NA,NA,Buffalo,NY,New York,Erie,0,36029,14211,-78.84301,42.90787,2022,Hidden Views: Salvaging Historic Images at the Buffalo Society of Natural Sciences,Humanities Collections and Reference Resources,Preservation and Access,70322,History,"History, General","Anthropology; Film History and Criticism; History, General",3.7,13.2,3031666.7,702304
HND-284998-22,190415,Cornell University,Four-Year College,3,0,Ithaca,NY,New York,Tompkins,1,36109,14850,-76.46515,42.43782,2021,"Towards an Integrated Colonial Archive: Humanities, Law and British Indentureship",NEH/AHRC New Directions for Digital Scholarship in Cultural Institutions,Digital Humanities,50000,History,African American History,African American History; British History; European History,3.8,16.2,2959805.7,291847
PW-285031-22,486840,"Kennesaw State University Research and Service Foundation, Inc.",Four-Year College,6,0,Kennesaw,GA,Georgia,Cobb,0,13067,30144,-84.57429,34.03431,2022,"The Mountains to Metropolis Oral History Project, Kennesaw State University",Humanities Collections and Reference Resources,Preservation and Access,30454,History,Public History,Public History,2.7,8,96454,36454
DR-285044-22,190415,Cornell University,Four-Year College,3,0,Ithaca,NY,New York,Tompkins,1,36109,14850,-76.46515,42.43782,2021,Open Access Edition of The World Refugees Made: Decolonization and the Foundation of Postwar Italy by Pamela Ballinger,Fellowships Open Book Program,Digital Humanities,5500,History,European History,European History; Immigration History,3.8,16.2,2959805.7,291847
DR-285045-22,190415,Cornell University,Four-Year College,3,0,Ithaca,NY,New York,Tompkins,1,36109,14850,-76.46515,42.43782,2021,"Open Access Edition of The Medieval Economy of Salvation: Charity, Commerce, and the Rise of the Hospital by Adam J. Davis",Fellowships Open Book Program,Digital Humanities,5500,History,Military History,History of Religion; Military History,3.8,16.2,2959805.7,291847
DR-285046-22,190415,Cornell University,Four-Year College,3,0,Ithaca,NY,New York,Tompkins,1,36109,14850,-76.46515,42.43782,2021,"Open Access Edition of Life is Elsewhere: Symbolic Geography in the Russian Provinces, 1800–1917 by Anne Lounsbery",Fellowships Open Book Program,Digital Humanities,5500,Literature,Russian Literature,Russian Literature,3.8,16.2,2959805.7,291847
DR-285047-22,190415,Cornell University,Four-Year College,3,0,Ithaca,NY,New York,Tompkins,1,36109,14850,-76.46515,42.43782,2021,Open Access Edition of Unfelt: The Language of Affect in the British Enlightenment by James Noggle,Fellowships Open Book Program,Digital Humanities,5500,Literature,British Literature,British Literature; Psychology,3.8,16.2,2959805.7,291847
DR-285048-22,190415,Cornell University,Four-Year College,3,0,Ithaca,NY,New York,Tompkins,1,36109,14850,-76.46515,42.43782,2021,"Open Access Edition of Gateway Imperialism: Colonial Taiwan and Japanese Expansion in South China and Southeast Asia, 1895-1945 by Seiji Shirane",Fellowships Open Book Program,Digital Humanities,5500,History,East Asian History,East Asian History; Military History,3.8,16.2,2959805.7,291847
DR-285049-22,190415,Cornell University,Four-Year College,3,0,Ithaca,NY,New York,Tompkins,1,36109,14850,-76.46515,42.43782,2021,Open Access Edition of Haunted Empire: Gothic and the Russian Imperial Uncanny by Valeria Sobol,Fellowships Open Book Program,Digital Humanities,5500,Literature,Russian Literature,Russian History; Russian Literature,3.8,16.2,2959805.7,291847
PW-285051-22,NA,Library of Virginia,State/Local/Federal Government,NA,NA,Richmond,VA,Virginia,Richmond city,0,51760,23219,-77.43464,37.54145,2022,"NEH: Humanities Collections and Reference Resources War, remembrance, and the power of records: Digitizing the Library of Virginia’s WWII Separation Notices",Humanities Collections and Reference Resources,Preservation and Access,315000,History,"History, General","History, General",3.3,21.6,3795322.18,959407.37
PW-285066-22,232186,George Mason University,Four-Year College,4,0,Fairfax,VA,Virginia,Fairfax,0,51059,22030,-77.30756,38.83542,2022,Off the Wall: Digital Preservation of Civil War Graffiti Houses,Humanities Collections and Reference Resources,Preservation and Access,53129.54,History,U.S. History,Public History; U.S. History,2.4,5.9,3509975.9699999997,119129.54000000001
PW-285095-22,199847,Wake Forest University,University,4,0,Winston-Salem,NC,North Carolina,Forsyth,1,37067,27109,-80.27798,36.13612,2022,Maria Edgeworth Letters,Humanities Collections and Reference Resources,Preservation and Access,58005,Literature,British Literature,British Literature; Women's History,3.8,14.7,676597,58005
PW-285113-22,NA,"American Research Center in Egypt, Inc.",Center For Advanced Study/Research Institute,NA,NA,Alexandria,VA,Virginia,Alexandria city,0,51510,22314,-77.04486,38.81434,2022,"Sharing 7,000 Years of Egyptian Culture with the American Research Center in Egypt’s (ARCE) Open Access Conservation Archives",Humanities Collections and Reference Resources,Preservation and Access,350000,History,"History, Other","Archaeology; History, Other; Social Sciences, Other",2.3,9,1077133,350000
PW-285127-22,189088,Bard College,Center For Advanced Study/Research Institute,9,0,Annandale-on-Hudson,NY,New York,Dutchess,0,36027,12504,-73.90364,42.02458,2022,International Digital Dura-Europos Archive (IDEA): Reassembling and Recontextualizing Ancient Cultural Heritage,Humanities Collections and Reference Resources,Preservation and Access,350000,Literature,Classics,Classics,3.1,9,1526523,604546
PW-285153-22,NA,New York Historical Society,Historical Society,NA,NA,New York,NY,New York,New York,0,36061,10024,-73.97399,40.77909,2022,"Digitizing the Time-Life News Service Correspondent Wires, 1930-1960, Phase 1: the Subject Files",Humanities Collections and Reference Resources,Preservation and Access,350000,History,Public History,Public History,4.6,17.2,78116853.73,12046710.530000001
PW-285169-22,NA,Rector and Visitors of the University of Virginia,Publishing,NA,NA,Charlottesville,VA,Virginia,Charlottesville city,0,51540,22903,-78.50208,38.05021,2022,"By the People: The Inclusive Story of Revolution in Virginia, 1763–1800",Humanities Collections and Reference Resources,Preservation and Access,348670,History,U.S. History,"History, General; U.S. History",2.5,21.8,5667497.82,1269353
PW-285174-22,139658,Emory University,Two-Year College,3,0,Atlanta,GA,Georgia,DeKalb,0,13089,30322,-84.32618,33.78858,2022,"The Wayfinder Project: Revealing Black Print Culture to a Linked World, 1830-",Humanities Collections and Reference Resources,Preservation and Access,46630,History,African American History,African American History,3.2,13.5,1817120.51,60651
DR-285176-22,NA,Rector and Visitors of the University of Virginia,Publishing,NA,NA,Charlottesville,VA,Virginia,Charlottesville city,0,51540,22903,-78.50208,38.05021,2021,Open Access edition of The Quebec Connection by Julie-Francoise Tolliver,Fellowships Open Book Program,Digital Humanities,5490.7,Literature,Literary Criticism,"History, General; Literary Criticism",3.6,21.6,5667497.82,1030211.7
DR-285177-22,NA,Rector and Visitors of the University of Virginia,Publishing,NA,NA,Charlottesville,VA,Virginia,Charlottesville city,0,51540,22903,-78.50208,38.05021,2021,Open Access edition of American Abolitionism: Its Direct Political Impact from Colonial Times into Reconstruction by Stanley Harrold,Fellowships Open Book Program,Digital Humanities,5500,History,U.S. History,African American History; U.S. History,3.6,21.6,5667497.82,1030211.7
PW-285184-22,204857,Ohio University,Four-Year College,4,0,Athens,OH,Ohio,Athens,1,39009,45701,-82.1051,39.33319,2022,The Alwin Nikolais and Murray Louis Dance Collection: Developing a Roadmap for AV Reformatting and Expert Sourced Metadata,Humanities Collections and Reference Resources,Preservation and Access,50000,Arts,Dance History and Criticism,Dance History and Criticism,4.8,21.6,156003.22999999998,50000
PW-285207-22,164216,Washington College,Four-Year College,9,0,Chestertown,MD,Maryland,Kent,0,24029,21620,-76.06665,39.21617,2022,Digitization and Interpretation Plan for Four Centuries of Black History in a Chesapeake Bay Community,Humanities Collections and Reference Resources,Preservation and Access,59809,History,African American History,African American History,3.3,12.1,59809,59809
PW-285228-22,NA,Center for Jewish History,Center For Advanced Study/Research Institute,NA,NA,New York,NY,New York,New York,0,36061,10011,-73.99332,40.73771,2022,Connection and Community: Documenting 20th-century American Jewish Philanthropy and Public Service,Humanities Collections and Reference Resources,Preservation and Access,350000,Area Studies,Jewish Studies,"History, General; Jewish Studies",4.6,17.2,78116853.73,12046710.530000001
PW-285234-22,NA,Library Company of Philadelphia,Independent Research Library,NA,NA,Philadelphia,PA,Pennsylvania,Philadelphia,0,42101,19107,-75.16343,39.94798,2022,The Library Company Papers Project: Archiving & Preserving Early American History,Humanities Collections and Reference Resources,Preservation and Access,350000,History,U.S. History,"History, General; U.S. History",5,21.5,14436056.34,1906097
GI-285309-22,NA,Museum of Arts and Design,Museum,NA,NA,New York,NY,New York,New York,0,36061,10019,-73.97835,40.76158,2022,Craft Front and Center: A Permanent Exhibition at the Museum of Arts and Design,Exhibitions: Implementation,Public Programs,377364,Arts,Art History and Criticism,Art History and Criticism,4.6,17.2,78116853.73,12046710.530000001
BP-285313-22,NA,Over-the-Rhine Museum,History Museum,NA,NA,Cincinnati,OH,Ohio,Hamilton,0,39061,45250,-84.5359,39.11488,2022,Over-the-Rhine Museum Interpretive Plan,Historic Places: Planning,Public Programs,75000,History,Urban History,Public History; U.S. History; Urban History,3.6,15.6,2003700,89279
RA-285327-22,NA,"American Research Institute in Turkey, Inc.",Center For Advanced Study/Research Institute,NA,NA,Philadelphia,PA,Pennsylvania,Philadelphia,0,42101,19104,-75.19151,39.95007,2022,Long-Term Advanced Research Fellowships at the American Research Institute in Turkey Overseas Research Centers,Fellowship Programs at Independent Research Institutions,Research Programs,191700,Area Studies,Turkish Studies,Archaeology; Area Studies; Turkish Studies,5,21.5,14436056.34,1906097
BP-285354-22,NA,Dorothea Dix Park Conservancy,Nature Center/Botanical Garden/Aboretum,NA,NA,Raleigh,NC,North Carolina,Wake,0,37183,27611,-78.63464,35.78031,2022,Dorothea Dix Park Conservancy Historic Places Planning Grant,Historic Places: Planning,Public Programs,75000,History,Cultural History,Anthropology; Cultural History; Public History,3.1,7.5,1354074.6,201000
TR-285389-22,NA,"UnionDocs, Inc",Arts-Related Organization,NA,NA,Brooklyn,NY,New York,Kings,0,36047,11211,-73.95107,40.70994,2022,Speaking Freely: A Film and Multi-platform Project about the First Amendment and the Work of Preeminent Attorney Floyd Abrams,Media Projects Production,Public Programs,644525,Humanities,Law and Jurisprudence,American Studies; Law and Jurisprudence; Legal History,5.9,19.8,7011052.99,1991025
RA-285395-22,NA,Philadelphia Area Center for History of Science,Center For Advanced Study/Research Institute,NA,NA,Philadelphia,PA,Pennsylvania,Philadelphia,0,42101,19106,-75.14868,39.94906,2022,"Long-Term Research Fellowships at the Consortium for History of Science, Technology & Medicine",Fellowship Programs at Independent Research Institutions,Research Programs,187500,History,History of Science,"History and Philosophy of Science, Technology, and Medicine; History of Science",5,21.5,14436056.34,1906097
TR-285411-22,NA,"Wenner-Gren Foundation for Anthropological Research, Inc.",Philanthropic Foundation,NA,NA,New York,NY,New York,New York,0,36061,10017,-73.97459,40.75006,2022,Uncovering Margaret Mead,Media Projects Production,Public Programs,324908,Humanities,Anthropology,Anthropology,4.6,17.2,78116853.73,12046710.530000001
GI-285414-22,NA,"Trustees of the Walters Art Gallery, Inc.",Art Museum,NA,NA,Baltimore,MD,Maryland,Baltimore city,0,24510,21201,-76.61567,39.29588,2022,Ethiopia at the Crossroads,Exhibitions: Implementation,Public Programs,396000,Arts,Art History and Criticism,African History; Art History and Criticism,3.9,18.9,3788310,682000
BR-285415-22,NA,Lower East Side Tenement Museum,History Museum,NA,NA,New York,NY,New York,New York,0,36061,10002,-73.99009,40.71864,2022,The Joseph and Rachel Moore Tenement Home,Historic Places: Implementation,Public Programs,400000,History,U.S. History,African American History; Immigration History; U.S. History,4.6,17.2,78116853.73,12046710.530000001
RA-285430-23,NA,W. F. Albright Institute of Archaeological Research,Center For Advanced Study/Research Institute,NA,NA,Arlington,VA,Virginia,Arlington,0,51013,22207,-77.14956,38.89587,2022,Long-Term Research Fellowships in Israel/Palestine at the W.F. Albright Institute in Jerusalem,Fellowship Programs at Independent Research Institutions,Research Programs,225000,History,Near and Middle Eastern History,Near and Middle Eastern History,2,6.8,2852075.54,253425
GE-285433-22,NA,Carnegie Institute,Natural History Museum,NA,NA,Pittsburgh,PA,Pennsylvania,Allegheny,1,42003,15213,-79.94944,40.44415,2022,"Black Photographers Chronicle America, 1945–1985",Exhibitions: Planning,Public Programs,70951,Area Studies,African American Studies,"African American Studies; Arts, General; Journalism",3.9,11.3,5940946.359999999,918518
RA-285440-22,NA,New York Historical Society,Historical Society,NA,NA,New York,NY,New York,New York,0,36061,10024,-73.97399,40.77909,2022,New-York Historical Society NEH Fellowship Program,Fellowship Programs at Independent Research Institutions,Research Programs,165000,History,U.S. History,U.S. History,4.6,17.2,78116853.73,12046710.530000001
TR-285448-22,NA,"Women Make Movies, Inc.",Art Museum,NA,NA,New York,NY,New York,New York,0,36061,10001,-73.99042,40.74691,2022,Jamaica Kincaid:  Liberating the Daffodil,Media Projects Production,Public Programs,500000,Literature,American Literature,American Literature,4.6,17.2,78116853.73,12046710.530000001
TD-285457-22,NA,"Maryland Public Broadcasting Foundation, Inc.",Television Station,NA,NA,Owings Mills,MD,Maryland,Baltimore,0,24005,21117,-76.784,39.4477,2022,"Here, The People Rule",Media Projects Development,Public Programs,75000,Arts,Film History and Criticism,Film History and Criticism,3,11,734447.9,330930
TT-285462-22,NA,"Women Make Movies, Inc.",Art Museum,NA,NA,New York,NY,New York,New York,0,36061,10001,-73.99042,40.74691,2022,Instrumental: The Elayne Jones Story,Short Documentaries,Public Programs,149996,Arts,Music History and Criticism,African American Studies; American Studies; Music History and Criticism,4.6,17.2,78116853.73,12046710.530000001
GI-285466-22,NA,Historic St. Mary's City Commission,State/Local/Federal Government,NA,NA,St. Mary's City,MD,Maryland,St. Mary's,0,24037,20686,-76.43106,38.19002,2022,Storytellers and ADA Assistive Technology,Exhibitions: Implementation,Public Programs,315150,History,U.S. History,Archaeology; Public History; U.S. History,2.8,8,495432,315150
TR-285471-22,NA,Rector and Visitors of the University of Virginia,Publishing,NA,NA,Charlottesville,VA,Virginia,Charlottesville city,0,51540,22903,-78.50208,38.05021,2022,"Between Heaven and Earth: An Audio Documentary Series on Spirituality, Place, and Climate in America",Media Projects Production,Public Programs,199663,Humanities,"Religion, General","Interdisciplinary Studies, General; Religion, General",2.5,21.8,5667497.82,1269353
TD-285502-22,NA,Futuro Media Group,Independent Production Company,NA,NA,New York,NY,New York,New York,0,36061,10027,-73.95324,40.81115,2022,To Have And To HOLD: A History of Marriage,Media Projects Development,Public Programs,75000,History,U.S. History,"Interdisciplinary Studies, General; Social Sciences, General; U.S. History",4.6,17.2,78116853.73,12046710.530000001
GE-285534-22,NA,Museum of the American Revolution,Non-Profit Educational Center,NA,NA,Philadelphia,PA,Pennsylvania,Philadelphia,0,42101,19106,-75.14608,39.94784,2022,The Declaration’s Journey: 250 Years of America’s Founding Document,Exhibitions: Planning,Public Programs,75000,History,U.S. History,U.S. History,5,21.5,14436056.34,1906097
FT-285651-22,202134,Cleveland State University,University,4,0,Cleveland,OH,Ohio,Cuyahoga,0,39035,44115,-81.67539,41.50174,2022,Religious Nostalgia from Shakespeare to Milton,Summer Stipends,Research Programs,6000,Literature,British Literature,British History; British Literature; Renaissance Studies,4.8,16.6,1340039.36,301441.31
FT-285680-22,232186,George Mason University,Four-Year College,4,0,Fairfax,VA,Virginia,Fairfax,0,51059,22030,-77.30756,38.83542,2022,"Saving Our City: Grassroots Resistance to the Urban Crisis in Brooklyn, New York (1970-1990)",Summer Stipends,Research Programs,6000,Area Studies,African American Studies,African American History; African American Studies; Sociology,2.4,5.9,3509975.9699999997,119129.54000000001
FT-285693-22,190521,"CUNY Research Foundation, Borough of Manhattan Community College",Two-Year College,1,0,New York,NY,New York,New York,0,36061,10007,-74.01223,40.71699,2022,Speaking of Hebrew: Language and identity in contemporary American Judaism,Summer Stipends,Research Programs,6000,Area Studies,Jewish Studies,Jewish Studies; Linguistic Anthropology,4.6,17.2,78116853.73,12046710.530000001
FT-285719-22,203517,Kent State University,Four-Year College,4,0,Kent,OH,Ohio,Portage,0,39133,44242,-81.3513,41.15366,2022,The Yellow Peril: The Rise and Transformation of a Racialist Ideology,Summer Stipends,Research Programs,6000,History,Military History,Diplomatic History; Immigration History; Military History,3.8,12.4,528346.72,6000
FT-285725-22,190521,"CUNY Research Foundation, Borough of Manhattan Community College",Two-Year College,1,0,New York,NY,New York,New York,0,36061,10007,-74.01223,40.71699,2022,Spirals in the Caribbean: Representing Violence in Haiti and the Dominican Republic,Summer Stipends,Research Programs,6000,Area Studies,Latin American Studies,French Literature; Latin American Studies,4.6,17.2,78116853.73,12046710.530000001
AKA-285733-22,198899,Mars Hill University,Four-Year College,9,0,Mars Hill,NC,North Carolina,Madison,1,37115,28754,-82.5535,35.82688,2022,The Appalachian HEART Hub: Reimagining a Campus Museum as an Active Learning Hub,Humanities Connections Planning Grants,Education Programs,34932,Area Studies,U.S. Regional Studies,Rural Studies; U.S. Regional Studies,3.4,15,34932,34932
FT-285737-22,194091,New York Institute of Technology,Four-Year College,6,0,Old Westbury,NY,New York,Nassau,0,36059,11568,-73.60294,40.78308,2022,Editing The Poems of Sylvia Plath,Summer Stipends,Research Programs,6000,Literature,American Literature,American Literature,2.9,5.6,852541.01,66000
FT-285747-22,190594,"CUNY Research Foundation, Hunter College",Four-Year College,6,0,New York,NY,New York,New York,0,36061,10065,-73.96524,40.76899,2022,"The Porcelain Room at Aranjuez Palace: Charles III of Spain, Imperial Politics, and Natural History",Summer Stipends,Research Programs,6000,Arts,Art History and Criticism,Art History and Criticism,4.6,17.2,78116853.73,12046710.530000001
AKA-285771-22,195164,St. Bonaventure University,University,6,0,St. Bonaventure,NY,New York,Cattaraugus,1,36009,14778,-78.4859,42.08337,2022,Collaborative Pathways for Inquiry Based Education: Piloting a Humanities Education Partnership,Humanities Connections Planning Grants,Education Programs,34924,History,"History, General","History, General",4.1,16.2,237435,182313
AKA-285801-22,213367,La Salle University,Four-Year College,6,0,Philadelphia,PA,Pennsylvania,Philadelphia,0,42101,19141,-75.15246,40.0396,2022,Health Humanities for Pre-Health Undergraduate Education,Humanities Connections Planning Grants,Education Programs,34963,Arts,Art History and Criticism,Art History and Criticism,5,21.5,14436056.34,1906097
AKA-285806-22,211981,Delaware Valley University,Four-Year College,9,0,Doylestown,PA,Pennsylvania,Bucks,0,42017,18901,-75.16005,40.29895,2022,Rhetoric and Science,Humanities Connections Planning Grants,Education Programs,34856,Literature,Composition and Rhetoric,"Communications; Composition and Rhetoric; History and Philosophy of Science, Technology, and Medicine",3.6,5.9,50323,50323
AKA-285807-22,190628,"CUNY Research Foundation, LaGuardia Community College",Two-Year College,1,0,Long Island City,NY,New York,Queens,0,36081,11101,-73.93514,40.74395,2022,Creating a Liberal Arts Health Humanities Option,Humanities Connections Planning Grants,Education Programs,34980,Interdisciplinary,"Interdisciplinary Studies, Other","Interdisciplinary Studies, Other",5.3,13.1,2433038.77,283371
AKA-285817-22,221740,University of Tennessee,University,6,0,Chattanooga,TN,Tennessee,Hamilton,1,47065,37403,-85.29958,35.04529,2022,Developing a Humanities-Informed Environmental Studies Major,Humanities Connections Planning Grants,Education Programs,34926,Interdisciplinary,"Interdisciplinary Studies, Other","Interdisciplinary Studies, Other",3.4,11.8,34926,34926
AKB-285833-22,161864,Community College of Baltimore County,Two-Year College,NA,NA,Baltimore,MD,Maryland,Baltimore,0,24005,21237,-76.48493,39.3521,2022,Contextualizing Humanities Education for All,Humanities Connections Implementation Grants,Education Programs,149930,Interdisciplinary,"Interdisciplinary Studies, General","Interdisciplinary Studies, General",3,11,734447.9,330930
AKB-285835-22,163851,Salisbury University,Four-Year College,6,0,Salisbury,MD,Maryland,Wicomico,0,24045,21801,-75.60743,38.34953,2022,Re-envisioning Ethics Access and Community Humanities (R.E.A.C.H.) Initiative: Integrating Community and Curricular Ethics,Humanities Connections Implementation Grants,Education Programs,146322,Humanities,Ethics,"Ethics; Interdisciplinary Studies, General; Psychology",3.6,12.6,189613.93,146322
AKB-285837-22,199111,"University of North Carolina, Asheville",Four-Year College,9,0,Asheville,NC,North Carolina,Buncombe,1,37021,28804,-82.56589,35.61901,2022,Digital Fluency and Experiential Learning: Promoting Digital Humanities in Undergraduate Research,Humanities Connections Implementation Grants,Education Programs,149637,Interdisciplinary,"Interdisciplinary Studies, General","Interdisciplinary Studies, General; Public History; Rural Studies",3,12.3,903300.45,155837
FT-285840-22,176080,Mississippi State University,University,3,0,Mississippi State,MS,Mississippi,Oktibbeha,1,28105,39762,-88.78506,33.45747,2022,"Affect and Identity in the Doctor–Patient Relationship in the American South and West, 1870-1900",Summer Stipends,Research Programs,6000,History,U.S. History,"History of Science; History, Other; U.S. History",4,23.6,703819,353959
FT-285848-22,176017,University of Mississippi,Center For Advanced Study/Research Institute,4,0,University,MS,Mississippi,Lafayette,0,28071,38677,-89.5352,34.36633,2022,Voices from the Ashes: The Charcoal Graffiti of Pompeii,Summer Stipends,Research Programs,6000,Literature,Classics,Classical Languages; Classics,3.1,17.8,93204.45,12000
FT-285920-22,163268,"University of Maryland, Baltimore County",University,4,0,Baltimore,MD,Maryland,Baltimore,0,24005,21250,-76.71442,39.25569,2022,Representation as a Form of Resistance: Documenting African-American Spaces of Leisure during the Jim Crow Era,Summer Stipends,Research Programs,6000,Arts,Media Studies,African American History; American Studies; Media Studies,3,11,734447.9,330930
FT-285977-22,157085,University of Kentucky Research Foundation,Four-Year College,3,0,Lexington,KY,Kentucky,Fayette,0,21067,40506,-84.50654,38.03919,2022,The Social Life of Appalachian Englishes,Summer Stipends,Research Programs,6000,Language,Linguistics,English; Linguistics; U.S. Regional Studies,3.2,14.9,1457528.43,140999
FT-285989-22,201885,University of Cincinnati,University,3,0,Cincinnati,OH,Ohio,Hamilton,0,39061,45220,-84.52053,39.12967,2022,The Role of Truth and Honesty in Improving Democracy,Summer Stipends,Research Programs,6000,Humanities,"Philosophy, Other","Philosophy, Other",3.6,15.6,2003700,89279
FT-286021-22,193900,New York University,Publishing,3,0,New York,NY,New York,New York,0,36061,10012,-73.99706,40.7299,2022,Anti-Red: Global Anti-communism and Transpacific Mobilities,Summer Stipends,Research Programs,6000,Literature,Comparative Literature,"Comparative Literature; East Asian Literature; Interdisciplinary Studies, Other",4.6,17.2,78116853.73,12046710.530000001
FT-286026-22,139658,Emory University,Two-Year College,3,0,Atlanta,GA,Georgia,DeKalb,0,13089,30322,-84.32618,33.78858,2022,"In the Plantations’ Shadows: Black Peasants and Land Claims in Cuba, Puerto Rico, and Spanish Equatorial Guinea, 1850-1950",Summer Stipends,Research Programs,6000,History,Latin American History,Latin American History,3.2,13.5,1817120.51,60651
FT-286044-22,195526,Skidmore College,Four-Year College,9,0,Saratoga Springs,NY,New York,Saratoga,0,36091,12866,-73.77963,43.09599,2022,"From “Great Abominations” to “Political Offenses”: Political Crimes, International Law, and Regime Changes in Modern China",Summer Stipends,Research Programs,6000,History,East Asian History,East Asian History; Legal History,2.7,6.5,166506.55,111000
FT-286068-22,199148,"University of North Carolina, Greensboro",University,4,0,Greensboro,NC,North Carolina,Guilford,0,37081,27412,-79.8055,36.06642,2022,Assisted Emigrants: Irish Female Migration Projects and the British Empire,Summer Stipends,Research Programs,6000,History,British History,British History; Immigration History; Women's History,4.1,16.4,999908.92,6000
FT-286103-22,176372,University of Southern Mississippi,University,4,0,Hattiesburg,MS,Mississippi,Forrest,0,28035,39406,-89.33298,31.32796,2022,"Wheelchairs, Crutches, and Disability in Victorian Literature",Summer Stipends,Research Programs,6000,Literature,British Literature,British Literature,3.7,22.4,351258,6000
FT-286107-22,190099,Colgate University,Four-Year College,9,0,Hamilton,NY,New York,Madison,0,36053,13346,-75.53284,42.81934,2022,Interface Design and Digital Exclusion,Summer Stipends,Research Programs,6000,Arts,Media Studies,Media Studies,3.5,10.8,1002715.85,12000
FT-286108-22,233921,Virginia Polytechnic Institute and State University,University,3,0,Blacksburg,VA,Virginia,Montgomery,1,51121,24061,-80.4191,37.22859,2022,"Funeral Rituals, Community, and Mobility in the Colonial City of Santiago, Chile",Summer Stipends,Research Programs,6000,Area Studies,Latin American Studies,Latin American History; Latin American Literature; Latin American Studies,2.7,21,1218224.98,341788
FT-286132-22,100751,University of Alabama,Four-Year College,4,0,Tuscaloosa,AL,Alabama,Tuscaloosa,1,01125,35487,-87.54182,33.22002,2022,From Hitsville to Hollywood: Motown Productions on Film and Television,Summer Stipends,Research Programs,6000,Arts,Film History and Criticism,Film History and Criticism,2.5,17,1343238.51,317340
FT-286167-22,195474,Siena College,Four-Year College,9,0,Loudonville,NY,New York,Albany,0,36001,12211,-73.75521,42.71812,2022,"How Musical Science Shaped Representations of Gender and Sexuality in British Literature, 1850-1914",Summer Stipends,Research Programs,6000,Literature,British Literature,British Literature; Gender Studies; Music History and Criticism,3.1,14,1483153.6,269664
FT-286193-22,232982,Old Dominion University,University,4,0,Norfolk,VA,Virginia,Norfolk city,0,51710,23529,-76.30665,36.88657,2022,Am I Not a Sister?: U.S. Women’s Abolitionist Literacies in the 19th Century,Summer Stipends,Research Programs,6000,Literature,Composition and Rhetoric,Composition and Rhetoric; Gender Studies,3.4,18.8,392645,16000
FT-286209-22,197869,Appalachian State University,Four-Year College,6,0,Boone,NC,North Carolina,Watauga,1,37189,28608,-81.75815,36.16908,2022,"Algerian Women in Conflict: Representations of Gender, “Terrorism,” and Islam on the Verge of the War on Terror",Summer Stipends,Research Programs,6000,History,Women's History,"History, General; Near and Middle Eastern History; Women's History",3.3,21,66000,6000
FT-286216-22,196088,"SUNY Research Foundation, University at Buffalo",University,3,0,Amherst,NY,New York,Erie,0,36029,14228,-78.7855,43.00266,2022,Picturing the Plan: Stalinist Mass Politics and the Art of Soviet Statistics,Summer Stipends,Research Programs,6000,History,Russian History,Russian History,3.7,13.2,3031666.7,702304
FT-286221-22,189097,Barnard College,Four-Year College,9,0,New York,NY,New York,New York,0,36061,10027,-73.96362,40.80858,2022,Sri Lankan Architect Minnette de Silva (1918-1998) and a Modern Architecture of the Past,Summer Stipends,Research Programs,6000,Arts,Art History and Criticism,Architecture; Art History and Criticism; South Asian History,4.6,17.2,78116853.73,12046710.530000001
FT-286225-22,189088,Bard College,Center For Advanced Study/Research Institute,9,0,Annandale-on-Hudson,NY,New York,Dutchess,0,36027,12504,-73.90364,42.02458,2022,Paths to Enlightenment: Fakhr al-Din al-Razi (1149-1210) and the Salvatory Knowledge of Islamic Philosophy,Summer Stipends,Research Programs,6000,History,Intellectual History,History of Religion; Intellectual History; Non-Western Philosophy,3.1,9,1526523,604546
FT-286235-22,190099,Colgate University,Four-Year College,9,0,Hamilton,NY,New York,Madison,0,36053,13346,-75.53284,42.81934,2022,Gender and Sexuality in Contemporary Dance of Senegal,Summer Stipends,Research Programs,6000,Arts,Dance History and Criticism,African Studies; Dance History and Criticism; Gender Studies,3.5,10.8,1002715.85,12000
FT-286254-22,218663,University of South Carolina,Four-Year College,3,0,Columbia,SC,South Carolina,Richland,0,45079,29208,-81.0252,33.99326,2022,Disruptive Minds: Madness in the Early French Atlantic,Summer Stipends,Research Programs,6000,Literature,French Literature,"French Literature; History, Other; Interdisciplinary Studies, Other",3.2,16.2,3178952.8600000003,395494
FT-286263-22,204501,Oberlin College,Four-Year College,9,0,Oberlin,OH,Ohio,Lorain,0,39093,44074,-82.22383,41.29413,2022,"Revitalizing ""Dangling"" Ethnographic Collections",Summer Stipends,Research Programs,6000,Humanities,Anthropology,"Anthropology; Interdisciplinary Studies, General; Native American Studies",5,12.8,196000,6000
FT-286320-22,199193,North Carolina State University,University,3,0,Raleigh,NC,North Carolina,Wake,0,37183,27695,-78.62526,35.79769,2022,Islamophilia to Islamophobia: Liberal Religion and the Global Public Sphere,Summer Stipends,Research Programs,6000,Humanities,Nonwestern Religion,"Interdisciplinary Studies, Other; Nonwestern Religion; Religion, General",3.1,7.5,1354074.6,201000
FT-286354-22,212911,Corporation of Haverford College,Four-Year College,NA,NA,Haverford,PA,Pennsylvania,Montgomery,0,42091,19041,-75.3032,40.01381,2022,Grace Lee Boggs (1913-2013): Radical American Pragmatist,Summer Stipends,Research Programs,6000,Humanities,"Religion, Other","Political Theory; Religion, Other",3.2,6.6,405527.33,6000
FT-286360-22,162928,Johns Hopkins University,Publishing,3,0,Baltimore,MD,Maryland,Baltimore city,0,24510,21218,-76.61787,39.33085,2022,From Enlightenment to Development: The Idea of Economic Growth in 19th-Century Latin America,Summer Stipends,Research Programs,6000,History,Latin American History,Economic History; Latin American History,3.9,18.9,3788310,682000
FT-286378-22,190567,City University of New York,Four-Year College,6,0,New York,NY,New York,New York,0,36061,10017,-73.9743,40.75081,2022,An Unsentimental Education: The Cinema of American Director Elaine May (1932-),Summer Stipends,Research Programs,6000,Arts,Film History and Criticism,Film History and Criticism; Gender Studies,4.6,17.2,78116853.73,12046710.530000001
FT-286382-22,215929,University of Scranton,Four-Year College,6,0,Scranton,PA,Pennsylvania,Lackawanna,1,42069,18510,-75.65825,41.40641,2022,"Catholicism and Revolution in the British World, 1630-1673",Summer Stipends,Research Programs,6000,History,British History,"British History; History of Religion; History, Other",4.4,13.1,186300.44,6000
FT-286400-22,215293,University of Pittsburgh,Four-Year College,3,0,Pittsburgh,PA,Pennsylvania,Allegheny,1,42003,15260,-79.95595,40.44347,2022,Black Anaesthetics: African American Narrative Beyond Man,Summer Stipends,Research Programs,6000,Literature,American Literature,African American Studies; American Literature; Literary Criticism,3.9,11.3,5940946.359999999,918518
FT-286407-22,234030,Virginia Commonwealth University,University,3,0,Richmond,VA,Virginia,Richmond city,0,51760,23284,-77.453,37.54946,2022,Promised Land: The Rise and Fall of the Global Pan-African Movement,Summer Stipends,Research Programs,6000,History,African American History,African American History; African American Studies; African History,3.3,21.6,3795322.18,959407.37
FT-286439-22,219602,Austin Peay State University,Four-Year College,6,0,Clarksville,TN,Tennessee,Montgomery,0,47125,37044,-87.35207,36.53179,2022,Brewing Beer and Building Authority in the Colonial Gulf Coast,Summer Stipends,Research Programs,6000,History,African American History,African American History; U.S. History; Women's History,3.7,11.2,6000,6000
FT-286540-22,486840,Kennesaw State University,Four-Year College,6,0,Marietta,GA,Georgia,Cobb,0,13067,30144,-84.57429,34.03431,2022,A Natural History of the American East in Five Wayside Plants,Summer Stipends,Research Programs,6000,History,U.S. History,American Studies; U.S. History,2.7,8,96454,36454
FT-286554-22,176017,University of Mississippi,Center For Advanced Study/Research Institute,4,0,University,MS,Mississippi,Lafayette,0,28071,38677,-89.5352,34.36633,2022,"Documenting Language Practices, Cultures and Ideologies among Indigenous Communities in the Peruvian Amazon",Summer Stipends,Research Programs,6000,Language,Linguistic Anthropology,Latin American Studies; Linguistic Anthropology; Linguistics,3.1,17.8,93204.45,12000
FT-286570-22,216287,Swarthmore College,Four-Year College,9,0,Swarthmore,PA,Pennsylvania,Delaware,0,42045,19081,-75.35106,39.90635,2022,"Gender, Nation, and Empire in Music for St. Katherine of Alexandria, 1050-1400",Summer Stipends,Research Programs,6000,Arts,Music History and Criticism,Gender Studies; Medieval History; Music History and Criticism,3.9,9.7,1278329,66000
ZIN-286596-21,NA,"Firelight Media, Inc.",Arts-Related Organization,NA,NA,New York,NY,New York,New York,0,36061,10031,-73.9471,40.82363,2021,Firelight Media’s Spark Fund for Filmmakers of Color Working on Humanities Films,ARP Grantmaking Programs for Individuals,Agency-wide Projects,200000,Unspecified,NA,NA,7.8,17.4,78116853.73,23997670.08
CHA-286598-23,NA,Knoxville Museum of Art,Art Museum,NA,NA,Knoxville,TN,Tennessee,Knox,1,47093,37916,-83.92572,35.96273,2022,"Renovation of two galleries to house ""Higher Ground: A Century of the Visual Arts in East Tennessee"" at the Knoxville Museum of Art",Infrastructure and Capacity Building Challenge Grants,Challenge Programs,145975,Arts,"Arts, General","Arts, General",2.9,11.6,2097050.66,495586
CHA-286609-23,NA,Valentine Museum,History Museum,NA,NA,Richmond,VA,Virginia,Richmond city,0,51760,23219,-77.43097,37.54167,2022,Purchase and Installation of Compact Cabinetry and Fixtures for Collections Storage at the Valentine Museum,Infrastructure and Capacity Building Challenge Grants,Challenge Programs,408761,History,Urban History,Cultural History; Urban History,3.3,21.6,3795322.18,959407.37
CHA-286623-23,196088,"SUNY Research Foundation, University at Buffalo",University,3,0,Amherst,NY,New York,Erie,0,36029,14228,-78.7855,43.00266,2022,Design Phase of UB James Joyce Museum,Infrastructure and Capacity Building Challenge Grants,Challenge Programs,56091,Literature,"Literature, General","Literature, General",3.7,13.2,3031666.7,702304
CHA-286629-24,NA,Rivers of Steel Heritage Corporation,Historical Site/House,NA,NA,Homestead,PA,Pennsylvania,Allegheny,1,42003,15120,-79.90313,40.40913,2022,"Restoration of Carrie Furnace Stove Deck, Stock House, and Trestle",Infrastructure and Capacity Building Challenge Grants,Challenge Programs,368269,History,Public History,Labor History; Public History; U.S. History,3.9,11.3,5940946.359999999,918518
CHA-286632-23,NA,New York Public Library,Public Library,NA,NA,New York,NY,New York,New York,0,36061,10016,-73.98192,40.75188,2022,Updating The New York Public Library's Digital Imaging Unit,Infrastructure and Capacity Building Challenge Grants,Challenge Programs,283333,Interdisciplinary,"Interdisciplinary Studies, General","Interdisciplinary Studies, General",4.6,17.2,78116853.73,12046710.530000001
CHA-286670-24,213251,Juniata College,Four-Year College,9,0,Huntingdon,PA,Pennsylvania,Huntingdon,1,42061,16652,-78.0173,40.49869,2022,The Humanities Inspired: Creative Exploration and Scholarship Enabled by a Modern Archives and Special Collections Suite,Infrastructure and Capacity Building Challenge Grants,Challenge Programs,498577,History,"History, General","English; History, General; Interdisciplinary Studies, General",5.2,13,857595,498577
RFW-286698-22,196413,Syracuse University,University,4,0,Syracuse,NY,New York,Onondaga,0,36067,13244,-76.13731,43.03933,2022,"Outpost of Empire: Kormantine, the slave trade, and England’s first outpost in Africa",Archaeological and Ethnographic Field Research,Research Programs,126255,Humanities,Archaeology,African History; Archaeology,3.4,13.6,546098.95,126255
RFW-286703-22,157289,University of Louisville,University,3,0,Louisville,KY,Kentucky,Jefferson,0,21111,40292,-85.76194,38.21556,2022,"Violence and Mortuary Landscapes: An Archaeological and Ethnographic Inquiry of Experience and Neglect in Eastern Cemetery, Louisville, KY",Archaeological and Ethnographic Field Research,Research Programs,129912,Humanities,Anthropology,Anthropology; Archaeology,3.9,15.2,918894,129912
RFW-286709-22,195526,Skidmore College,Four-Year College,9,0,Saratoga Springs,NY,New York,Saratoga,0,36091,12866,-73.77963,43.09599,2022,"Murals in Landscape: An investigation of human-nature relationships in Maya myth and design at San Bartolo, Guatemala",Archaeological and Ethnographic Field Research,Research Programs,105000,Humanities,Anthropology,Anthropology; Archaeology,2.7,6.5,166506.55,111000
AV-286742-22,162007,Bowie State University,Four-Year College,5,1,Bowie,MD,Maryland,Prince George's,0,24033,20715,-76.76381,39.0168,2022,War and Memory,Dialogues on the Experience of War,Education Programs,81655,History,African American History,African American History,3.3,10.9,4393763.9399999995,1149412
AV-286749-22,195720,St. John Fisher College,Four-Year College,5,0,Rochester,NY,New York,Monroe,0,36055,14618,-77.51715,43.1167,2022,"Meaning and Dimensions of Service: Duty, Loyalty, and Culture in War",Dialogues on the Experience of War,Education Programs,91485.09,History,Military History,"Literature, General; Military History; U.S. History",3.5,13.9,5554529.78,222485.09
DR-286802-22,215062,"University of Pennsylvania Press, Inc.",Publishing,3,0,Philadelphia,PA,Pennsylvania,Philadelphia,0,42101,19104,-75.20088,39.95156,2021,Open Access Edition of Prairie Imperialists: The Indian Country Origins of American Empire by Katharine Bjork.,Fellowships Open Book Program,Digital Humanities,5500,History,U.S. History,Diplomatic History; U.S. History,8.3,22.3,14436056.34,2887664
RZ-286808-22,198419,Duke University,Publishing,3,0,Durham,NC,North Carolina,Durham,0,37063,27705,-78.92459,36.00683,2022,"Digital Cairo: A Study of Urban Transformation, 1828-1914",Collaborative Research,Research Programs,185130,History,Near and Middle Eastern History,Near and Middle Eastern History,3.2,11.1,4368610,361530
RQ-286850-22,219949,Cumberland University,University,7,0,Lebanon,TN,Tennessee,Wilson,0,47189,37087,-86.31082,36.20736,2022,The Papers of Martin Van Buren,Scholarly Editions and Translations,Research Programs,217800,History,U.S. History,U.S. History,2.6,7.2,217800,217800
RQ-286876-22,215293,University of Pittsburgh,Four-Year College,3,0,Pittsburgh,PA,Pennsylvania,Allegheny,1,42003,15260,-79.95595,40.44347,2022,Chilean Parlamentos: Digital Edition and Translation of Indigenous Treaties (1724-1870),Scholarly Editions and Translations,Research Programs,63501,History,Latin American History,Latin American History; Latin American Studies; Spanish Language,3.9,11.3,5940946.359999999,918518
RQ-286877-22,163286,"University of Maryland, College Park",University,3,0,College Park,MD,Maryland,Prince George's,0,24033,20742,-76.95018,38.9975,2022,Freedmen and Southern Society Project,Scholarly Editions and Translations,Research Programs,300000,History,U.S. History,African American History; U.S. History,3.3,10.9,4393763.9399999995,1149412
RZ-286910-22,196088,"SUNY Research Foundation, University at Buffalo",University,3,0,Amherst,NY,New York,Erie,0,36029,14228,-78.7855,43.00266,2022,From the Cataract House to Canada: African American Activism and the Underground Railroad in the Niagara River Borderland,Collaborative Research,Research Programs,249369,Area Studies,African American Studies,African American History; African American Studies; Archaeology,3.7,13.2,3031666.7,702304
RZ-286936-22,221759,"University of Tennessee, Knoxville",Publishing,3,0,Knoxville,TN,Tennessee,Knox,1,47093,37916,-83.92774,35.9529,2022,Refuge in the Spirit: Religion in the Lives of Congolese Refugees,Collaborative Research,Research Programs,199611,History,African History,"African History; African Studies; Religion, Other",2.9,11.6,2097050.66,495586
RQ-286945-22,199139,"University of North Carolina, Charlotte",Center For Advanced Study/Research Institute,5,0,Charlotte,NC,North Carolina,Mecklenburg,0,37119,28223,-80.72556,35.30519,2022,'Attar's Affliction: Sufism and Allegory in the Global Middle Ages,Scholarly Editions and Translations,Research Programs,48371,Humanities,Nonwestern Religion,Nonwestern Religion,3.5,10.3,537270.64,48371
RQ-286962-22,NA,Rector and Visitors of the University of Virginia,Publishing,NA,NA,Charlottesville,VA,Virginia,Charlottesville city,0,51540,22903,-78.50208,38.05021,2022,The Papers of U.S. President George Washington (1732–1799),Scholarly Editions and Translations,Research Programs,200000,History,U.S. History,Military History; U.S. History,2.5,21.8,5667497.82,1269353
RQ-286963-22,157951,Western Kentucky University,University,6,0,Bowling Green,KY,Kentucky,Warren,0,21227,42101,-86.45507,36.98709,2022,Principia Mathematica: A Critical Edition,Scholarly Editions and Translations,Research Programs,281104,Humanities,Logic,History of Philosophy; History of Science; Logic,3.7,18.4,395487.11,329488
RZ-286981-22,NA,Hastings Center,Center For Advanced Study/Research Institute,NA,NA,Garrison,NY,New York,Putnam,0,36079,10524,-73.92942,41.39607,2022,The Meanings of Dementia: Interpreting Cultural Narratives of Aging Societies,Collaborative Research,Research Programs,143509,Interdisciplinary,"Interdisciplinary Studies, Other","Interdisciplinary Studies, Other; Literary Criticism; Social Sciences, Other",3,6.3,429571,143509
RZ-287010-22,214777,Pennsylvania State University,Four-Year College,3,0,University Park,PA,Pennsylvania,Centre,1,42027,16802,-77.85432,40.80366,2022,Sovereign Kin: A History of the Cherokee Nation,Collaborative Research,Research Programs,229985,History,"History, Other","History, Other",3.3,16,2265848.84,755466
RQ-287038-22,NA,"Klezmer Institute, Inc.",Arts-Related Organization,NA,NA,Yonkers,NY,New York,Westchester,0,36119,10702,-73.90105,40.93472,2022,Kiselgof-Makonovetsky Critical Editions,Scholarly Editions and Translations,Research Programs,148560,Arts,Music History and Criticism,"Jewish Studies; Languages, General; Music History and Criticism",3.2,9.3,2797620.9,283460
RQ-287039-22,232681,University of Mary Washington,Four-Year College,6,0,Fredericksburg,VA,Virginia,Fredericksburg city,0,51630,22401,-77.47371,38.29849,2022,The Papers of James Monroe,Scholarly Editions and Translations,Research Programs,100000,History,U.S. History,U.S. History,3.2,15,609911,100000
PG-287116-22,101480,Jacksonville State University,Four-Year College,6,0,Jacksonville,AL,Alabama,Calhoun,1,01015,36265,-85.76402,33.82508,2022,Houston Cole Library (HCL): Assessment and Preservation Training,Preservation Assistance Grants,Preservation and Access,10000,Arts,"Arts, General","Arts, General",3,18.5,10000,10000
FZ-287117-22,216597,Villanova University,University,6,0,Villanova,PA,Pennsylvania,Delaware,0,42045,19085,-75.35163,40.03134,2022,Last Seen:  Searching for Family After Slavery,Public Scholars,Research Programs,60000,History,African American History,African American History; U.S. History; Women's History,3.9,9.7,1278329,66000
FZ-287118-22,NA,NA,Individual,NA,NA,Ithaca,NY,New York,Tompkins,1,36109,14850,-76.50074,42.44192,2022,Green Russia: A Forest History,Public Scholars,Research Programs,60000,Literature,Slavic Literature,Area Studies; Russian History; Slavic Literature,2.9,16,2959805.7,629537
FZ-287182-22,NA,NA,Individual,NA,NA,New York,NY,New York,New York,0,36061,10002,-73.98234,40.71476,2022,"A Cultural and Intellectual History of Structuralism, Cybernetics, and the Postwar Political Imagination",Public Scholars,Research Programs,60000,History,Cultural History,"American Studies; Cultural History; History, Criticism, and Theory of the Arts",4.6,17.2,78116853.73,12046710.530000001
FZ-287213-22,161873,University of Baltimore,Four-Year College,6,0,Baltimore,MD,Maryland,Baltimore city,0,24510,21201,-76.61637,39.30667,2022,Police Against the Movement: The Forgotten Sabotage of the Civil Rights Struggle,Public Scholars,Research Programs,60000,History,U.S. History,African American History; U.S. History,3.9,18.9,3788310,682000
FZ-287317-22,189088,Bard College,Center For Advanced Study/Research Institute,9,0,Annandale-on-Hudson,NY,New York,Dutchess,0,36027,12504,-73.90364,42.02458,2022,"Brunelleschi's Children: How a Renaissance Orphanage Saved 400,000 Lives and Reinvented Childhood",Public Scholars,Research Programs,60000,History,Renaissance Studies,Renaissance Studies,3.1,9,1526523,604546
FZ-287321-22,190594,"CUNY Research Foundation, Hunter College",Four-Year College,6,0,New York,NY,New York,New York,0,36061,10065,-73.96524,40.76899,2022,How to Know Van Gogh,Public Scholars,Research Programs,35000,Arts,Art History and Criticism,Art History and Criticism,4.6,17.2,78116853.73,12046710.530000001
FZ-287339-22,190576,"CUNY Research Foundation, Graduate School and University Center",Individual,3,0,New York,NY,New York,New York,0,36061,10016,-73.96182,40.80201,2022,I AM MEG: The Life of Madeleine L'Engle,Public Scholars,Research Programs,60000,Literature,American Literature,American Literature; American Studies,4.6,17.2,78116853.73,12046710.530000001
FZ-287393-22,NA,NA,Individual,NA,NA,Brooklyn,NY,New York,Kings,0,36047,11233,-73.93308,40.68083,2022,"A Narrative History of the Desegregation of Private Boarding Schools in the American South, 1967-1975",Public Scholars,Research Programs,60000,History,U.S. History,African American History; U.S. History,5.9,19.8,7011052.99,1991025
FZ-287403-22,190150,Trustees of Columbia University in the City of New York,Center For Advanced Study/Research Institute,3,0,New York,NY,New York,New York,0,36061,10027,-73.95707,40.81771,2022,"St. Vincent's Hospital in the ""Plague Years""",Public Scholars,Research Programs,47500,Interdisciplinary,"Interdisciplinary Studies, General","Interdisciplinary Studies, General",4.6,17.2,78116853.73,12046710.530000001
PG-287459-22,NA,"Chrysler Museum, Inc.",Art Museum,NA,NA,Norfolk,VA,Virginia,Norfolk city,0,51710,23510,-76.29387,36.85589,2022,Assessment of the Chrysler Museum of Art's Jean Outland Chrysler Library Archives,Preservation Assistance Grants,Preservation and Access,10000,Arts,"Arts, Other","Arts, Other",3.4,18.8,392645,16000
PG-287470-22,211981,Delaware Valley University,Four-Year College,9,0,Doylestown,PA,Pennsylvania,Bucks,0,42017,18901,-75.16005,40.29895,2022,General Preservation Assessment of the University Archives,Preservation Assistance Grants,Preservation and Access,6060,History,"History, General","History, General",3.6,5.9,50323,50323
PF-287473-22,195216,St. Lawrence University,Four-Year College,9,0,Canton,NY,New York,St. Lawrence,0,36089,13617,-75.16207,44.59248,2022,St. Lawrence University Planning Grant for Art Gallery Facilities Optimization Study,Sustaining Cultural Heritage Collections,Preservation and Access,42182,Interdisciplinary,"Interdisciplinary Studies, Other","Interdisciplinary Studies, Other",4.2,17.5,200382,142182
HAA-287475-22,221999,Vanderbilt University,Four-Year College,3,0,Nashville,TN,Tennessee,Davidson,0,47037,37203,-86.80065,36.14959,2022,Brendan’s Voyage: An Immersive Environment for Medieval Language and Culture,Digital Humanities Advancement Grants,Digital Humanities,149950,History,Medieval Studies,Medieval Studies,2.8,14,3331367.6799999997,155450
TD-287495-22,NA,Historic Columbia Foundation,University,NA,NA,Columbia,SC,South Carolina,Richland,0,45079,29201,-81.0305,34.01294,2022,University of Reconstruction,Media Projects Development,Public Programs,74874,History,African American History,African American History,3.2,16.2,3178952.8600000003,395494
PG-287516-22,NA,"Flow Chart Foundation, Inc., The",Arts-Related Organization,NA,NA,Hudson,NY,New York,Columbia,0,36021,12534,-73.78965,42.25196,2022,Taking Stock Toward Taking Action: A Preservation Plan for the Ashbery Resource Center,Preservation Assistance Grants,Preservation and Access,9962,Literature,American Literature,"American Literature; Arts, General; Interdisciplinary Studies, General",2.8,11.1,564304,9962
PG-287518-22,100812,Athens State University,Four-Year College,9,0,Athens,AL,Alabama,Limestone,1,01083,35611,-86.96744,34.80625,2022,Activating the Athens State University Archives,Preservation Assistance Grants,Preservation and Access,10000,History,U.S. History,African American History; American Studies; U.S. History,2,9.9,10000,10000
PG-287519-22,216357,Thiel College,Four-Year College,9,0,Greenville,PA,Pennsylvania,Mercer,1,42085,16125,-80.38413,41.40845,2022,Thiel College Conservation and Presentation Assessment and Training,Preservation Assistance Grants,Preservation and Access,5801,History,"History, General","History, General",4.7,12.5,5801,5801
TD-287525-22,NA,"National Council for History Education, Inc.",National Organization,NA,NA,University Heights,OH,Ohio,Cuyahoga,0,39035,44118,-81.53795,41.50126,2022,American Commonwealth: A Podcast on Documents and the American Story,Media Projects Development,Public Programs,61764.31,History,U.S. History,U.S. History,4.8,16.6,1340039.36,301441.31
PJ-287536-22,NA,"Viginia Commonwealth, Library of Virginia",State/Local/Federal Government,NA,NA,Richmond,VA,Virginia,Richmond city,0,51760,23219,-77.43464,37.54145,2022,"Virginia Digital Newspaper Program, 2022-2024",National Digital Newspaper Program,Preservation and Access,219801,History,U.S. History,U.S. History,3.3,21.6,3795322.18,959407.37
GG-287552-22,NA,New York City of Dyckman Farmhouse Museum,Historical Site/House,NA,NA,New York,NY,New York,New York,0,36061,10034,-73.92263,40.86729,2022,Dyckman Discussions: A More Perfect Union in Inwood,Humanities Discussions,Public Programs,160000,History,African American History,African American History; U.S. History,4.6,17.2,78116853.73,12046710.530000001
PF-287567-22,157951,Western Kentucky University,University,6,0,Bowling Green,KY,Kentucky,Warren,0,21227,42101,-86.45507,36.98709,2022,Preservation Environment Improvement Project - Temperature and Dehumidification,Sustaining Cultural Heritage Collections,Preservation and Access,48384,History,Public History,Public History,3.7,18.4,395487.11,329488
PF-287568-22,196130,"SUNY Research Foundation, Buffalo State College",Center For Advanced Study/Research Institute,6,0,Buffalo,NY,New York,Erie,0,36029,14222,-78.8771,42.93334,2022,Preserving Collections at Buffalo State College: An Integrated Holistic Conservation and Preservation Approach,Sustaining Cultural Heritage Collections,Preservation and Access,40522,Arts,"Arts, Other","Arts, Other",3.7,13.2,3031666.7,702304
PJ-287579-22,100751,University of Alabama,Four-Year College,4,0,Tuscaloosa,AL,Alabama,Tuscaloosa,1,01125,35487,-87.54182,33.22002,2022,NDNP Alabama Digital Newspaper Project,National Digital Newspaper Program,Preservation and Access,311340,History,U.S. History,U.S. History,2.5,17,1343238.51,317340
GI-287587-22,NA,Baltimore Museum of Art,Art Museum,NA,NA,Baltimore,MD,Maryland,Baltimore city,0,24510,21218,-76.61896,39.32552,2022,Renaissance Woman,Exhibitions: Implementation,Public Programs,100000,Arts,Art History and Criticism,Art History and Criticism; Women's History,3.9,18.9,3788310,682000
PG-287593-22,NA,Nakashima Foundation for Peace,Historical Site/House,NA,NA,New Hope,PA,Pennsylvania,Bucks,0,42017,18938,-74.95381,40.33934,2022,Nakashima Archives Preservation,Preservation Assistance Grants,Preservation and Access,9407,Area Studies,Asian American Studies,Art History and Criticism; Asian American Studies; Cultural History,3.6,5.9,50323,50323
PG-287598-22,NA,American Baptist Churches in the USA,Historical Society,NA,NA,Atlanta,GA,Georgia,DeKalb,0,13089,30341,-84.26303,33.87648,2022,Planning for Future Accessions:  General Preservation Assessment,Preservation Assistance Grants,Preservation and Access,8021,History,"History, General","History, General",3.2,13.5,1817120.51,60651
PG-287609-22,NA,"Mercantile Library, The",Library,NA,NA,Cincinnati,OH,Ohio,Hamilton,0,39061,45202,-84.51099,39.10036,2022,Preservation Assessment for The Mercantile Library,Preservation Assistance Grants,Preservation and Access,8279,History,U.S. History,American Studies; U.S. History,3.6,15.6,2003700,89279
GG-287616-22,NA,Literary Classics of the United States,Publishing,NA,NA,New York,NY,New York,New York,0,36061,10022,-73.97124,40.76423,2022,400 Years of Latino Poetry,Humanities Discussions,Public Programs,849449,Literature,Latin American Literature,Latin American Literature,4.6,17.2,78116853.73,12046710.530000001
PG-287619-22,NA,Cooper Union for the Advancement of Science and Art,Four-Year College,NA,NA,New York,NY,New York,New York,0,36061,10003,-73.99006,40.72891,2022,To Assess and Preserve The Cooper Union's Archives and Special Collections,Preservation Assistance Grants,Preservation and Access,10000,History,U.S. History,Immigration History; U.S. History; Urban History,4.6,17.2,78116853.73,12046710.530000001
PJ-287622-22,218663,University of South Carolina,Four-Year College,3,0,Columbia,SC,South Carolina,Richland,0,45079,29208,-81.0252,33.99326,2022,Underrepresented Perspectives in South Carolina Newspapers,National Digital Newspaper Program,Preservation and Access,314620,History,Public History,Public History; U.S. History,3.2,16.2,3178952.8600000003,395494
PG-287663-22,157809,Thomas More University,Four-Year College,8,0,Crestview Hills,KY,Kentucky,Kenton,0,21117,41017,-84.56857,39.02385,2022,Inspiring Scholars: Preservation Assessment for the Special Collections Room at Thomas More University,Preservation Assistance Grants,Preservation and Access,10000,Interdisciplinary,"Interdisciplinary Studies, General","Interdisciplinary Studies, General; Religion, General",3.4,10.8,10000,10000
TR-287672-22,NA,WNET,University,NA,NA,New York,NY,New York,New York,0,36061,10019,-73.98644,40.76202,2022,The First Folio: The Making of Shakespeare,Media Projects Production,Public Programs,600000,Literature,"Literature, General","Literature, General",4.6,17.2,78116853.73,12046710.530000001
HAA-287675-22,189088,Bard College,Center For Advanced Study/Research Institute,9,0,Annandale-on-Hudson,NY,New York,Dutchess,0,36027,12504,-73.90364,42.02458,2022,Enhancing Accessibility of Site Content in Scalar for the Digital Publication of Indigenous Cultural Heritage Materials,Digital Humanities Advancement Grants,Digital Humanities,148546,Humanities,Anthropology,Anthropology; Native American Studies,3.1,9,1526523,604546
GI-287717-22,NA,Brooklyn Children's Museum Corporation,University,NA,NA,Brooklyn,NY,New York,Kings,0,36047,11213,-73.94436,40.67476,2022,Brooklyn Time Machine,Exhibitions: Implementation,Public Programs,499500,Arts,"Arts, Other","Arts, Other",5.9,19.8,7011052.99,1991025
TR-287720-22,NA,"Beverly Willis Architecture Foundation, Inc",National Organization,NA,NA,New York,NY,New York,New York,0,36061,10013,-74.00807,40.71681,2022,New Angle Voice: Pioneering Women of American Architecture Podcast,Media Projects Production,Public Programs,100000,History,Women's History,Architecture; Women's History,4.6,17.2,78116853.73,12046710.530000001
BP-287734-22,NA,Historic Cherry Hill,Historical Society,NA,NA,Albany,NY,New York,Albany,0,36001,12202,-73.76241,42.63509,2022,We Carry It Within Us: Reinterpretation at Historic Cherry Hill,Historic Places: Planning,Public Programs,48164,History,"History, General","History, General",3.1,14,1483153.6,269664
PG-287754-22,200800,"University of Akron, Main Campus",Publishing,4,0,Akron,OH,Ohio,Summit,0,39153,44325,-81.51048,41.07642,2022,Assessing the Structural and Mechanical Environment at the Cummings Center: A First Step Towards Improved Archival Storage,Preservation Assistance Grants,Preservation and Access,10000,Social Science,Psychology,History of Science; Psychology,4.1,12.6,10000,10000
PG-287756-22,NA,Bob Moog Foundation,University,NA,NA,Asheville,NC,North Carolina,Buncombe,1,37021,28801,-82.55222,35.59705,2022,Bob Moog Foundation Archives: General Assessment,Preservation Assistance Grants,Preservation and Access,6200,History,Cultural History,"Cultural History; History, Other",3,12.3,903300.45,155837
PG-287765-22,NA,"Women's Studio Workshop, Inc.",Arts-Related Organization,NA,NA,Kingston,NY,New York,Ulster,0,36111,12401,-74.08533,41.85798,2022,Preservation Assessment of the Women's Studio Workshop Archives,Preservation Assistance Grants,Preservation and Access,8510.94,Arts,"Arts, General","Arts, General",3.2,16.2,434505.94,8510.94
PG-287783-22,NA,Virginia Department of Historic Resources,State/Local/Federal Government,NA,NA,Richmond,VA,Virginia,Richmond city,0,51760,23221,-77.4733,37.55848,2022,"Improved Storage for Human Remains, Associated Grave Goods, and Objects from Sacred Contexts",Preservation Assistance Grants,Preservation and Access,9845.37,Humanities,Archaeology,Archaeology,3.3,21.6,3795322.18,959407.37
PG-287790-22,196291,"SUNY Research Foundation, Maritime College",Four-Year College,9,0,Bronx,NY,New York,Bronx,0,36005,10465,-73.80312,40.80974,2022,Preserving Oversized Maritime Heritage Collections at SUNY Maritime College,Preservation Assistance Grants,Preservation and Access,9595.34,History,Military History,Military History,7.9,27.6,1261876.04,119521.34
PG-287798-22,NA,"Old Merchants House of New York, Inc.",Historical Site/House,NA,NA,New York,NY,New York,New York,0,36061,10003,-73.99228,40.72755,2022,Assessment and Rehousing of the Textile Collection at Merchant's House Museum,Preservation Assistance Grants,Preservation and Access,8703.53,History,"History, General","History, General",4.6,17.2,78116853.73,12046710.530000001
PG-287800-22,NA,Carpenters Company of City and County of Philadelphia,University,NA,NA,Philadelphia,PA,Pennsylvania,Philadelphia,0,42101,19106,-75.14724,39.9487,2022,Conservation Assessments for Artifacts at Carpenters' Hall,Preservation Assistance Grants,Preservation and Access,15000,History,U.S. History,U.S. History,5,21.5,14436056.34,1906097
PG-287806-22,204024,"Miami University, Oxford",Center For Advanced Study/Research Institute,4,0,Oxford,OH,Ohio,Butler,0,39017,45056,-84.73473,39.51029,2022,Preservation Assessment for the Audio/Visual Collections of the Walter Havighurst Special Collections and Archives,Preservation Assistance Grants,Preservation and Access,10000,History,African American History,African American History; Media Studies,3.6,11.7,1756194.8,710773.34
PG-287812-22,NA,YIVO Institute for Jewish Research,Center For Advanced Study/Research Institute,NA,NA,New York,NY,New York,New York,0,36061,10011,-73.99332,40.73771,2022,Preserving the Jewish Labor and Political Archives at YIVO,Preservation Assistance Grants,Preservation and Access,9417,History,"History, General","History, General; Political History",4.6,17.2,78116853.73,12046710.530000001
PG-287815-22,232265,Hampton University,University,7,1,Hampton,VA,Virginia,Hampton city,0,51650,23668,-76.33816,37.02358,2022,Out of the Light and Into the Dark: Peabody Special Collections Window Treatment Installation Project,Preservation Assistance Grants,Preservation and Access,8745,History,African American History,African American History; African American Studies,3.7,14.4,181079,8745
PG-287820-22,NA,Albemarle County Historical Society,Historical Society,NA,NA,Charlottesville,VA,Virginia,Charlottesville city,0,51540,22902,-78.48013,38.03166,2022,General Preservation Assessment Project,Preservation Assistance Grants,Preservation and Access,10000,History,Public History,Public History,2.5,21.8,5667497.82,1269353
PG-287822-22,204796,Ohio State University,University,3,0,Columbus,OH,Ohio,Franklin,0,39049,43210,-83.0098,40.00011,2022,Preparation and Packing of Historic Garments for Temporary Storage During Building Renovation,Preservation Assistance Grants,Preservation and Access,10000,History,Women's History,Women's History,3.4,15.1,1472216.81,210000
PJ-287825-22,238032,West Virginia University Research Corporation,University,4,0,Morgantown,WV,West Virginia,Monongalia,1,54061,26505,-79.95663,39.65811,2022,West Virginia Digital Newspaper Project Cycle 6,National Digital Newspaper Program,Preservation and Access,221155,History,Public History,Public History,3.4,18.6,771198.9199999999,221155
PG-287832-22,NA,"Cabin Creek Center for Work and Environmental Studies, Inc.",Four-Year College,NA,NA,New York,NY,New York,New York,0,36061,10012,-73.99652,40.7238,2022,Cabin Creek Center's Film and Moving Image Archive Project,Preservation Assistance Grants,Preservation and Access,10000,Arts,"Arts, Other","Arts, Other; Film History and Criticism",4.6,17.2,78116853.73,12046710.530000001
PF-287860-22,NA,York County Heritage Trust,Historical Society,NA,NA,York,PA,Pennsylvania,York,0,42133,17403,-76.72275,39.96389,2022,York County History Center A-Wing Collections Storage Project,Sustaining Cultural Heritage Collections,Preservation and Access,36933,History,U.S. History,U.S. History,3.5,9.1,145372,36933
PG-287869-22,NA,"International Women's Air & Space Museum, Inc.",Museum,NA,NA,Cleveland,OH,Ohio,Cuyahoga,0,39035,44114,-81.68791,41.51106,2022,International Women's Air & Space Museum Collections Re-Housing and Collections Care Improvement Project,Preservation Assistance Grants,Preservation and Access,9997,History,Women's History,Women's History,4.8,16.6,1340039.36,301441.31
PF-287878-22,NA,Allen County Museum and Historical Society,History Museum,NA,NA,Lima,OH,Ohio,Allen,0,39003,45801,-84.11505,40.74008,2022,An Assessment of Unstable Environmental Conditions,Sustaining Cultural Heritage Collections,Preservation and Access,35194,History,"History, General","Arts, General; Cultural History; History, General",4.2,12.9,110194,35194
HAA-287938-22,214777,Pennsylvania State University,Four-Year College,3,0,University Park,PA,Pennsylvania,Centre,1,42027,16802,-77.85432,40.80366,2022,After Constable’s Clouds: Toward A Machine Learning Paradigm for Studying Pictorial Realism,Digital Humanities Advancement Grants,Digital Humanities,149981,Arts,Art History and Criticism,Art History and Criticism,3.3,16,2265848.84,755466
HAA-287945-22,NA,History Center in Tompkins County,Non-Profit Educational Center,NA,NA,Ithaca,NY,New York,Tompkins,1,36109,14850,-76.49357,42.43933,2022,HistoryForge: Mapping Census Data to Visualize Local HIstory,Digital Humanities Advancement Grants,Digital Humanities,145634,History,Public History,Public History,2.9,16,2959805.7,629537
DR-287980-22,199120,"University of North Carolina Press, Inc.",Publishing,3,0,Chapel Hill,NC,North Carolina,Orange,0,37135,27515,-79.03022,35.92769,2022,Open Access Edition of Atlantic Bonds: A Nineteenth-Century Odyssey from America to Africa by Lisa Lindsay,Fellowships Open Book Program,Digital Humanities,5500,History,African American History,African American History; U.S. History,3.1,13.3,1384311.22,144000
DR-287981-22,199120,"University of North Carolina Press, Inc.",Publishing,3,0,Chapel Hill,NC,North Carolina,Orange,0,37135,27515,-79.03022,35.92769,2022,Open Access edition of The Lumbee Indians: An American Struggle by Malinda Maynor Lowery,Fellowships Open Book Program,Digital Humanities,5500,History,U.S. History,U.S. History,3.1,13.3,1384311.22,144000
DR-287982-22,199120,"University of North Carolina Press, Inc.",Publishing,3,0,Chapel Hill,NC,North Carolina,Orange,0,37135,27515,-79.03022,35.92769,2022,Open Access edition of Discovering the South: One Man's Travels through a Changing America in the 1930s by Jennifer Ritterhouse,Fellowships Open Book Program,Digital Humanities,5500,History,U.S. History,U.S. History,3.1,13.3,1384311.22,144000
DR-287983-22,199120,"University of North Carolina Press, Inc.",Publishing,3,0,Chapel Hill,NC,North Carolina,Orange,0,37135,27515,-79.03022,35.92769,2022,Open Access edition of Corazón de Dixie: Mexicanos in the U.S. South since 1910 by Julie M. Weise,Fellowships Open Book Program,Digital Humanities,5500,History,Latino History,Latino History; U.S. History,3.1,13.3,1384311.22,144000
EH-288037-22,190576,"CUNY Research Foundation, Graduate School and University Center",Center For Advanced Study/Research Institute,3,0,New York,NY,New York,New York,0,36061,10016,-73.98421,40.74873,2022,Visual Culture of the American Civil War and Its Aftermath,Institutes for Higher Education Faculty,Education Programs,189824,History,U.S. History,U.S. History,4.6,17.2,78116853.73,12046710.530000001
EH-288044-22,NA,Rector and Visitors of the University of Virginia,Publishing,NA,NA,Charlottesville,VA,Virginia,Charlottesville city,0,51540,22903,-78.50208,38.05021,2022,"Revisiting Religion and Place in Light of Environmental, Legal and Indigenous Studies",Institutes for Higher Education Faculty,Education Programs,207916,Humanities,"Religion, General","Interdisciplinary Studies, General; Religion, General",2.5,21.8,5667497.82,1269353
ES-288047-22,NA,Rendell Center for Civics and Civic Engagement,Non-Profit Educational Center,NA,NA,Philadelphia,PA,Pennsylvania,Philadelphia,0,42101,19102,-75.16486,39.94905,2022,The First Amendment in 21st Century America,Institutes for K-12 Educators,Education Programs,124106,History,Legal History,Legal History; Political History,5,21.5,14436056.34,1906097
BH-288048-22,NA,"Thomas County Historical Society, Inc.",History Museum,NA,NA,Thomasville,GA,Georgia,Thomas,0,13275,31792,-83.98398,30.84603,2022,"The Quest for Freedom, 1865-1954",Landmarks of American History and Culture for K-12 Educators,Education Programs,186921,History,African American History,African American History; Cultural History; Military History,3.6,19.8,186921,186921
BH-288082-22,NA,Omohundro Institute of Early American History and Culture,Center For Advanced Study/Research Institute,NA,NA,Williamsburg,VA,Virginia,Williamsburg city,0,51830,23187,-76.70769,37.27542,2022,Hidden Histories of the Founding Era,Landmarks of American History and Culture for K-12 Educators,Education Programs,185460,History,"History, General","History, General",3.9,18.6,1988346.08,185460
EH-288086-22,206349,Ursuline College,Four-Year College,8,0,Pepper Pike,OH,Ohio,Cuyahoga,0,39035,44124,-81.46308,41.49617,2022,"Reading, Writing, and Teaching the Rust Belt: Co-creating Regional Humanities Ecosystems",Institutes for Higher Education Faculty,Education Programs,173680,Area Studies,Area Studies,Area Studies,4.8,16.6,1340039.36,301441.31
EH-288087-22,204796,Ohio State University,University,3,0,Columbus,OH,Ohio,Franklin,0,39049,43210,-83.0098,40.00011,2022,"Disease, Pandemics, and Public Health in the United States",Institutes for Higher Education Faculty,Education Programs,200000,History,"History and Philosophy of Science, Technology, and Medicine","History and Philosophy of Science, Technology, and Medicine; History of Science",3.4,15.1,1472216.81,210000
EH-288088-22,139861,Georgia College and State University,Four-Year College,6,0,Milledgeville,GA,Georgia,Baldwin,0,13009,31061,-83.22941,33.08087,2022,Reconsidering Flannery O'Connor,Institutes for Higher Education Faculty,Education Programs,235000,Literature,"Literature, General","History, General; Literature, General",4.1,24.1,394276.61,384994
ES-288093-22,214777,Pennsylvania State University,Four-Year College,3,0,University Park,PA,Pennsylvania,Centre,1,42027,16802,-77.85432,40.80366,2022,Making Holocaust and Genocide Education Relevant Through Inquiry and Classroom Application,Institutes for K-12 Educators,Education Programs,190000,Interdisciplinary,"Interdisciplinary Studies, General","Interdisciplinary Studies, General",3.3,16,2265848.84,755466
EH-288094-22,217882,Clemson University,University,4,0,Clemson,SC,South Carolina,Pickens,1,45077,29634,-82.82688,34.68163,2022,"Reconstructing the Black Archive: South Carolina as Case Study, 1739-1895",Institutes for Higher Education Faculty,Education Programs,197797,History,African American History,African American History,3.1,16,985048.5,197797
ES-288098-22,233921,Virginia Polytechnic Institute and State University,University,3,0,Blacksburg,VA,Virginia,Montgomery,1,51121,24061,-80.4191,37.22859,2022,"Crossing Divides: Connecting Veterans, Teachers and Students through Oral History",Institutes for K-12 Educators,Education Programs,162269,History,U.S. History,American Literature; Military History; U.S. History,2.7,21,1218224.98,341788
ES-288107-22,NA,Gilder Lehrman Institute of American History,University,NA,NA,New York,NY,New York,New York,0,36061,10036,-73.98047,40.75511,2022,The Making of America: Colonial Era to Reconstruction,Institutes for K-12 Educators,Education Programs,189726,History,U.S. History,U.S. History,4.6,17.2,78116853.73,12046710.530000001
EH-288124-22,NA,Pig Iron Theatre Company,Arts-Related Organization,NA,NA,Philadelphia,PA,Pennsylvania,Philadelphia,0,42101,19122,-75.13877,39.97262,2022,Preserving and Transmitting American Ensemble-Based Devised Theatre,Institutes for Higher Education Faculty,Education Programs,157998,Arts,Theater History and Criticism,Theater History and Criticism,5,21.5,14436056.34,1906097
ES-288127-22,NA,New York Historical Society,Historical Society,NA,NA,New York,NY,New York,New York,0,36061,10024,-73.97399,40.77909,2022,Preparing for America at 250: Women and the American Revolution,Institutes for K-12 Educators,Education Programs,175474,History,U.S. History,U.S. History; Women's History,4.6,17.2,78116853.73,12046710.530000001
ES-288135-22,NA,Historic Hudson Valley,Historical Site/House,NA,NA,Tarrytown,NY,New York,Westchester,0,36119,10591,-73.82421,41.10316,2022,Slavery in the Colonial North,Institutes for K-12 Educators,Education Programs,134900,History,African American History,African American History; American Studies,3.2,9.3,2797620.9,283460
ES-288136-22,NA,New York Public Library,Public Library,NA,NA,New York,NY,New York,New York,0,36061,10016,-73.98192,40.75188,2022,Harlem’s Education Movements: Changing the Civil Rights Narrative,Institutes for K-12 Educators,Education Programs,189145,History,U.S. History,African American History; U.S. History,4.6,17.2,78116853.73,12046710.530000001
BH-288140-22,102234,Spring Hill College,Four-Year College,8,0,Mobile,AL,Alabama,Mobile,0,01097,36608,-88.14806,30.68574,2022,"From Clotilda to Community: The History of Mobile, Alabama’s Africatown",Landmarks of American History and Culture for K-12 Educators,Education Programs,188165,Arts,"Arts, Other","African American History; Arts, Other",3.2,19.2,977783,188165
ES-288153-22,204024,"Miami University, Oxford",Center For Advanced Study/Research Institute,4,0,Oxford,OH,Ohio,Butler,0,39017,45056,-84.73473,39.51029,2022,Muslims in America’s Midwest: An Educator’s Guide to Past and Present,Institutes for K-12 Educators,Education Programs,160773.34,Humanities,Nonwestern Religion,American Literature; Nonwestern Religion; U.S. History,3.6,11.7,1756194.8,710773.34
HT-288201-22,190150,Trustees of Columbia University in the City of New York,Non-Profit Educational Center,3,0,New York,NY,New York,New York,0,36061,10032,-73.94104,40.84173,2022,Archives as Data: An Institute for Advanced Topics in the Digital Humanities,Institutes for Advanced Topics in the Digital Humanities,Digital Humanities,247399,History,"History, General","History, General; Social Sciences, General",4.6,17.2,78116853.73,12046710.530000001
DR-288219-22,190415,Cornell University,Four-Year College,3,0,Ithaca,NY,New York,Tompkins,1,36109,14850,-76.46515,42.43782,2022,Open-access edition of The Wolf King: Ibn Mardanish and the Construction of Power in al-Andalus by Abigail Krasner Balbale,Fellowships Open Book Program,Digital Humanities,5500,History,Medieval History,Medieval History,2.9,16,2959805.7,629537
DR-288237-22,198419,Duke University,Publishing,3,0,Durham,NC,North Carolina,Durham,0,37063,27705,-78.92459,36.00683,2022,Earth Beings: Ecologies of Practice Across Andean Worlds,Fellowships Open Book Program,Digital Humanities,5500,Humanities,Anthropology,Anthropology,3.2,11.1,4368610,361530
DR-288238-22,198419,Duke University,Publishing,3,0,Durham,NC,North Carolina,Durham,0,37063,27705,-78.92459,36.00683,2022,"A Sentimental Education for the Working Man: The Mexico City Penny Press, 1900-1910",Fellowships Open Book Program,Digital Humanities,5500,Area Studies,Latin American Studies,Gender Studies; Latin American Studies,3.2,11.1,4368610,361530
DR-288240-22,198419,Duke University,Publishing,3,0,Durham,NC,North Carolina,Durham,0,37063,27705,-78.92459,36.00683,2022,It's Been Beautiful: Soul! And Black Power Television,Fellowships Open Book Program,Digital Humanities,5500,Arts,Music History and Criticism,African American History; African American Studies; Music History and Criticism,3.2,11.1,4368610,361530
DR-288241-22,198419,Duke University,Publishing,3,0,Durham,NC,North Carolina,Durham,0,37063,27705,-78.92459,36.00683,2022,Queer African Cinemas,Fellowships Open Book Program,Digital Humanities,5500,Social Science,Gender Studies,African Studies; Gender Studies; Media Studies,3.2,11.1,4368610,361530
DR-288243-22,198419,Duke University,Publishing,3,0,Durham,NC,North Carolina,Durham,0,37063,27705,-78.92459,36.00683,2022,Bright Signals: A History of Color Television,Fellowships Open Book Program,Digital Humanities,5500,Arts,Media Studies,American Studies; Media Studies,3.2,11.1,4368610,361530
DR-288244-22,198419,Duke University,Publishing,3,0,Durham,NC,North Carolina,Durham,0,37063,27705,-78.92459,36.00683,2022,"Political Landscapes: Forests, Conservation, and Community in Mexico",Fellowships Open Book Program,Digital Humanities,5500,History,Latin American History,Latin American History; Latin American Studies,3.2,11.1,4368610,361530
FEL-288252-23,211440,Carnegie Mellon University,University,3,0,Pittsburgh,PA,Pennsylvania,Allegheny,1,42003,15213,-79.9433,40.44453,2022,"The Highlander Folk School and the Role of Education in the Long Civil Rights Movement, 1932-1984",Fellowships,Research Programs,60000,History,African American History,African American History; Intellectual History; U.S. History,3.9,11.3,5940946.359999999,918518
FEL-288312-23,221759,"University of Tennessee, Knoxville",Publishing,3,0,Knoxville,TN,Tennessee,Knox,1,47093,37916,-83.92774,35.9529,2022,Rationalizing Rape: The New Logic of Sexual Violence in Enlightenment France,Fellowships,Research Programs,30000,Social Science,Gender Studies,"French Literature; Gender Studies; History and Philosophy of Science, Technology, and Medicine",2.9,11.6,2097050.66,495586
FEL-288417-23,191515,Hamilton College,Four-Year College,9,0,Clinton,NY,New York,Oneida,0,36065,13323,-75.40491,43.05041,2022,"Guarding Photojournalism's Past, Building its Future: Cornell Capa and the International Center of Photography",Fellowships,Research Programs,60000,Arts,"History, Criticism, and Theory of the Arts","History, Criticism, and Theory of the Arts; Jewish Studies; Media Studies",3.6,15.8,267059,209487
FEL-288418-23,163286,"University of Maryland, College Park",University,3,0,College Park,MD,Maryland,Prince George's,0,24033,20742,-76.95018,38.9975,2022,Memento Mauri: the Afterlife of the Great Mosque of Cordoba,Fellowships,Research Programs,60000,Arts,"History, Criticism, and Theory of the Arts","Cultural History; History, Criticism, and Theory of the Arts; Near and Middle Eastern History",3.3,10.9,4393763.9399999995,1149412
DR-288439-23,198419,Duke University,Publishing,3,0,Durham,NC,North Carolina,Durham,0,37063,27705,-78.92459,36.00683,2022,Hawai’i Is My Haven: Race and Ingenuity in the Black Pacific,Fellowships Open Book Program,Digital Humanities,5500,Area Studies,African American Studies,African American Studies; American Studies; Native American Studies,3.2,11.1,4368610,361530
FEL-288440-23,157085,University of Kentucky Research Foundation,Four-Year College,3,0,Lexington,KY,Kentucky,Fayette,0,21067,40506,-84.50654,38.03919,2022,"Beijing at War: Negotiating Crises of Economy, Environment, and Security, 1850–1860",Fellowships,Research Programs,60000,History,East Asian History,East Asian History,3.2,14.9,1457528.43,140999
FEL-288450-23,163268,"University of Maryland, Baltimore County",University,4,0,Baltimore,MD,Maryland,Baltimore,0,24005,21250,-76.71442,39.25569,2022,"“We must take to the streets again”: The Black Power Resurgence in Conservative America, 1980-1997",Fellowships,Research Programs,40000,History,U.S. History,African American History; Political History; U.S. History,3,11,734447.9,330930
FEL-288467-23,163268,"University of Maryland, Baltimore County",University,4,0,Baltimore,MD,Maryland,Baltimore,0,24005,21250,-76.71442,39.25569,2022,Representation as a Form of Resistance: Documenting African American Spaces of Leisure during the Jim Crow Era,Fellowships,Research Programs,60000,Arts,Media Studies,African American History; American Studies; Media Studies,3,11,734447.9,330930
FEL-288468-23,221759,"University of Tennessee, Knoxville",Publishing,3,0,Knoxville,TN,Tennessee,Knox,1,47093,37916,-83.92774,35.9529,2022,"Between Dung and Blood: Ritual Purity, Sainthood, and Power in the Early Modern Mediterranean",Fellowships,Research Programs,60000,History,History of Religion,Area Studies; Comparative Literature; History of Religion,2.9,11.6,2097050.66,495586
HB-288540-23,190600,"CUNY Research Foundation, John Jay College",Four-Year College,6,0,New York,NY,New York,New York,0,36061,10019,-73.98906,40.77092,2022,Birdsong for the Anthropocene. The Poetry of Peter Reading.,Awards for Faculty,Research Programs,60000,Literature,British Literature,"British Literature; Interdisciplinary Studies, Other; Literary Criticism",4.6,17.2,78116853.73,12046710.530000001
FEL-288564-23,162928,Johns Hopkins University,Publishing,3,0,Baltimore,MD,Maryland,Baltimore city,0,24510,21218,-76.61787,39.33085,2022,"The Personhood Problem, From Corporations to Trees: Synthesizing Political and Philosophical Debates on Persons",Fellowships,Research Programs,60000,Interdisciplinary,"Interdisciplinary Studies, Other","Interdisciplinary Studies, Other; Legal History; Political Theory",3.9,18.9,3788310,682000
FEL-288569-23,216339,Temple University,University,4,0,Philadelphia,PA,Pennsylvania,Philadelphia,0,42101,19122,-75.15747,39.98021,2022,Literary Agents and American Literature,Fellowships,Research Programs,60000,Literature,American Literature,American Literature,5,21.5,14436056.34,1906097
FEL-288595-23,221759,"University of Tennessee, Knoxville",Publishing,3,0,Knoxville,TN,Tennessee,Knox,1,47093,37916,-83.92774,35.9529,2022,"Disinformation and the Illustrierter Beobachter, 1926–1945",Fellowships,Research Programs,60000,Language,German Language,German Language; Journalism; Media Studies,2.9,11.6,2097050.66,495586
FEL-288605-23,196088,"SUNY Research Foundation, University at Buffalo",University,3,0,Amherst,NY,New York,Erie,0,36029,14228,-78.7855,43.00266,2022,"On the logics of artificial intelligence and geographic information systems, with a case study in the Alas Merta Jati in Central Bali, Indonesia",Fellowships,Research Programs,30000,Arts,Media Studies,"Cultural Anthropology; History and Philosophy of Science, Technology, and Medicine; Media Studies",3.7,13.2,3031666.7,702304
FEL-288608-23,215062,Trustees of the University of Pennsylvania,University,3,0,Philadelphia,PA,Pennsylvania,Philadelphia,0,42101,19104,-75.19276,39.95298,2022,Cultural Arbitrage in the Age of Three Worlds: How Transnational Exchange Defined Cold War Cultures,Fellowships,Research Programs,40000,Literature,"Literature, General","Arts, General; Cultural History; Literature, General",5,21.5,14436056.34,1906097
DR-288671-23,198419,Duke University,Publishing,3,0,Durham,NC,North Carolina,Durham,0,37063,27705,-78.92459,36.00683,2022,Infamous Bodies: Early Black Women's Celebrity and the Afterlives of Rights,Fellowships Open Book Program,Digital Humanities,5500,Social Science,Gender Studies,African American Studies; Gender Studies; Women's History,3.2,11.1,4368610,361530
FEL-288743-23,214777,Pennsylvania State University,Individual,3,0,University Park,PA,Pennsylvania,Centre,1,42027,16802,-77.84524,40.78019,2022,"The Sword Outside, the Plague Within:’ The 1918 Influenza Pandemic in Europe",Fellowships,Research Programs,60000,History,European History,"Cultural History; European History; History and Philosophy of Science, Technology, and Medicine",3.3,16,2265848.84,755466
FEL-288796-23,232423,James Madison University,University,6,0,Harrisonburg,VA,Virginia,Harrisonburg city,0,51660,22807,-78.85951,38.42535,2022,Old Age in the Wake of the American Revolution,Fellowships,Research Programs,60000,History,U.S. History,Cultural History; U.S. History,3.3,28.5,216992,60000
FEL-288837-23,196060,"SUNY Research Foundation, Albany",Four-Year College,3,0,Albany,NY,New York,Albany,0,36001,12222,-73.83172,42.68798,2022,Phillis Wheatley Peters's Poetic Worlds: Peters’s Manuscript Poetry and Eighteenth-Century Atlantic Coteries,Fellowships,Research Programs,60000,Literature,American Literature,American Literature,3.1,14,1483153.6,269664
FEL-288873-23,199193,North Carolina State University,University,3,0,Raleigh,NC,North Carolina,Wake,0,37183,27695,-78.62526,35.79769,2022,"Levantine Joint-stock Companies and Global Capitalism, 1830-1930",Fellowships,Research Programs,60000,History,Near and Middle Eastern History,"Economic History; History, General; Near and Middle Eastern History",3.1,7.5,1354074.6,201000
FEL-288886-23,139931,Georgia Southern University Research and Service Foundation,University,5,0,Statesboro,GA,Georgia,Bulloch,0,13031,30460,-81.78261,32.42605,2022,"Making Paper in Mexico: A Material, Political, and Environmental History",Fellowships,Research Programs,60000,History,Latin American History,"History and Philosophy of Science, Technology, and Medicine; Labor History; Latin American History",3.5,23.8,66000,60000
FEL-289033-23,214777,Pennsylvania State University,Four-Year College,3,0,University Park,PA,Pennsylvania,Centre,1,42027,16802,-77.85432,40.80366,2022,The Invention of Colonialism: Myths of Slavery and Settlement in the Imaginary Genesis of Belize and Yucatan,Fellowships,Research Programs,60000,History,"History, Other","British History; History, Other; Latin American History",3.3,16,2265848.84,755466
FEL-289096-23,189088,Bard College,Center For Advanced Study/Research Institute,9,0,Annandale-on-Hudson,NY,New York,Dutchess,0,36027,12504,-73.90364,42.02458,2022,"Singing for Lenin in Soviet Ukraine: Children, Music, and the Communist Future",Fellowships,Research Programs,40000,Arts,Ethnomusicology,"Ethnomusicology; History, Other; Music History and Criticism",3.1,9,1526523,604546
FEL-289136-23,198419,Duke University,Publishing,3,0,Durham,NC,North Carolina,Durham,0,37063,27705,-78.92459,36.00683,2022,"The Emergence of the Concept of Opposite Sexes around 1800 in German Literature, Science, and Nature Philosophy",Fellowships,Research Programs,60000,Literature,German Literature,Gender Studies; German Literature,3.2,11.1,4368610,361530
FEL-289179-23,212009,Dickinson College,Four-Year College,9,0,Carlisle,PA,Pennsylvania,Cumberland,0,42041,17013,-77.19704,40.20106,2022,Unbroken Nostalgia: An Annotated Translation of the Haitian-Cuban Poetry by Hilario Batista (b. 1955),Fellowships,Research Programs,55000,Literature,Latin American Literature,Latin American Languages; Latin American Literature; Latin American Studies,3.2,7.9,289101,55000
FEL-289191-23,195030,University of Rochester,University,3,0,Rochester,NY,New York,Monroe,0,36055,14627,-77.62391,43.13182,2022,The Earth Songs of the Seneca Nation,Fellowships,Research Programs,60000,Arts,Ethnomusicology,Ethnomusicology; Music History and Criticism; Native American Studies,3.5,13.9,5554529.78,222485.09
FEL-289221-23,196079,"SUNY Research Foundation, Binghamton",Two-Year College,4,0,Binghamton,NY,New York,Broome,1,36007,13902,-75.96456,42.09521,2022,"Living Room Revolutions: Black and Brown Women Collecting Records, Selecting Sounds, and Making New Worlds in the 1970s Bronx and Beyond",Fellowships,Research Programs,60000,Area Studies,African American Studies,African American Studies; American Studies; Women's History,3.9,19.5,600707.48,60000
FEL-289364-23,NA,American University of Beirut,University,NA,NA,New York,NY,New York,New York,0,36061,10017,-73.96974,40.75304,2022,TV Costume Dramas and the Consumption of History in Turkey and Beyond,Fellowships,Research Programs,60000,Arts,Media Studies,Media Studies; Turkish Studies,4.6,17.2,78116853.73,12046710.530000001
FEL-289376-23,163286,"University of Maryland, College Park",University,3,0,College Park,MD,Maryland,Prince George's,0,24033,20742,-76.95018,38.9975,2022,Astrology and the Construction of Historical Knowledge in Early Islam,Fellowships,Research Programs,60000,History,Near and Middle Eastern History,Cultural History; Medieval History; Near and Middle Eastern History,3.3,10.9,4393763.9399999995,1149412
FEL-289392-23,191241,Fordham University,Publishing,4,0,Bronx,NY,New York,Bronx,0,36005,10458,-73.88788,40.86011,2022,"A Cultural History of the Working Family in Postindustrial America, 1970-2020",Fellowships,Research Programs,60000,History,U.S. History,Cultural History; U.S. History; Women's History,7.9,27.6,1261876.04,119521.34
FEL-289415-23,190415,Cornell University,Four-Year College,3,0,Ithaca,NY,New York,Tompkins,1,36109,14850,-76.46515,42.43782,2022,Law Between Empires: The Impeachment of Warren Hastings (1787-1795) and the Origins of the Modern State in Britain and India,Fellowships,Research Programs,60000,History,British History,British History; Intellectual History; South Asian History,2.9,16,2959805.7,629537
FEL-289427-23,214777,Pennsylvania State University,Four-Year College,3,0,University Park,PA,Pennsylvania,Centre,1,42027,16802,-77.85432,40.80366,2022,"Poverty, Exile, and Banditry in Early Modern Spain",Fellowships,Research Programs,60000,History,European History,European History; Renaissance History,3.3,16,2265848.84,755466
FEL-289438-23,201645,Case Western Reserve University,University,3,0,Cleveland,OH,Ohio,Cuyahoga,0,39035,44106,-81.60929,41.5055,2022,The Money Launderer’s Daughter: A Tunisian Woman and a Slave Rumor in the Early Modern Mediterranean,Fellowships,Research Programs,50000,History,European History,"European History; History, Other",4.8,16.6,1340039.36,301441.31
FEL-289441-23,195809,"St. John's University, New York",Four-Year College,5,0,Queens,NY,New York,Queens,0,36081,11439,-73.79297,40.72167,2022,"Mothers, Milk, and Money: A History of Infant Feeding in the United States, 1850s-Present",Fellowships,Research Programs,40000,History,Women's History,Labor History; U.S. History; Women's History,5.3,13.1,2433038.77,283371
FEL-289492-23,204024,"Miami University, Oxford",Center For Advanced Study/Research Institute,4,0,Oxford,OH,Ohio,Butler,0,39017,45056,-84.73473,39.51029,2022,Patriarch Tikhon and the Orthodox Church in Revolutionary Russia,Fellowships,Research Programs,40000,History,Russian History,History of Religion; Russian History,3.6,11.7,1756194.8,710773.34
FEL-289515-23,199193,North Carolina State University,University,3,0,Raleigh,NC,North Carolina,Wake,0,37183,27695,-78.62526,35.79769,2022,Maritime Connections and Japanese World-Making in the 1950s-1960s,Fellowships,Research Programs,60000,History,East Asian History,"East Asian History; History, Other",3.1,7.5,1354074.6,201000
FEL-289520-23,162928,Johns Hopkins University,Publishing,3,0,Baltimore,MD,Maryland,Baltimore city,0,24510,21218,-76.61787,39.33085,2022,The American Palimpsest: A Layered History of Persistence and Change,Fellowships,Research Programs,60000,History,U.S. History,"History, General; Intellectual History; U.S. History",3.9,18.9,3788310,682000
HB-289574-23,141060,Spelman College,Four-Year College,9,1,Atlanta,GA,Georgia,Fulton,0,13121,30314,-84.4087,33.74512,2022,“Brown Looks: Theories of Brown Queer Filmmaking Since 9/11”,Awards for Faculty,Research Programs,25000,Arts,Film History and Criticism,Film History and Criticism,3.3,12.7,2230578.12,25000
HB-289590-23,199157,North Carolina Central University,Four-Year College,6,1,Durham,NC,North Carolina,Durham,0,37063,27707,-78.90113,35.97415,2022,"Training ‘the Right Kind of Africans’: U.S. International Education, Western Liberalism, and The Cold War in Africa",Awards for Faculty,Research Programs,60000,History,U.S. History,African History; Diplomatic History; U.S. History,3.2,11.1,4368610,361530
HB-289596-23,190628,"CUNY Research Foundation, LaGuardia Community College",Two-Year College,1,0,Long Island City,NY,New York,Queens,0,36081,11101,-73.93514,40.74395,2022,"America's Russia: The Bolshevik Revolution, Eurasianism, and the Race of Radicalism",Awards for Faculty,Research Programs,60000,Area Studies,American Studies,American Literature; American Studies; Ethnic Studies,5.3,13.1,2433038.77,283371
FEL-289683-23,195030,University of Rochester,University,3,0,Rochester,NY,New York,Monroe,0,36055,14627,-77.62391,43.13182,2022,"Emotions, Experience and the End of the World: The Red Army, 1941-1942",Fellowships,Research Programs,60000,History,Russian History,Military History; Phenomenology - Existentialism; Russian History,3.5,13.9,5554529.78,222485.09
FEL-289685-23,196097,"SUNY Research Foundation, Stony Brook",University,3,0,Stony Brook,NY,New York,Suffolk,0,36103,11794,-73.12433,40.90982,2022,The High School Canon: The History of a Civic Tradition,Fellowships,Research Programs,60000,Literature,"Literature, General","American Literature; American Studies; Literature, General",3.2,6.8,755203,60000
FEL-289729-23,232186,George Mason University,Four-Year College,4,0,Fairfax,VA,Virginia,Fairfax,0,51059,22030,-77.30756,38.83542,2022,Between Piney Woods and Cotton Fields: Tracing Racist Violence Through Family Networks of Northern Louisiana,Fellowships,Research Programs,60000,History,U.S. History,African American History; Gender Studies; U.S. History,2.4,5.9,3509975.9699999997,119129.54000000001
FEL-289781-23,233921,Virginia Polytechnic Institute and State University,University,3,0,Blacksburg,VA,Virginia,Montgomery,1,51121,24061,-80.4191,37.22859,2022,"Place, Memory, Poetry, and the James A. Emanuel’s Papers at the Library of Congress",Fellowships,Research Programs,45000,Literature,American Literature,"American Literature; Literature, Other; Media Studies",2.7,21,1218224.98,341788
FEL-289801-23,193900,New York University,Individual,NA,NA,New York,NY,New York,Lancaster,0,42071,10012,-76.25335,40.08204,2022,Analyzing the Connections Between Choreography and Music in Ballets by George Balanchine,Fellowships,Research Programs,60000,Arts,Music History and Criticism,Dance History and Criticism; Music History and Criticism,3.3,9.1,520044,60000
FO-289831-23,190664,Adelphi University,University,NA,NA,Garden City,NY,New York,Nassau,0,36059,11530,-73.66409,40.72272,2022,"The disorder of killing in the Pacific War: the colonial soldiers, forced laborers and local peoples at the Japanese empire’s edge",Fellowships for Advanced Social Science Research on Japan,Research Programs,60000,History,East Asian History,Cultural History; East Asian History; Military History,2.9,5.6,852541.01,66000
SO-289869-23,NA,Humanities New York,National Organization,NA,NA,New York,NY,New York,New York,0,36061,10038,-74.01036,40.70921,2022,State or Jurisdictional Humanities Program,State Humanities Councils General Operating Support Grants,Federal/State Partnership,4555155,Interdisciplinary,"Interdisciplinary Studies, Other","Interdisciplinary Studies, Other",4.6,17.2,78116853.73,12046710.530000001
AH-289876-22,NA,"National History Day, Inc.",Non-Profit Educational Center,NA,NA,College Park,MD,Maryland,Prince George's,0,24033,20740,-76.92891,38.99635,2022,A More Perfect Union: America at 250 Cooperative Agreement Proposal 2023–2026,Cooperative Agreements and Special Projects (Education),Education Programs,647757,Unspecified,NA,NA,3.3,10.9,4393763.9399999995,1149412
AA-289905-23,195164,St. Bonaventure University,University,6,0,St. Bonaventure,NY,New York,Cattaraugus,1,36009,14778,-78.4859,42.08337,2022,Native American and Indigenous Studies in the General Education Curriculum,Humanities Initiatives at Colleges and Universities,Education Programs,147389,Area Studies,Native American Studies,Native American Studies,4.1,16.2,237435,182313
AA-289908-23,213668,Lycoming College,Four-Year College,9,0,Williamsport,PA,Pennsylvania,Lycoming,1,42081,17701,-77.00254,41.24626,2022,Enhancing the Digital Humanities as Experiential Undergraduate Research,Humanities Initiatives at Colleges and Universities,Education Programs,150000,Interdisciplinary,"Interdisciplinary Studies, General","Interdisciplinary Studies, General",4.4,12,150000,150000
AE-289970-23,190628,"CUNY Research Foundation, LaGuardia Community College",Two-Year College,1,0,Long Island City,NY,New York,Queens,0,36081,11101,-73.93514,40.74395,2022,Oral History in Interdisciplinary Community College Pedagogy: Centering the Community in the Classroom,Humanities Initiatives at Community Colleges,Education Programs,148391,History,Public History,"Interdisciplinary Studies, Other; Public History",5.3,13.1,2433038.77,283371
AC-289976-23,196060,Research Foundation for the State University of New York,University,3,0,Albany,NY,New York,Albany,0,36001,12207,-73.7523,42.64975,2022,Building Community and Belonging for Hispanic Students through the Humanities,Humanities Initiatives at Hispanic-Serving Institutions,Education Programs,150000,History,Latin American History,Latin American History; Spanish Language; Spanish Literature,3.1,14,1483153.6,269664
AA-289980-23,139861,Georgia College and State University,Four-Year College,6,0,Milledgeville,GA,Georgia,Baldwin,0,13009,31061,-83.22941,33.08087,2022,Flannery O'Connor and Milledgeville: Collecting the Past,Humanities Initiatives at Colleges and Universities,Education Programs,149994,History,"History, Other","History, Other",4.1,24.1,394276.61,384994
AA-289997-23,191515,Hamilton College,Four-Year College,9,0,Clinton,NY,New York,Oneida,0,36065,13323,-75.40491,43.05041,2022,Curatorial Studies: Expanding the Impact of the Humanities through Interdisciplinary and Experiential Partnerships,Humanities Initiatives at Colleges and Universities,Education Programs,149487,Interdisciplinary,"Interdisciplinary Studies, Other","Interdisciplinary Studies, Other",3.6,15.8,267059,209487
CHA-290085-23,NA,North Country Children's Museum,General Museum,NA,NA,Potsdam,NY,New York,St. Lawrence,0,36089,13676,-74.98901,44.66981,2022,Second Floor Capital Project Phase II,Infrastructure and Capacity Building Challenge Grants,Challenge Programs,100000,Interdisciplinary,"Interdisciplinary Studies, General","Interdisciplinary Studies, General",4.2,17.5,200382,142182
PE-290097-23,196130,"SUNY Research Foundation, Buffalo State College",Center For Advanced Study/Research Institute,6,0,Buffalo,NY,New York,Erie,0,36029,14222,-78.8771,42.93334,2022,Fellowships for Graduate Students in the Conservation of Cultural Heritage and Art,Preservation and Access Education and Training,Preservation and Access,250000,Arts,"Arts, Other","Arts, Other",3.7,13.2,3031666.7,702304
CHA-290100-24,204024,"Miami University, Oxford",Center For Advanced Study/Research Institute,4,0,Oxford,OH,Ohio,Butler,0,39017,45056,-84.73473,39.51029,2022,A New Humanities Hub at Miami University,Infrastructure and Capacity Building Challenge Grants,Challenge Programs,500000,Interdisciplinary,"Interdisciplinary Studies, General","Interdisciplinary Studies, General",3.6,11.7,1756194.8,710773.34
PR-290105-23,157085,University of Kentucky Research Foundation,Four-Year College,3,0,Lexington,KY,Kentucky,Fayette,0,21067,40506,-84.50654,38.03919,2022,Whose History Are We Preserving?: Mapping the Gaps of the National Register of Historic Places from Racial and Ethnic Historical Perspectives,Research and Development,Preservation and Access,74999,History,"History, Other","History, Other; Interdisciplinary Studies, Other",3.2,14.9,1457528.43,140999
PE-290109-23,NA,Conservation Center for Art and Historic Artifacts,Non-Profit Educational Center,NA,NA,Philadelphia,PA,Pennsylvania,Philadelphia,0,42101,19103,-75.1789,39.94974,2022,Preservation Services in Puerto Rico,Preservation and Access Education and Training,Preservation and Access,344837,History,"History, Other","History, Other",5,21.5,14436056.34,1906097
CHA-290111-24,NA,Brooklyn Children's Museum Corporation,University,NA,NA,Brooklyn,NY,New York,Kings,0,36047,11213,-73.94436,40.67476,2022,Brooklyn Children’s Museum’s Geothermal Well Repair and Rehabilitation,Infrastructure and Capacity Building Challenge Grants,Challenge Programs,287000,Interdisciplinary,"Interdisciplinary Studies, General","Interdisciplinary Studies, General; Social Sciences, General",5.9,19.8,7011052.99,1991025
CHA-290117-23,NA,Historical Society of Pennsylvania,Historical Society,NA,NA,Philadelphia,PA,Pennsylvania,Philadelphia,0,42101,19107,-75.16238,39.94784,2022,Securing the Digital Future of HSP,Infrastructure and Capacity Building Challenge Grants,Challenge Programs,145668,History,U.S. History,Public History; U.S. History,5,21.5,14436056.34,1906097
CHA-290121-24,NA,National Museum of Industrial History,History Museum,NA,NA,Bethlehem,PA,Pennsylvania,Northampton,0,42095,18015,-75.37132,40.61206,2022,Second Floor Expansion Project,Infrastructure and Capacity Building Challenge Grants,Challenge Programs,500000,History,"History, Other","History, Other; Labor History",3.9,10.6,1295725.72,500000
PE-290134-23,176080,Mississippi State University,University,3,0,Mississippi State,MS,Mississippi,Oktibbeha,1,28105,39762,-88.78506,33.45747,2022,Developing a Decolonial Field School: Teaching Community-Engaged and Decolonial Collection and Preservation Methods through a Field School Approach,Preservation and Access Education and Training,Preservation and Access,347959,Humanities,Anthropology,Anthropology; Archaeology; Cultural Anthropology,4,23.6,703819,353959
PR-290136-23,NA,"Ithaka Harbors, Inc.",Publishing,NA,NA,New York,NY,New York,New York,0,36061,10006,-74.01348,40.70794,2022,Preserving Their Stories: Archiving Mass Incarceration,Research and Development,Preservation and Access,73593,Social Science,"Social Sciences, General","American Studies; Arts, Other; Social Sciences, General",4.6,17.2,78116853.73,12046710.530000001
PE-290153-23,193900,New York University,Publishing,3,0,New York,NY,New York,New York,0,36061,10012,-73.99706,40.7299,2022,Practical Training in Media Archiving: Educating for the Ever-Changing Preservation Landscape,Preservation and Access Education and Training,Preservation and Access,348580,Arts,Film History and Criticism,Film History and Criticism,4.6,17.2,78116853.73,12046710.530000001
PE-290156-23,NA,Metropolitan Museum of Art,Museum,NA,NA,New York,NY,New York,New York,0,36061,10028,-73.9622,40.7789,2022,Preservation Training Initiative: Pre-Program Conservation Internships at The Met,Preservation and Access Education and Training,Preservation and Access,236050,Arts,Art History and Criticism,"Art History and Criticism; Arts, General",4.6,17.2,78116853.73,12046710.530000001
CHA-290178-23,NA,Green-Wood Historic Fund Inc.,Historical Society,NA,NA,Brooklyn,NY,New York,Kings,0,36047,11232,-73.9961,40.6592,2022,Center for Research,Infrastructure and Capacity Building Challenge Grants,Challenge Programs,500000,Interdisciplinary,"Interdisciplinary Studies, General","Interdisciplinary Studies, General; U.S. History",5.9,19.8,7011052.99,1991025
MT-290202-23,233921,Virginia Polytechnic Institute and State University,University,3,0,Blacksburg,VA,Virginia,Montgomery,1,51121,24061,-80.4191,37.22859,2022,"Experiencing Civil War History Through Augmented Reality: Soldiers, Civilians, and the Environment at Pamplin Historical Park",Digital Projects for the Public: Prototyping Grants,Public Programs,98519,History,U.S. History,U.S. History,2.7,21,1218224.98,341788
MN-290271-23,NA,WNET,University,NA,NA,New York,NY,New York,New York,0,36061,10019,-73.98644,40.76202,2022,Mission US: Spirit of a Nation,Digital Projects for the Public: Production Grants,Public Programs,399207,History,U.S. History,U.S. History,4.6,17.2,78116853.73,12046710.530000001
MT-290282-23,NA,"Jane Austen Summer Program, Inc.",Community-Level Organization,NA,NA,Chapel Hill,NC,North Carolina,Orange,0,37135,27514,-79.02971,35.93974,2022,Jane Austen's Desk: The Prototype,Digital Projects for the Public: Prototyping Grants,Public Programs,100000,Literature,British Literature,"British History; British Literature; Interdisciplinary Studies, Other",3.1,13.3,1384311.22,144000
MN-290290-23,NA,"National Comedy Center Operator, Inc.",Museum,NA,NA,Jamestown,NY,New York,Chautauqua,1,36013,14701,-79.24567,42.09461,2022,Discovering Lucy and Desi: Producing Interpretive Content on the First Couple of Comedy,Digital Projects for the Public: Production Grants,Public Programs,379410,History,Cultural History,Cultural History,4,17.6,385410,379410
MD-290292-23,NA,Dialogue Institute,Non-Profit Educational Center,NA,NA,Philadelphia,PA,Pennsylvania,Philadelphia,0,42101,19121,-75.15832,39.97906,2022,Diversity in Early America Tour App,Digital Projects for the Public: Discovery Grants,Public Programs,29645,History,U.S. History,History of Religion; Public History; U.S. History,5,21.5,14436056.34,1906097
HAA-290339-23,216339,Temple University,University,4,0,Philadelphia,PA,Pennsylvania,Philadelphia,0,42101,19122,-75.15747,39.98021,2022,Ars Antiqua Online: A Digital Edition of Thirteenth-Century Polyphony,Digital Humanities Advancement Grants,Digital Humanities,149680,Arts,Music History and Criticism,Music History and Criticism,5,21.5,14436056.34,1906097
HAA-290349-23,NA,Rector and Visitors of the University of Virginia,Publishing,NA,NA,Charlottesville,VA,Virginia,Charlottesville city,0,51540,22903,-78.50208,38.05021,2022,"Literature in Context: An Open Anthology of Literature, 1400-1925",Digital Humanities Advancement Grants,Digital Humanities,303104,Literature,British Literature,American Literature; British Literature,2.5,21.8,5667497.82,1269353
HAA-290373-23,215293,University of Pittsburgh,Four-Year College,3,0,Pittsburgh,PA,Pennsylvania,Allegheny,1,42003,15260,-79.95595,40.44347,2022,World Historical Gazetteer: Toward a Digital Epistemology of Place,Digital Humanities Advancement Grants,Digital Humanities,349797,History,"History, Other","History, Other",3.9,11.3,5940946.359999999,918518
HAA-290374-23,190415,Cornell University,Four-Year College,3,0,Ithaca,NY,New York,Tompkins,1,36109,14850,-76.46515,42.43782,2022,BERT for Humanists,Digital Humanities Advancement Grants,Digital Humanities,286903,Literature,"Literature, General","Literature, General",2.9,16,2959805.7,629537
HAA-290391-23,191241,Fordham University,Publishing,4,0,Bronx,NY,New York,Bronx,0,36005,10458,-73.88788,40.86011,2022,Manifest:  Digital Humanities Platform for the Critical Study of Logistics,Digital Humanities Advancement Grants,Digital Humanities,49926,Social Science,Communications,Communications; Media Studies,7.9,27.6,1261876.04,119521.34
HAA-290392-23,190576,"CUNY Research Foundation, Graduate School and University Center",Center For Advanced Study/Research Institute,3,0,New York,NY,New York,New York,0,36061,10016,-73.98421,40.74873,2022,DHRIFT: Digital Humanities Resource Infrastructure for Teaching Technology,Digital Humanities Advancement Grants,Digital Humanities,349887,Interdisciplinary,"Interdisciplinary Studies, General","Interdisciplinary Studies, General",4.6,17.2,78116853.73,12046710.530000001
DR-290413-23,193900,New York University,Publishing,3,0,New York,NY,New York,New York,0,36061,10012,-73.99706,40.7299,2022,Open-access edition of Sitting in Darkness: Mark Twain's Asia and Comparative Racialization by Hsuan L. Hsu,Fellowships Open Book Program,Digital Humanities,5500,Literature,American Literature,American Literature,4.6,17.2,78116853.73,12046710.530000001
DR-290414-23,193900,New York University,Publishing,3,0,New York,NY,New York,New York,0,36061,10012,-73.99706,40.7299,2022,Open-access edition of Loving Justice: Legal Emotions in Blackstone's England by Kathryn D. Temple,Fellowships Open Book Program,Digital Humanities,5500,History,Legal History,Legal History,4.6,17.2,78116853.73,12046710.530000001
DR-290429-23,199120,"University of North Carolina Press, Inc.",Publishing,3,0,Chapel Hill,NC,North Carolina,Orange,0,37135,27515,-79.03022,35.92769,2022,Open Access Edition of Game of Privilege: An African American History of Golf by Lane Demas,Fellowships Open Book Program,Digital Humanities,5500,History,African American History,African American History,3.1,13.3,1384311.22,144000
DR-290430-23,199120,"University of North Carolina Press, Inc.",Publishing,3,0,Chapel Hill,NC,North Carolina,Orange,0,37135,27515,-79.03022,35.92769,2022,Open Access Edition of Half in Shadow: The Life and Legacy of Nellie Y. McKay by Shanna Greene Benjamin,Fellowships Open Book Program,Digital Humanities,5500,Area Studies,African American Studies,African American Studies; Gender Studies,3.1,13.3,1384311.22,144000
DR-290431-23,199120,"University of North Carolina Press, Inc.",Publishing,3,0,Chapel Hill,NC,North Carolina,Orange,0,37135,27515,-79.03022,35.92769,2022,Open Access Edition of Technocrats and the Politics of Drought and Development in Twentieth-Century Brazil by Eve E. Buckley,Fellowships Open Book Program,Digital Humanities,5500,Area Studies,Latin American Studies,Latin American History; Latin American Studies,3.1,13.3,1384311.22,144000
DR-290432-23,199120,"University of North Carolina Press, Inc.",Publishing,3,0,Chapel Hill,NC,North Carolina,Orange,0,37135,27515,-79.03022,35.92769,2022,"Open Access Edition of Medicine, Science, and Making Race in Civil War America by Leslie A. Schwalm",Fellowships Open Book Program,Digital Humanities,5500,History,U.S. History,"African American Studies; History and Philosophy of Science, Technology, and Medicine; U.S. History",3.1,13.3,1384311.22,144000
PW-290435-23,232186,George Mason University,Four-Year College,4,0,Fairfax,VA,Virginia,Fairfax,0,51059,22030,-77.30756,38.83542,2023,Mapping American Religious Ecologies: The 1926 U.S. Census of Religious Bodies,Humanities Collections and Reference Resources,Preservation and Access,350000,History,"History, General","History, General",2.5,NA,3509975.9699999997,1018809
DR-290440-23,221999,Vanderbilt University,Four-Year College,3,0,Nashville,TN,Tennessee,Davidson,0,47037,37203,-86.80065,36.14959,2022,Open-Access Edition of Manifold Destiny: Arabs at an American Crossroads of Exceptional Rule,Fellowships Open Book Program,Digital Humanities,5500,History,Latin American History,Latin American History,2.8,14,3331367.6799999997,155450
DR-290443-23,196060,Research Foundation for the State University of New York,University,3,0,Albany,NY,New York,Albany,0,36001,12207,-73.7523,42.64975,2022,Open-access edition of Material Acts in Everyday Hindu Worlds by Joyce Burkhalter Flueckiger,Fellowships Open Book Program,Digital Humanities,5500,Area Studies,South Asian Studies,South Asian Studies,3.1,14,1483153.6,269664
DR-290452-23,190415,Cornell University,Four-Year College,3,0,Ithaca,NY,New York,Tompkins,1,36109,14850,-76.46515,42.43782,2022,"Open-access edition of Making Uzbekistan: Nation, Empire, and Revolution in the Early USSR by Adeeb Khalid",Fellowships Open Book Program,Digital Humanities,5500,History,Russian History,Intellectual History; Russian History,2.9,16,2959805.7,629537
DR-290453-23,190415,Cornell University,Four-Year College,3,0,Ithaca,NY,New York,Tompkins,1,36109,14850,-76.46515,42.43782,2022,"Open-access edition of Unbuttoning America: A Biography of ""Peyton Place"" by Ardis Cameron",Fellowships Open Book Program,Digital Humanities,5500,Literature,American Literature,American Literature; American Studies,2.9,16,2959805.7,629537
DR-290456-23,190415,Cornell University,Four-Year College,3,0,Ithaca,NY,New York,Tompkins,1,36109,14850,-76.46515,42.43782,2022,Open-access edition of An Academy at the Court of the Tsars: Greek Scholars and Jesuit Education in Early Modern Russia by Nikolaos A. Chrissidis,Fellowships Open Book Program,Digital Humanities,5500,History,Russian History,Intellectual History; Russian History,2.9,16,2959805.7,629537
DR-290457-23,190415,Cornell University,Four-Year College,3,0,Ithaca,NY,New York,Tompkins,1,36109,14850,-76.46515,42.43782,2022,Open-access edition of Incidental Archaeologists: French Officers and the Rediscovery of Roman North Africa by Bonnie Effros,Fellowships Open Book Program,Digital Humanities,5500,History,European History,Archaeology; European History,2.9,16,2959805.7,629537
DR-290458-23,190415,Cornell University,Four-Year College,3,0,Ithaca,NY,New York,Tompkins,1,36109,14850,-76.46515,42.43782,2022,Open-access edition of Suspect Saints and Holy Heretics: Disputed Sanctity and Communal Identity in Late Medieval Italy by Janine Larmon Peterson,Fellowships Open Book Program,Digital Humanities,5500,History,Medieval History,History of Religion; Medieval History,2.9,16,2959805.7,629537
DR-290459-23,190415,Cornell University,Four-Year College,3,0,Ithaca,NY,New York,Tompkins,1,36109,14850,-76.46515,42.43782,2022,Open-access edition of Russian Hajj: Empire and the Pilgrimage to Mecca by Eileen Kane,Fellowships Open Book Program,Digital Humanities,5500,History,Russian History,Comparative Religion; Russian History,2.9,16,2959805.7,629537
DR-290460-23,190415,Cornell University,Four-Year College,3,0,Ithaca,NY,New York,Tompkins,1,36109,14850,-76.46515,42.43782,2022,Open-access edition of Invisible Weapons: Liturgy and the Making of Crusade Ideology by M. Cecilia Gaposchkin,Fellowships Open Book Program,Digital Humanities,5500,History,Medieval History,History of Religion; Medieval History,2.9,16,2959805.7,629537
HC-290491-22,233921,Virginia Polytechnic Institute and State University,University,3,0,Blacksburg,VA,Virginia,Montgomery,1,51121,24061,-80.4191,37.22859,2022,"Shared Horizons II: Data, Health and the Digital Humanities (DH2)",Cooperative Agreements and Special Projects (Digital Humanities),Digital Humanities,30000,History,History of Science,Digital Humanities,2.7,21,1218224.98,341788
PW-290499-23,NA,Presbyterian Historical Society,Historical Society,NA,NA,Philadelphia,PA,Pennsylvania,Philadelphia,0,42101,19147,-75.14974,39.94282,2023,"Digitizing the Religious News Service Photograph Collection, 1945-1982",Humanities Collections and Reference Resources,Preservation and Access,330678,History,U.S. History,"Media Studies; Religion, General; U.S. History",4.2,NA,14436056.34,2496983
PW-290501-23,157289,University of Louisville,University,3,0,Louisville,KY,Kentucky,Jefferson,0,21111,40292,-85.76194,38.21556,2023,Early Life in the Lower Ohio River Valley: Digitally Cataloging Culturally-Significant Archaeological Collections,Humanities Collections and Reference Resources,Preservation and Access,44089,Humanities,Archaeology,Archaeology,3.9,NA,918894,144089
PW-290502-23,238032,West Virginia University Research Corporation,University,4,0,Morgantown,WV,West Virginia,Monongalia,1,54061,26505,-79.95663,39.65811,2023,The American Congress Digital Archives Portal Project,Humanities Collections and Reference Resources,Preservation and Access,349580,Social Science,American Government,American Government; U.S. History,3.1,NA,771198.9199999999,349580
PW-290509-23,NA,YIVO Institute for Jewish Research,Center For Advanced Study/Research Institute,NA,NA,New York,NY,New York,New York,0,36061,10011,-73.99332,40.73771,2023,Jewish Labor and Political Archives Project,Humanities Collections and Reference Resources,Preservation and Access,349524,History,U.S. History,Immigration History; Labor History; U.S. History,4.6,NA,78116853.73,9070702.95
PW-290532-23,203517,Kent State University,Four-Year College,4,0,Kent,OH,Ohio,Portage,0,39133,44242,-81.3513,41.15366,2023,Pauline Trigere: Fifty years of American fashion entrepreneurship and design: Kent State University,Humanities Collections and Reference Resources,Preservation and Access,165858,Arts,"Arts, Other","Arts, Other",3.5,NA,528346.72,165858
PW-290541-23,220075,East Tennessee State University,University,5,0,Johnson City,TN,Tennessee,Washington,1,47179,37614,-82.36771,36.30205,2023,"Planning for an Open-Access, Online Encyclopedia of Appalachia",Humanities Collections and Reference Resources,Preservation and Access,49575,Area Studies,Area Studies,Area Studies,3.3,NA,693950,49575
PW-290542-23,176080,Mississippi State University,University,3,0,Mississippi State,MS,Mississippi,Oktibbeha,1,28105,39762,-88.78506,33.45747,2023,"Unheard Voices in War, Freedom, and Uneasy Peace: The Civil War & Reconstruction Governors of Mississippi Project",Humanities Collections and Reference Resources,Preservation and Access,349860,History,U.S. History,American Government; Military History; U.S. History,3.3,NA,703819,349860
PW-290545-23,100724,Alabama State University,Four-Year College,6,1,Montgomery,AL,Alabama,Montgomery,0,01101,36104,-86.29611,32.3662,2023,Enhancing Access to Alabama's Black Political and Educational History,Humanities Collections and Reference Resources,Preservation and Access,312176,History,African American History,African American History; American Government,2.8,NA,409467.2,364676
PW-290555-23,233921,Virginia Polytechnic Institute and State University,University,3,0,Blacksburg,VA,Virginia,Montgomery,1,51121,24061,-80.4191,37.22859,2023,Dangerous Harbor: Finding Escaped Unfree Laborers in the 17th Century Chesapeake,Humanities Collections and Reference Resources,Preservation and Access,49999,History,U.S. History,African American History; Public History; U.S. History,2.8,NA,1218224.98,305780
PW-290626-23,NA,WQED Multimedia,Television Station,NA,NA,Pittsburgh,PA,Pennsylvania,Allegheny,1,42003,15213,-79.94533,40.44713,2023,"WQED Pittsburgh's Black History and ""Black Horizons"" Preservation and Access Project",Humanities Collections and Reference Resources,Preservation and Access,196071,History,African American History,African American History; Media Studies; U.S. History,3.3,NA,5940946.359999999,470911
RA-290666-23,NA,American Center of Research,Center For Advanced Study/Research Institute,NA,NA,Alexandria,VA,Virginia,Alexandria city,0,51510,22314,-77.05434,38.80523,2023,Long-Term Research Fellowships in Jordan at the American Center of Research,Fellowship Programs at Independent Research Institutions,Research Programs,71000,History,Near and Middle Eastern History,Near and Middle Eastern History; Near and Middle Eastern Languages; Nonwestern Religion,2.3,NA,1077133,71000
GG-290712-23,NA,"Brevard Music Center, Inc.",Arts-Related Organization,NA,NA,Brevard,NC,North Carolina,Transylvania,1,37175,28712,-82.74693,35.22588,2023,Music Unwound,Humanities Discussions,Public Programs,395713,Arts,Music History and Criticism,Music History and Criticism; Western Civilization,3.2,NA,395713,395713
TR-290728-23,199139,"University of North Carolina, Charlotte",Center For Advanced Study/Research Institute,5,0,Charlotte,NC,North Carolina,Mecklenburg,0,37119,28223,-80.72556,35.30519,2023,"Magic in the United States: 400 Years of Magical Beliefs, Practices, and Cultural Conflicts",Media Projects Production,Public Programs,388863,Humanities,"Religion, General","African Studies; History, General; Religion, General",3.4,NA,537270.64,388863
GG-290742-23,NA,Museum Association of New York,Professional Association,NA,NA,Troy,NY,New York,Rensselaer,0,36083,12180,-73.69108,42.73218,2023,A New Agora for New York: Museums as Spaces for Democracy,Humanities Discussions,Public Programs,494284,History,U.S. History,Political History; Public History; U.S. History,3.3,NA,544168,494284
RA-290747-23,NA,American Academy in Rome,Center For Advanced Study/Research Institute,NA,NA,New York,NY,New York,New York,0,36061,10021,-73.96719,40.77009,2023,Rome Prize Fellowships at the American Academy in Rome,Fellowship Programs at Independent Research Institutions,Research Programs,255000,History,"History, General","History, Criticism, and Theory of the Arts; History, General; Interdisciplinary Studies, General",4.6,NA,78116853.73,9070702.95
RA-290753-23,NA,Omohundro Institute of Early American History and Culture,Center For Advanced Study/Research Institute,NA,NA,Williamsburg,VA,Virginia,Williamsburg city,0,51830,23187,-76.70769,37.27542,2023,Residential Fellowships at the Omohundro Institute of Early American History and Culture,Fellowship Programs at Independent Research Institutions,Research Programs,319500,History,"History, General","History, General",4,NA,1988346.08,385500
GG-290757-23,NA,Unity Productions Foundation,Non-Profit Educational Center,NA,NA,Silver Spring,MD,Maryland,Montgomery,0,24031,20910,-77.02195,38.99723,2023,American Muslim Pathways,Humanities Discussions,Public Programs,399891,Arts,"Arts, Other","Arts, Other; Religion, General; U.S. History",1.9,NA,647170,399891
GI-290758-23,NA,"Museum of the City of New York, Inc.",History Museum,NA,NA,New York,NY,New York,New York,0,36061,10029,-73.95257,40.79209,2023,"The New York Century: 100 Years of Imagining the City, 1923-2023",Exhibitions: Implementation,Public Programs,100000,Area Studies,Urban Studies,American Studies; U.S. History; Urban Studies,4.6,NA,78116853.73,9070702.95
GE-290760-23,NA,J. B. Speed Art Museum,Art Museum,NA,NA,Louisville,KY,Kentucky,Jefferson,0,21111,40208,-85.76157,38.21769,2023,Re-imagining the Art of Kentucky,Exhibitions: Planning,Public Programs,40000,Arts,Art History and Criticism,African American History; Art History and Criticism; U.S. History,3.9,NA,918894,144089
BP-290766-23,NA,West Virginia Mine Wars Museum,History Museum,NA,NA,Matewan,WV,West Virginia,Mingo,1,54059,25678,-82.10778,37.61542,2023,Courage in the Hollers: Interpreting Coal Miners’ March and Battle on Blair Mountain,Historic Places: Planning,Public Programs,74991,History,Labor History,Labor History; U.S. History,5.3,NA,153540,74991
GI-290768-23,NA,Rubin Museum of Art,Art Museum,NA,NA,New York,NY,New York,New York,0,36061,10011,-73.99695,40.7398,2023,Gateway to Himalayan Art,Exhibitions: Implementation,Public Programs,400000,Arts,Art History and Criticism,Art History and Criticism,4.6,NA,78116853.73,9070702.95
RA-290785-23,NA,Center for Jewish History,Center For Advanced Study/Research Institute,NA,NA,New York,NY,New York,New York,0,36061,10011,-73.99332,40.73771,2023,Long-Term Research Fellowships at the Center for Jewish History in New York,Fellowship Programs at Independent Research Institutions,Research Programs,213238,Area Studies,Jewish Studies,"History, General; Jewish Studies",4.6,NA,78116853.73,9070702.95
RA-290796-23,NA,Science History Institute,Independent Research Library,NA,NA,Philadelphia,PA,Pennsylvania,Philadelphia,0,42101,19106,-75.14606,39.94873,2023,Long-Term Postdoctoral Research Fellowships at the Science History Institute,Fellowship Programs at Independent Research Institutions,Research Programs,204428,History,"History and Philosophy of Science, Technology, and Medicine","History and Philosophy of Science, Technology, and Medicine",4.2,NA,14436056.34,2496983
RA-290797-23,NA,American Council of Learned Societies,Philanthropic Foundation,NA,NA,New York,NY,New York,New York,0,36061,10017,-73.97493,40.74992,2023,ACLS China Studies Research Fellowships 2024-2027,Fellowship Programs at Independent Research Institutions,Research Programs,207000,Area Studies,East Asian Studies,East Asian Studies,4.6,NA,78116853.73,9070702.95
RA-290798-23,NA,New York Public Library,Public Library,NA,NA,New York,NY,New York,New York,0,36061,10016,-73.98192,40.75188,2023,Long-term Research Fellowships at The New York Public Library's Stephen A. Schwarzman Building,Fellowship Programs at Independent Research Institutions,Research Programs,309996,Interdisciplinary,"Interdisciplinary Studies, General","Interdisciplinary Studies, General",4.6,NA,78116853.73,9070702.95
RA-290816-23,NA,Library Company of Philadelphia,Independent Research Library,NA,NA,Philadelphia,PA,Pennsylvania,Philadelphia,0,42101,19107,-75.16343,39.94798,2023,The Library Company of Philadelphia Post-Doctoral Fellowship Program,Fellowship Programs at Independent Research Institutions,Research Programs,220500,History,U.S. History,U.S. History,4.2,NA,14436056.34,2496983
GE-290819-23,NA,Gilder Lehrman Institute of American History,University,NA,NA,New York,NY,New York,New York,0,36061,10036,-73.98047,40.75511,2023,The Long Struggle for Equality: The Declaration of Independence at 250,Exhibitions: Planning,Public Programs,75000,History,U.S. History,U.S. History,4.6,NA,78116853.73,9070702.95
GI-290823-23,NA,Metropolitan Museum of Art,Museum,NA,NA,New York,NY,New York,New York,0,36061,10028,-73.9622,40.7789,2023,Public Humanities: Africa & Byzantium,Exhibitions: Implementation,Public Programs,400000,Arts,Art History and Criticism,African History; Ancient History; Art History and Criticism,4.6,NA,78116853.73,9070702.95
FT-290917-23,204796,Ohio State University,University,3,0,Columbus,OH,Ohio,Franklin,0,39049,43210,-83.0098,40.00011,2023,Reentry and Reintegration of People Convicted of Genocide,Summer Stipends,Research Programs,6000,Social Science,Sociology,African Studies; Sociology,3.1,NA,1472216.81,441011
FT-290930-23,221999,Vanderbilt University,Four-Year College,3,0,Nashville,TN,Tennessee,Davidson,0,47037,37203,-86.80065,36.14959,2023,"Swiftlets and Capital: A Transnational History of Edible Birds' Nests, 1600-1900",Summer Stipends,Research Programs,6000,History,East Asian History,Cultural History; East Asian History; Economic History,2.7,NA,3331367.6799999997,1018491
AKA-290946-23,140872,Reinhardt University,Two-Year College,9,0,Waleska,GA,Georgia,Cherokee,1,13057,30183,-84.55474,34.31871,2023,Project HERE: Humanities and Environmental Studies,Humanities Connections Planning Grants,Education Programs,34941,Interdisciplinary,"Interdisciplinary Studies, General","Interdisciplinary Studies, General; U.S. Regional Studies",2.6,NA,223945,34941
AKA-290966-23,138600,Agnes Scott College,Four-Year College,9,0,Decatur,GA,Georgia,DeKalb,0,13089,30030,-84.29518,33.77008,2023,Exploring the Ethics of the Digital Transformation,Humanities Connections Planning Grants,Education Programs,34971,Humanities,"Philosophy, General","Philosophy, General",3.3,NA,1817120.51,317388
AKA-290988-23,196194,"SUNY Research Foundation, College at Oswego",Four-Year College,6,0,Oswego,NY,New York,Oswego,0,36075,13126,-76.53973,43.44773,2023,New Minor in Environmental Humanities and Visual Media,Humanities Connections Planning Grants,Education Programs,35000,Interdisciplinary,"Interdisciplinary Studies, General","Interdisciplinary Studies, General",4.3,NA,35000,35000
AKA-290993-23,220710,Maryville College,Four-Year College,9,0,Maryville,TN,Tennessee,Blount,1,47009,37804,-83.96523,35.75497,2023,Citizenship and Sense of Place,Humanities Connections Planning Grants,Education Programs,35000,Interdisciplinary,"Interdisciplinary Studies, Other","Interdisciplinary Studies, Other",3,NA,117519,35000
AKB-291009-23,193973,Niagara University,Four-Year College,6,0,Niagara University,NY,New York,Niagara,0,36063,14109,-79.035127,43.137212,2023,Implementing the Vincentian Social Justice General Education Minor,Humanities Connections Implementation Grants,Education Programs,148500,Interdisciplinary,"Interdisciplinary Studies, General","Interdisciplinary Studies, General",4.1,NA,148500,148500
AKA-291044-23,201195,Baldwin Wallace University,Four-Year College,6,0,Berea,OH,Ohio,Cuyahoga,0,39035,44017,-81.84402,41.36863,2023,Planning a Minor in Medical Humanities,Humanities Connections Planning Grants,Education Programs,34968,History,"History and Philosophy of Science, Technology, and Medicine","History and Philosophy of Science, Technology, and Medicine",3.8,NA,1340039.36,224968
AKB-291086-23,213251,Juniata College,Four-Year College,9,0,Huntingdon,PA,Pennsylvania,Huntingdon,1,42061,16652,-78.0173,40.49869,2023,Explorations of Rural Experience: Fostering Narrative Imagination and Civic Curiosity,Humanities Connections Implementation Grants,Education Programs,149989,Area Studies,American Studies,"American Literature; American Studies; Social Sciences, Other",4.3,NA,857595,159989
AV-291088-23,NA,"Clemente Course in the Humanities, Inc.",Non-Profit Educational Center,NA,NA,New York,NY,New York,New York,0,36061,10065,-73.96968,40.76542,2023,Providence Clemente Veterans Initiative: Extending the Reach,Dialogues on the Experience of War,Education Programs,98700,Interdisciplinary,"Interdisciplinary Studies, General","Interdisciplinary Studies, General",4.6,NA,78116853.73,9070702.95
FT-291102-23,234207,Washington and Lee University,Four-Year College,9,0,Lexington,VA,Virginia,Lexington city,0,51678,24450,-79.4449,37.78705,2023,Champions of the Union: Lincoln’s Southern Commanders and the American Civil War Era,Summer Stipends,Research Programs,6000,History,U.S. History,Military History; Public History; U.S. History,4.4,NA,121959,12000
FT-291109-23,203845,Marietta College,Four-Year College,9,0,Marietta,OH,Ohio,Washington,1,39167,45750,-81.44446,39.41146,2023,Beyond Seduction and Abortion: The Life and “Memoir” of Zulma Marache (1818-1869),Summer Stipends,Research Programs,6000,Literature,American Literature,American Literature; Gender Studies; Women's History,4.2,NA,6000,6000
FT-291110-23,215293,University of Pittsburgh,Four-Year College,3,0,Pittsburgh,PA,Pennsylvania,Allegheny,1,42003,15260,-79.95595,40.44347,2023,Supporting Actors: A Disability History of Theatrical Welfare in the United States,Summer Stipends,Research Programs,6000,Arts,Theater History and Criticism,Theater History and Criticism,3.3,NA,5940946.359999999,470911
FN-291125-23,196088,"SUNY Research Foundation, University at Buffalo",University,3,0,Amherst,NY,New York,Erie,0,36029,14228,-78.7855,43.00266,2023,A reference grammar of Itunyoso Triqui [ISO 639-3 trq],Dynamic Language Infrastructure-Documenting Endangered Languages - Fellowships,Research Programs,30000,Language,Linguistics,Latin American Languages; Linguistics,3.8,NA,3031666.7,229312
FT-291151-23,139940,"Georgia State University Research Foundation, Inc.",Two-Year College,NA,NA,Atlanta,GA,Georgia,Newton,0,13217,30302,-83.69758,33.612,2023,Unwrapping the Bundle in Mexica-Aztec Religion,Summer Stipends,Research Programs,6000,Humanities,Nonwestern Religion,"Languages, Other; Native American Studies; Nonwestern Religion",3.8,NA,1331330.3399999999,759011
FT-291154-23,212106,Duquesne University,University,4,0,Pittsburgh,PA,Pennsylvania,Allegheny,1,42003,15282,-79.99284,40.43697,2023,Precarious Translations: Korean Language Media and the American Political Imagination,Summer Stipends,Research Programs,6000,Area Studies,Asian American Studies,Asian American Studies; East Asian Studies; Media Studies,3.3,NA,5940946.359999999,470911
FT-291194-23,201885,University of Cincinnati,University,3,0,Cincinnati,OH,Ohio,Hamilton,0,39061,45220,-84.52053,39.12967,2023,Maya Women's Religious and Political Activism in Colonial Chiapas (1650-1850),Summer Stipends,Research Programs,6000,History,Latin American History,Cultural History; Latin American History; Women's History,3.2,NA,2003700,140998
FT-291201-23,190600,"CUNY Research Foundation, John Jay College",Four-Year College,6,0,New York,NY,New York,New York,0,36061,10019,-73.98906,40.77092,2023,A History of Martial and Spiritual Entrepreneurship in Central Africa,Summer Stipends,Research Programs,6000,History,African History,African History; Comparative Religion; Military History,4.6,NA,78116853.73,9070702.95
FN-291226-23,231624,College of William and Mary,Four-Year College,4,0,Williamsburg,VA,Virginia,Williamsburg city,0,51830,23186,-76.71257,37.27342,2023,Muskogee (mus) Online Dictionary and Learner's Grammar,Dynamic Language Infrastructure-Documenting Endangered Languages - Fellowships,Research Programs,60000,Language,Linguistics,"Comparative Languages; Languages, General; Linguistics",4,NA,1988346.08,385500
FT-291264-23,NA,Rector and Visitors of the University of Virginia,Publishing,NA,NA,Charlottesville,VA,Virginia,Charlottesville city,0,51540,22903,-78.50208,38.05021,2023,"The Classical Past in the Ancient Classroom, 280 BCE - 400 CE",Summer Stipends,Research Programs,6000,Literature,Classical Literature,Classical History; Classical Literature,2.4,NA,5667497.82,339261
FT-291268-23,212009,Dickinson College,Four-Year College,9,0,Carlisle,PA,Pennsylvania,Cumberland,0,42041,17013,-77.19704,40.20106,2023,"Girl Scouts of the USA: Race, Feminism, and American Empire",Summer Stipends,Research Programs,6000,History,Women's History,American Studies; U.S. History; Women's History,2.7,NA,289101,6000
FT-291277-23,163046,Loyola University Maryland,Four-Year College,6,0,Baltimore,MD,Maryland,Baltimore city,0,24510,21210,-76.6225,39.34836,2023,Translation of F. W. J. Schelling’s System of Philosophy in General and of the Philosophy of Nature in Particular,Summer Stipends,Research Programs,6000,History,History of Philosophy,History of Philosophy; Metaphysics; Philosophy of Science,2.9,NA,3788310,545889
FT-291353-23,232423,James Madison University,University,6,0,Harrisonburg,VA,Virginia,Harrisonburg city,0,51660,22807,-78.85951,38.42535,2023,"Black Women’s Writing, the Fictions of Segregation, and the Human",Summer Stipends,Research Programs,6000,Literature,American Literature,African American Studies; American Literature; Gender Studies,3.5,NA,216992,156992
FT-291367-23,202523,Denison University,Four-Year College,9,0,Granville,OH,Ohio,Licking,0,39089,43023,-82.51846,40.0692,2023,Haunted Houses of the Black Atlantic,Summer Stipends,Research Programs,6000,Literature,African Literature,African American Studies; African Literature; American Literature,3.1,NA,12000,12000
FT-291383-23,199111,"University of North Carolina, Asheville",Four-Year College,9,0,Asheville,NC,North Carolina,Buncombe,1,37021,28804,-82.56589,35.61901,2023,The Discipline of Classics in Modern Fiction,Summer Stipends,Research Programs,6000,Language,Classical Languages,"Classical Languages; Classical Literature; Literature, General",2.7,NA,903300.45,6000
FT-291399-23,202523,Denison University,Four-Year College,9,0,Granville,OH,Ohio,Licking,0,39089,43023,-82.51846,40.0692,2023,"Selective Justice: The Draft, the Law, and the Vietnam War",Summer Stipends,Research Programs,6000,History,U.S. History,U.S. History,3.1,NA,12000,12000
SP-291407-22,NA,Federation of State Humanities Councils,National Organization,NA,NA,Arlington,VA,Virginia,Arlington,0,51013,22209,-77.07671,38.8943,2022,National Humanities Conference Equitable Access Grants,State Projects,Federal/State Partnership,28425,Unspecified,NA,NA,2,6.8,2852075.54,253425
FT-291425-23,163046,Loyola University Maryland,Four-Year College,6,0,Baltimore,MD,Maryland,Baltimore city,0,24510,21210,-76.6225,39.34836,2023,What is Moral Striving?,Summer Stipends,Research Programs,6000,Humanities,Ethics,Ethics; History of Philosophy,2.9,NA,3788310,545889
FT-291435-23,199120,University of North Carolina at Chapel Hill,Center For Advanced Study/Research Institute,3,0,Chapel Hill,NC,North Carolina,Orange,0,37135,27599,-79.04617,35.90348,2023,The Other Frederick Douglass: A Black Freedom Fighter in the Post-Reconstruction South,Summer Stipends,Research Programs,6000,History,African American History,African American History,2.9,NA,1384311.22,644500
FT-291451-23,163286,"University of Maryland, College Park",University,3,0,College Park,MD,Maryland,Prince George's,0,24033,20742,-76.95018,38.9975,2023,Red Nightshade: Tomatoes and the Making of Modern Egypt,Summer Stipends,Research Programs,6000,History,Near and Middle Eastern History,Arabic Literature; Area Studies; Near and Middle Eastern History,2.2,NA,4393763.9399999995,592032
FT-291474-23,232423,James Madison University,University,6,0,Harrisonburg,VA,Virginia,Harrisonburg city,0,51660,22807,-78.85951,38.42535,2023,"The Story of Sandy Beulah, Texas: Race, Violence, and the Search for Justice in the Jim Crow South",Summer Stipends,Research Programs,6000,History,African American History,African American History; Labor History,3.5,NA,216992,156992
FT-291496-23,196079,"SUNY Research Foundation, Binghamton",Two-Year College,4,0,Binghamton,NY,New York,Broome,1,36007,13902,-75.96456,42.09521,2023,"Signs of Resistance, Signs of Resurgence: Indigenous Literacies and New Media in Native American Literatures, 901 AD to the Digital Age",Summer Stipends,Research Programs,6000,Area Studies,American Studies,American Literature; American Studies; Native American Studies,3.9,NA,600707.48,15971
FT-291498-23,191241,Fordham University,Publishing,4,0,Bronx,NY,New York,Bronx,0,36005,10458,-73.88788,40.86011,2023,Climates of Distrust,Summer Stipends,Research Programs,6000,Humanities,Ethics,"Ethics; History and Philosophy of Science, Technology, and Medicine",6.8,NA,1261876.04,12000
FT-291499-23,195304,Sarah Lawrence College,Four-Year College,9,0,Bronxville,NY,New York,Westchester,0,36119,10708,-73.84626,40.93419,2023,Development as Vocation: Latin America in the Neoliberal Era,Summer Stipends,Research Programs,6000,History,Latin American History,Economic History; Intellectual History; Latin American History,3.4,NA,2797620.9,545674
FT-291505-23,233921,Virginia Polytechnic Institute and State University,University,3,0,Blacksburg,VA,Virginia,Montgomery,1,51121,24061,-80.4191,37.22859,2023,Brokering with Caliban: A Literary History of Early Modern English Diplomacy in the East Indies,Summer Stipends,Research Programs,6000,Literature,British Literature,"British Literature; History, Other; Renaissance Studies",2.8,NA,1218224.98,305780
FT-291509-23,218663,University of South Carolina,Four-Year College,3,0,Columbia,SC,South Carolina,Richland,0,45079,29208,-81.0252,33.99326,2023,"Real-Life Heroines: How Women Reformers Wrote One Another’s Lives in the Sea Islands, 1838– 1902",Summer Stipends,Research Programs,6000,Literature,American Literature,American Literature,3,NA,3178952.8600000003,6000
FT-291546-23,216524,Ursinus College,Four-Year College,9,0,Collegeville,PA,Pennsylvania,Montgomery,0,42091,19426,-75.45819,40.19145,2023,"Indigenous Visions of Rights and Sovereignty in the Age of Revolutions, 1760-1840",Summer Stipends,Research Programs,6000,History,"History, Other","History, Other; Native American Studies",2.8,NA,405527.33,160015
FT-291549-23,234030,Virginia Commonwealth University,University,3,0,Richmond,VA,Virginia,Richmond city,0,51760,23284,-77.453,37.54946,2023,"Making ""Hate Crimes"" Transnational",Summer Stipends,Research Programs,6000,History,European History,European History; U.S. History,3.5,NA,3795322.18,348571
FT-291605-23,217882,Clemson University,University,4,0,Clemson,SC,South Carolina,Pickens,1,45077,29634,-82.82688,34.68163,2023,A Word Made Flesh: Disability and Editorship in U.S. Literary Culture,Summer Stipends,Research Programs,6000,Literature,American Literature,American Literature,2.9,NA,985048.5,66000
FT-291623-23,204501,Oberlin College,Four-Year College,9,0,Oberlin,OH,Ohio,Lorain,0,39093,44074,-82.22383,41.29413,2023,Living a Well-Rounded Life,Summer Stipends,Research Programs,6000,Humanities,Ethics,"Ethics; Philosophy, Other",3.8,NA,196000,6000
FT-291627-23,157085,University of Kentucky Research Foundation,Four-Year College,3,0,Lexington,KY,Kentucky,Fayette,0,21067,40506,-84.50654,38.03919,2023,"Appalachian Landscapes in Transition: Documenting Stories of Place in Martin County, Kentucky",Summer Stipends,Research Programs,6000,Humanities,Cultural Anthropology,Cultural Anthropology; Folklore and Folklife,3.4,NA,1457528.43,344526
FT-291635-23,192703,Manhattan College,Four-Year College,7,0,Bronx,NY,New York,Bronx,0,36005,10471,-73.90245,40.88919,2023,Latinx Public Memorials,Summer Stipends,Research Programs,6000,Arts,"History, Criticism, and Theory of the Arts","History, Criticism, and Theory of the Arts; Latino History; Public History",6.8,NA,1261876.04,12000
FT-291639-23,190415,Cornell University,Four-Year College,3,0,Ithaca,NY,New York,Tompkins,1,36109,14850,-76.46515,42.43782,2023,After Apocalypse: American Ecofascism and the Violent Work of Earthly Restoration,Summer Stipends,Research Programs,6000,Humanities,Cultural Anthropology,American Studies; Cultural Anthropology; U.S. History,3.1,NA,2959805.7,464409
FT-291703-23,157085,University of Kentucky Research Foundation,Four-Year College,3,0,Lexington,KY,Kentucky,Fayette,0,21067,40506,-84.50654,38.03919,2023,Creating a Digital Archive for Afro-Turk Oral Histories,Summer Stipends,Research Programs,6000,History,Near and Middle Eastern History,African American History; African American Studies; Near and Middle Eastern History,3.4,NA,1457528.43,344526
FT-291708-23,211273,Bryn Mawr College,Four-Year College,9,0,Bryn Mawr,PA,Pennsylvania,Montgomery,0,42091,19010,-75.31455,40.02544,2023,"Illegible Subjects: Jewish Women, Writing, and the Performance of Identity in the Colonial Maghreb",Summer Stipends,Research Programs,6000,Literature,French Literature,French Literature; Gender Studies; Jewish Studies,2.8,NA,405527.33,160015
FT-291787-23,231624,College of William and Mary,Four-Year College,4,0,Williamsburg,VA,Virginia,Williamsburg city,0,51830,23186,-76.71257,37.27342,2023,Reclaiming Indigenous Communities from Colonial Archives: Analysis of a Public-Facing Digital Data Dissemination Project from Mi'kma'ki,Summer Stipends,Research Programs,6000,History,"History, Other","Anthropology; History, Other; Native American Studies",4,NA,1988346.08,385500
FT-291793-23,NA,Rector and Visitors of the University of Virginia,Publishing,NA,NA,Charlottesville,VA,Virginia,Charlottesville city,0,51540,22903,-78.50208,38.05021,2023,The British Financialization of American Slavery,Summer Stipends,Research Programs,6000,History,British History,British History; Economic History,2.4,NA,5667497.82,339261
FT-291797-23,163046,Loyola University Maryland,Four-Year College,6,0,Baltimore,MD,Maryland,Baltimore city,0,24510,21210,-76.6225,39.34836,2023,"The Latin Poems of Christian Wedsted (1720-1757), Moravian Missionary to Colonial America",Summer Stipends,Research Programs,6000,Literature,Classics,American Literature; Classical Languages; Classics,2.9,NA,3788310,545889
FT-291869-23,232308,Hollins University,Four-Year College,9,0,Roanoke,VA,Virginia,Roanoke,0,51161,24020,-79.941,37.35166,2023,"The Problem of Poverty in the Anglo-American Age of Slave Emancipation, 1780-1865",Summer Stipends,Research Programs,6000,History,U.S. History,British History; Intellectual History; U.S. History,2.6,NA,6000,6000
FT-291886-23,234207,Washington and Lee University,Four-Year College,9,0,Lexington,VA,Virginia,Lexington city,0,51678,24450,-79.4449,37.78705,2023,"Turbans and Turquoise: 17th-Century Painted Patron Scenes at Basgo’s Chamchung Temple in Ladakh, India",Summer Stipends,Research Programs,6000,Arts,Art History and Criticism,Art History and Criticism; South Asian Studies,4.4,NA,121959,12000
CHA-291986-24,NA,"La MaMa Experimental Theatre Club, Inc.",Archive,NA,NA,New York,NY,New York,New York,0,36061,10003,-73.99055,40.72656,2023,Preserving Off Off-Broadway: Designing Improved Climate Control for the La MaMa Archive,Infrastructure and Capacity Building Challenge Grants,Challenge Programs,40694,History,U.S. History,International Studies; Theater History and Criticism; U.S. History,4.6,NA,78116853.73,9070702.95
RFW-292005-23,221999,Vanderbilt University,Four-Year College,3,0,Nashville,TN,Tennessee,Davidson,0,47037,37203,-86.80065,36.14959,2023,"Descendant-led Excavation at the Reconstruction-Era Black Civil War Veteran Community at Bass Street, Fort Negley Park",Archaeological and Ethnographic Field Research,Research Programs,150000,Humanities,Archaeology,African American Studies; Archaeology; Public History,2.7,NA,3331367.6799999997,1018491
CHA-292012-24,NA,Woodrow Wilson Presidential Library Foundation,History Museum,NA,NA,Staunton,VA,Virginia,Staunton city,0,51790,24401,-79.0687,38.1505,2023,HVAC System for President Wilson’s Birthplace and Future Education Center,Infrastructure and Capacity Building Challenge Grants,Challenge Programs,85382,History,U.S. History,Political History; Public History; U.S. History,2.6,NA,255239,85382
RFW-292027-23,195030,University of Rochester,University,3,0,Rochester,NY,New York,Monroe,0,36055,14627,-77.62391,43.13182,2023,"The Archaeology of Earliest Bermuda, 1610-c.1630",Archaeological and Ethnographic Field Research,Research Programs,129970,Humanities,Archaeology,"Archaeology; History, Other",3.7,NA,5554529.78,855572
CHA-292030-23,NA,American Academy in Rome,Center For Advanced Study/Research Institute,NA,NA,New York,NY,New York,New York,0,36061,10021,-73.96719,40.77009,2023,Building a New Library Annex: The Villa Chiaraviglio,Infrastructure and Capacity Building Challenge Grants,Challenge Programs,472850,History,"History, General","History, Criticism, and Theory of the Arts; History, General; Interdisciplinary Studies, General",4.6,NA,78116853.73,9070702.95
CHA-292051-24,NA,"Historic Albany Foundation, Inc.",Historic Preservation Organization,NA,NA,Albany,NY,New York,Albany,0,36001,12206,-73.76604,42.66096,2023,Van Ostrande-Radliff House Reuse,Infrastructure and Capacity Building Challenge Grants,Challenge Programs,500000,Social Science,Architecture,Architecture; U.S. History,3.3,NA,1483153.6,598273
CHA-292056-24,NA,Toledo Museum of Art,Art Museum,NA,NA,Toledo,OH,Ohio,Lucas,0,39095,43697,-83.43943,41.68677,2023,Edward B. Green Building Plumbing Renovations at the Toledo Museum of Art,Infrastructure and Capacity Building Challenge Grants,Challenge Programs,400000,Arts,"Arts, General","Arts, General; Arts, Other",4.2,NA,1176150,400000
CHA-292070-24,NA,Pennsylvania Historical and Museum Commission,Historical Site/House,NA,NA,Harrisburg,PA,Pennsylvania,Dauphin,0,42043,17120,-76.88481,40.26419,2023,Eckley Miners' Village Research & Learning Center,Infrastructure and Capacity Building Challenge Grants,Challenge Programs,29688,Area Studies,U.S. Regional Studies,U.S. Regional Studies,3.2,NA,29688,29688
CHA-292077-24,NA,National Ornamental Metal Museum,Museum,NA,NA,Memphis,TN,Tennessee,Shelby,0,47157,38106,-90.07593,35.12264,2023,"""Reigniting the Fire"" Capital Expansion Project",Infrastructure and Capacity Building Challenge Grants,Challenge Programs,500000,Arts,"Arts, General","Arts, General",4.3,NA,1089430,1000000
ASA-292218-23,218724,Coastal Carolina University,Four-Year College,8,0,Conway,SC,South Carolina,Horry,0,45051,29526,-79.01896,33.79636,2023,Expanding Opportunities for Place-based Storytelling With(in) Community,Spotlight on Humanities in Higher Education: Exploration Grants,Education Programs,24962,History,African American History,African American History,3.4,NA,30962,24962
ASB-292232-23,199740,Stanly Community College,Two-Year College,1,0,Albemarle,NC,North Carolina,Stanly,0,37167,28001,-80.23411,35.3381,2023,Humanities OER Course Conversion,Spotlight on Humanities in Higher Education: Development Grants,Education Programs,25000,Arts,"Arts, General","Arts, General; Interdisciplinary Studies, General; Spanish Language",3,NA,25000,25000
ASA-292279-23,190673,"CUNY Research Foundation, Queensborough Community College",Center For Advanced Study/Research Institute,1,0,Bayside,NY,New York,Queens,0,36081,11364,-73.75894,40.75286,2023,Reimagining the First-Semester College Experience: Building the Welcome Read Program,Spotlight on Humanities in Higher Education: Exploration Grants,Education Programs,24500,Literature,"Literature, General","Literature, General",4.6,NA,2433038.77,459305
ASB-292283-23,213367,La Salle University,Four-Year College,6,0,Philadelphia,PA,Pennsylvania,Philadelphia,0,42101,19141,-75.15246,40.0396,2023,ALTA (Access Language Through Academics): Bridge to Success,Spotlight on Humanities in Higher Education: Development Grants,Education Programs,60000,Literature,English,English,4.2,NA,14436056.34,2496983
ASA-292288-23,138947,Clark Atlanta University,Four-Year College,5,1,Atlanta,GA,Georgia,Fulton,0,13121,30314,-84.41269,33.74982,2023,Enhancing the Digital Humanities in English and Modern Languages,Spotlight on Humanities in Higher Education: Exploration Grants,Education Programs,25000,Literature,Composition and Rhetoric,"Composition and Rhetoric; Literature, General",3.4,NA,2230578.12,25000
ASB-292292-23,232265,Hampton University,University,7,1,Hampton,VA,Virginia,Hampton city,0,51650,23668,-76.33816,37.02358,2023,Conversations in Literature and Culture,Spotlight on Humanities in Higher Education: Development Grants,Education Programs,55136,Literature,Literary Criticism,Literary Criticism,3.7,NA,181079,55136
ASB-292300-23,157535,University of Pikeville,Four-Year College,9,0,Pikeville,KY,Kentucky,Pike,1,21195,41501,-82.52188,37.47817,2023,Health in the Mountains: Boosting the Medical Humanities as an Education of Impact in Eastern Kentucky,Spotlight on Humanities in Higher Education: Development Grants,Education Programs,60000,Interdisciplinary,"Interdisciplinary Studies, General","Interdisciplinary Studies, General",5.7,NA,60000,60000
ASB-292330-23,NA,"Modern Language Association of America, Inc.",Center For Advanced Study/Research Institute,NA,NA,New York,NY,New York,New York,0,36061,10004,-74.01146,40.70402,2023,Reimagining Humanities Coursework for Career Readiness:  A Virtual Workshop for Teachers of Languages and Literature,Spotlight on Humanities in Higher Education: Development Grants,Education Programs,58201,Literature,"Literature, General","Languages, General; Literature, General",4.6,NA,78116853.73,9070702.95
ASB-292336-23,216764,West Chester University of Pennsylvania,Four-Year College,6,0,West Chester,PA,Pennsylvania,Chester,0,42029,19383,-75.59756,39.95318,2023,Expanding iCAMP: Humanities Inquiry and Public Engagement,Spotlight on Humanities in Higher Education: Development Grants,Education Programs,60000,Literature,Composition and Rhetoric,Composition and Rhetoric; Media Studies; Urban Studies,2.6,NA,235059.28999999998,80480
ASB-292348-23,176044,Mississippi Valley State University,Four-Year College,7,1,Itta Bena,MS,Mississippi,Leflore,0,28083,38941,-90.33712,33.51013,2023,Infusing African American literature into the English Curriculum,Spotlight on Humanities in Higher Education: Development Grants,Education Programs,59962,Area Studies,African American Studies,African American Studies,4.9,NA,60962,59962
FZ-292375-23,100751,University of Alabama,Four-Year College,4,0,Tuscaloosa,AL,Alabama,Tuscaloosa,1,01125,35487,-87.54182,33.22002,2023,"Buffalo Soldiers and the Making of United States Empire, 1866-1917",Public Scholars,Research Programs,60000,History,Military History,African American History; Military History,2.3,NA,1343238.51,309995
DR-292399-23,190415,Cornell University,Four-Year College,3,0,Ithaca,NY,New York,Tompkins,1,36109,14850,-76.46515,42.43782,2022,"Open-access edition of ""Stalin's Quest for Gold: The Torgsin Hard-Currency Shops and Soviet Industrialization"" by Elena Osokina",Fellowships Open Book Program,Digital Humanities,5500,History,Russian History,Economic History; Russian History,2.9,16,2959805.7,629537
DR-292400-23,190415,Cornell University,Four-Year College,3,0,Ithaca,NY,New York,Tompkins,1,36109,14850,-76.46515,42.43782,2022,"Open-access edition of ""Morbid Undercurrents: Medical Subcultures in Postrevolutionary France"" by Sean M. Quinlan",Fellowships Open Book Program,Digital Humanities,5500,History,European History,European History; History of Science,2.9,16,2959805.7,629537
DR-292401-23,190415,Cornell University,Four-Year College,3,0,Ithaca,NY,New York,Tompkins,1,36109,14850,-76.46515,42.43782,2022,"Open-access edition of ""Heaven's Wrath: The Protestant Reformation and the Dutch West India Company in the Atlantic World"" by D. L. Noorlander",Fellowships Open Book Program,Digital Humanities,5500,History,European History,European History; History of Religion; U.S. History,2.9,16,2959805.7,629537
DR-292402-23,190415,Cornell University,Four-Year College,3,0,Ithaca,NY,New York,Tompkins,1,36109,14850,-76.46515,42.43782,2022,"Open-access edition of ""Tamizdat: Contraband Russian Literature in the Cold War Era"" by Yasha Klots",Fellowships Open Book Program,Digital Humanities,5500,Literature,Russian Literature,Media Studies; Russian Literature,2.9,16,2959805.7,629537
DR-292403-23,190415,Cornell University,Four-Year College,3,0,Ithaca,NY,New York,Tompkins,1,36109,14850,-76.46515,42.43782,2022,"Open-access edition of ""Among Women across Worlds: North Korea in the Global Cold War"" by Suzy Kim",Fellowships Open Book Program,Digital Humanities,5500,History,East Asian History,East Asian History; Women's History,2.9,16,2959805.7,629537
DR-292404-23,190415,Cornell University,Four-Year College,3,0,Ithaca,NY,New York,Tompkins,1,36109,14850,-76.46515,42.43782,2022,"Open-access edition of ""Snapshots of the Soul: Photo-Poetic Encounters in Modern Russian Culture"" by Molly Thomasy Blasing",Fellowships Open Book Program,Digital Humanities,5500,Literature,Russian Literature,Art History and Criticism; Russian Literature,2.9,16,2959805.7,629537
FZ-292420-23,163286,"University of Maryland, College Park",University,3,0,College Park,MD,Maryland,Prince George's,0,24033,20742,-76.95018,38.9975,2023,"After UNCLE TOM'S CABIN: Harriet Beecher Stowe, African America, and the Quest for Interracial Democracy",Public Scholars,Research Programs,30000,History,U.S. History,American Literature; American Studies; U.S. History,2.2,NA,4393763.9399999995,592032
DR-292425-23,195030,University of Rochester,University,3,0,Rochester,NY,New York,Monroe,0,36055,14627,-77.62391,43.13182,2022,Coming to Terms with Our Musical Past,Fellowships Open Book Program,Digital Humanities,5500,Arts,Music History and Criticism,Music History and Criticism,3.5,13.9,5554529.78,222485.09
DR-292426-23,195030,University of Rochester,University,3,0,Rochester,NY,New York,Monroe,0,36055,14627,-77.62391,43.13182,2022,"George Rochberg, American Composer: Personal Trauma and Artistic Creativity",Fellowships Open Book Program,Digital Humanities,5500,Arts,Music History and Criticism,Music History and Criticism,3.5,13.9,5554529.78,222485.09
DR-292427-23,214777,Pennsylvania State University,Four-Year College,3,0,University Park,PA,Pennsylvania,Centre,1,42027,16802,-77.85432,40.80366,2022,"""Sorcery or Science? Contesting Knowledge and Practice in West African Sufi Texts"" by Ariela Marcus-Sells",Fellowships Open Book Program,Digital Humanities,5500,History,African History,African History; History of Religion,3.3,16,2265848.84,755466
FZ-292447-23,189088,Bard College,Center For Advanced Study/Research Institute,9,0,Annandale-on-Hudson,NY,New York,Dutchess,0,36027,12504,-73.90364,42.02458,2023,Plato and the Tyrant:  The Project that Wrecked a City and Shaped a Philosophic Masterpiece,Public Scholars,Research Programs,50000,Literature,Classics,Classical History; Classics; History of Philosophy,3.3,NA,1526523,90000
FZ-292463-23,216287,Swarthmore College,Four-Year College,9,0,Swarthmore,PA,Pennsylvania,Delaware,0,42045,19081,-75.35106,39.90635,2023,"The Life and Work of Architect J. Max Bond, Jr. (1935-2009)",Public Scholars,Research Programs,60000,Social Science,Architecture,African American History; Architecture; Art History and Criticism,3.2,NA,1278329,652752
FZ-292502-23,139658,Emory University,Two-Year College,3,0,Atlanta,GA,Georgia,DeKalb,0,13089,30322,-84.32618,33.78858,2023,The Dutch East India Company: A Global History,Public Scholars,Research Programs,60000,History,"History, General","Economic History; European History; History, General",3.3,NA,1817120.51,317388
FZ-292515-23,162928,Johns Hopkins University,Publishing,3,0,Baltimore,MD,Maryland,Baltimore city,0,24510,21218,-76.61787,39.33085,2023,Freedom Round the Globe: A New History of the American Revolution,Public Scholars,Research Programs,60000,History,U.S. History,U.S. History,2.9,NA,3788310,545889
FZ-292519-23,204024,"Miami University, Oxford",Center For Advanced Study/Research Institute,4,0,Oxford,OH,Ohio,Butler,0,39017,45056,-84.73473,39.51029,2023,Quiet Storm: America’s Low-Key Noise Industry and the End of Listening,Public Scholars,Research Programs,60000,Social Science,Communications,"Communications; History and Philosophy of Science, Technology, and Medicine; Media Studies",3.2,NA,1756194.8,60000
FZ-292546-23,157289,University of Louisville,University,3,0,Louisville,KY,Kentucky,Jefferson,0,21111,40292,-85.76194,38.21556,2023,A Biography of British Writer Emily Jane Brontë (1818-1848),Public Scholars,Research Programs,60000,Literature,British Literature,British History; British Literature; Women's History,3.9,NA,918894,144089
RQ-292594-23,198419,Duke University,Publishing,3,0,Durham,NC,North Carolina,Durham,0,37063,27705,-78.92459,36.00683,2023,“I Shall No Longer Want” (Psalm 23:1): The Critical Edition of the Hebrew Psalter,Scholarly Editions and Translations,Research Programs,300000,Humanities,"Religion, General","Religion, General",3.1,NA,4368610,1045043
FZ-292601-23,NA,NA,Individual,NA,NA,Ossining,NY,New York,Westchester,0,36119,10562,-73.81683,41.17278,2023,"THE SPECIAL STUDENTS: George Whitte Jordan at Harvard, His Mysterious 1927 Death, and The World of the Talented Tenth",Public Scholars,Research Programs,60000,History,African American History,African American History; Cultural History; Intellectual History,3.4,NA,2797620.9,545674
RQ-292615-23,200004,Western Carolina University,Four-Year College,6,0,Cullowhee,NC,North Carolina,Jackson,1,37099,28723,-83.17934,35.29745,2023,Eastern Cherokee Histories in Translation (ECHT),Scholarly Editions and Translations,Research Programs,64905,Humanities,Anthropology,Anthropology,3.6,NA,64905,64905
RZ-292626-23,193900,New York University,Publishing,3,0,New York,NY,New York,New York,0,36061,10012,-73.99706,40.7299,2023,"China and India in an Age of Decolonization: An Analysis of the Nehru Papers, 1947-1964",Collaborative Research,Research Programs,244624,History,East Asian History,East Asian History,4.6,NA,78116853.73,9070702.95
RZ-292665-23,190512,"CUNY Research Foundation, Bernard Baruch College",Two-Year College,6,0,New York,NY,New York,New York,0,36061,10010,-73.98426,40.73999,2023,Democratizing the Past: Cubans Remember the Angolan Civil War,Collaborative Research,Research Programs,233954,Humanities,Cultural Anthropology,Cultural Anthropology; Political Theory,4.6,NA,78116853.73,9070702.95
FZ-292685-23,233921,Virginia Polytechnic Institute and State University,University,3,0,Blacksburg,VA,Virginia,Montgomery,1,51121,24061,-80.4191,37.22859,2023,"Property Wrongs: The Forty Year Battle Over Race and Real Estate, 1908-1948",Public Scholars,Research Programs,60000,History,U.S. History,African American History; U.S. History; Urban History,2.8,NA,1218224.98,305780
RQ-292702-23,195030,University of Rochester,University,3,0,Rochester,NY,New York,Monroe,0,36055,14627,-77.62391,43.13182,2023,Middle English Text Series (METS),Scholarly Editions and Translations,Research Programs,299748,Literature,"Literature, General","Literature, General",3.7,NA,5554529.78,855572
RQ-292734-23,232681,University of Mary Washington,Four-Year College,6,0,Fredericksburg,VA,Virginia,Fredericksburg city,0,51630,22401,-77.47371,38.29849,2023,The Papers of James Monroe,Scholarly Editions and Translations,Research Programs,300000,History,U.S. History,U.S. History,3.4,NA,609911,323911
RZ-292735-23,195030,University of Rochester,University,3,0,Rochester,NY,New York,Monroe,0,36055,14627,-77.62391,43.13182,2023,Fedchenko: Eco-Biography of a Glacier,Collaborative Research,Research Programs,25000,Area Studies,Area Studies,Area Studies; Geography,3.7,NA,5554529.78,855572
RQ-292766-23,NA,Rector and Visitors of the University of Virginia,Publishing,NA,NA,Charlottesville,VA,Virginia,Charlottesville city,0,51540,22903,-78.50208,38.05021,2023,Naval Documents of the American Revolution,Scholarly Editions and Translations,Research Programs,64987,History,U.S. History,Military History; Public History; U.S. History,2.4,NA,5667497.82,339261
RZ-292795-23,162928,Johns Hopkins University,Publishing,3,0,Baltimore,MD,Maryland,Baltimore city,0,24510,21218,-76.61787,39.33085,2023,"Rethinking Injuries: Interdisciplinary Approaches to Harm, Safety, and Society",Collaborative Research,Research Programs,50000,History,"History, Other","History, Other",2.9,NA,3788310,545889
RZ-292797-23,139658,Emory University,Two-Year College,3,0,Atlanta,GA,Georgia,DeKalb,0,13089,30322,-84.32618,33.78858,2023,Tango in the Humanities: Examining a Multidimensional Art Form Across Disciplinary and Geographic Boundaries,Collaborative Research,Research Programs,49312,Arts,Music History and Criticism,Music History and Criticism,3.3,NA,1817120.51,317388
RZ-292800-23,198419,Duke University,Publishing,3,0,Durham,NC,North Carolina,Durham,0,37063,27705,-78.92459,36.00683,2023,The Value of Care: A Public Scholarly Exchange,Collaborative Research,Research Programs,249552,History,"History, General","Gender Studies; History, General",3.1,NA,4368610,1045043
FZ-292834-23,190549,"CUNY Research Foundation, Brooklyn College",Two-Year College,6,0,Brooklyn,NY,New York,Kings,0,36047,11210,-73.95285,40.63213,2023,The Man Who Made Shakespeare: Richard Burbage (c. 1567-1619) and Theatrical Partnership,Public Scholars,Research Programs,60000,Literature,British Literature,British Literature,5.5,NA,7011052.99,979650
FZ-292855-23,139959,University of Georgia,University,3,0,Athens,GA,Georgia,Clarke,0,13059,30602,-83.37298,33.95023,2023,The Black Prince: The Emancipated Life of Prince Rivers (1824-1887) of South Carolina,Public Scholars,Research Programs,60000,History,African American History,African American History; Military History; Political History,3.3,NA,1048174.2,362070
RZ-292864-23,100751,University of Alabama,Four-Year College,4,0,Tuscaloosa,AL,Alabama,Tuscaloosa,1,01125,35487,-87.54182,33.22002,2023,Notre Dame in Color: Interpreting the Layers of Polychromy on the Sculptures of the Cathedral of Paris Using 3D Modeling,Collaborative Research,Research Programs,249995,Arts,Art History and Criticism,Art History and Criticism; Cultural Anthropology,2.3,NA,1343238.51,309995
PG-292948-23,199218,"University of North Carolina, Wilmington",Four-Year College,6,0,Wilmington,NC,North Carolina,New Hanover,0,37129,28403,-77.87915,34.22712,2023,Preserving published cultural heritage in Southeast North Carolina through the purchase of supplies,Preservation Assistance Grants,Preservation and Access,10000,Interdisciplinary,"Interdisciplinary Studies, General","Interdisciplinary Studies, General",3.1,NA,247239,187239
RJ-292957-23,NA,National Humanities Center,Center For Advanced Study/Research Institute,NA,NA,Research Triangle Park,NC,North Carolina,Durham,0,37063,27709,-78.84971,35.93232,2022,Heart plus 10 Symposium,Cooperative Agreements and Special Projects (Research),Research Programs,12400,Unspecified,NA,NA,3.2,11.1,4368610,361530
PJ-292986-23,139959,University of Georgia,University,3,0,Athens,GA,Georgia,Clarke,0,13059,30602,-83.37298,33.95023,2023,Georgia National Digital Newspaper Program Cycle 4,National Digital Newspaper Program,Preservation and Access,302070,History,U.S. History,U.S. History,3.3,NA,1048174.2,362070
PB-292987-23,NA,"Appalshop, Inc.",Non-Profit Educational Center,NA,NA,Whitesburg,KY,Kentucky,Letcher,1,21133,41858,-82.83578,37.13278,2022,Salvage and Digitization of Appalshop Archive Films,Cooperative Agreements and Special Projects (P&A),Preservation and Access,30000,Unspecified,NA,History,6.3,28.7,391590,30000
PJ-292993-23,NA,Ohio Historical Society,Four-Year College,NA,NA,Columbus,OH,Ohio,Franklin,0,39049,43211,-82.98765,40.00095,2023,"National Digital Newspaper Program in Ohio, Round VI",National Digital Newspaper Program,Preservation and Access,319511,History,U.S. History,U.S. History,3.1,NA,1472216.81,441011
PF-292995-23,NA,"City of High Point, North Carolina",History Museum,NA,NA,High Point,NC,North Carolina,Guilford,0,37081,27260,-80.00242,35.95504,2023,Creating a Sustainable Preservation Environment at the High Point Museum,Sustaining Cultural Heritage Collections,Preservation and Access,349247,History,U.S. History,U.S. History,3.9,NA,999908.92,374247
PG-293008-23,NA,Kennard Alumni Association Inc.,Museum,NA,NA,Centreville,MD,Maryland,Queen Anne's,0,24035,21617,-76.06478,39.03902,2023,Protecting Our Stories: Preserving the Collections of the kennard Heritage Center and Museum,Preservation Assistance Grants,Preservation and Access,10000,History,African American History,African American History,1.8,NA,107784,10000
TR-293016-23,199120,University of North Carolina,University,3,0,Chapel Hill,NC,North Carolina,Orange,0,37135,27514,-79.03013,35.90926,2023,Insurrection 1898,Media Projects Production,Public Programs,600000,History,African American History,"African American History; Arts, Other; U.S. History",2.9,NA,1384311.22,644500
PG-293018-23,NA,Corporation for Jefferson's Poplar Forest,Historical Site/House,NA,NA,Forest,VA,Virginia,Bedford,0,51019,24551,-79.25103,37.37158,2023,General Preservation Assessment of Thomas Jefferson’s Poplar Forest,Preservation Assistance Grants,Preservation and Access,9205,History,U.S. History,U.S. History,2.9,NA,9205,9205
PF-293052-23,139940,"Georgia State University Research Foundation, Inc.",Two-Year College,NA,NA,Atlanta,GA,Georgia,Newton,0,13217,30302,-83.69758,33.612,2023,Creating a Sustainable Preservation Media Storage Environment,Sustaining Cultural Heritage Collections,Preservation and Access,344315,History,U.S. History,U.S. History,3.8,NA,1331330.3399999999,759011
PG-293055-23,NA,EBT Foundation Inc.,Historic Preservation Organization,NA,NA,Rockhill Furnace,PA,Pennsylvania,Huntingdon,1,42061,17249,-77.89844,40.24133,2023,East Broad Top Railroad Archives and Special Collections – Disaster Response Planning and Environmental Monitoring,Preservation Assistance Grants,Preservation and Access,10000,Area Studies,American Studies,American Studies,4.3,NA,857595,159989
TR-293102-24,NA,WNET,University,NA,NA,New York,NY,New York,New York,0,36061,10019,-73.98644,40.76202,2023,American Masters: Elie Wiesel: Soul on Fire,Media Projects Production,Public Programs,600000,Area Studies,American Studies,"American Studies; History, General",4.6,NA,78116853.73,9070702.95
GG-293111-23,NA,"American Musicological Society, Inc.",Professional Association,NA,NA,New York,NY,New York,New York,0,36061,10012,-73.99711,40.72623,2023,“Many Musics of America”: Interpreting What Music Means to America’s Peoples,Humanities Discussions,Public Programs,334140,Arts,Music History and Criticism,Ethnomusicology; Music History and Criticism; Public History,4.6,NA,78116853.73,9070702.95
PG-293126-23,163462,Mount St. Mary's University,Four-Year College,7,0,Emmitsburg,MD,Maryland,Frederick,0,24021,21727,-77.34877,39.68428,2023,Preservation of the Rare Books Collection at Mount St. Mary's University,Preservation Assistance Grants,Preservation and Access,10000,History,Western Civilization,Western Civilization,2,NA,309486,40000
GE-293133-23,201885,University of Cincinnati,University,3,0,Cincinnati,OH,Ohio,Hamilton,0,39061,45220,-84.52053,39.12967,2023,NEH Public Humanities Project Planning: Avondale Neighborhood History Initiative,Exhibitions: Planning,Public Programs,74998,History,African American History,African American History; Public History; Urban History,3.2,NA,2003700,140998
HAA-293142-23,NA,PHAROS: The International Photo Archives Association,Arts-Related Organization,NA,NA,Brooklyn,NY,New York,Kings,0,36047,11215,-73.98011,40.67052,2023,"PHAROS: Explore, Connect and Contextualize Art Histories",Digital Humanities Advancement Grants,Digital Humanities,349650,Arts,Art History and Criticism,"Art History and Criticism; Arts, General; Interdisciplinary Studies, Other",5.5,NA,7011052.99,979650
PF-293144-23,NA,Rosenbach Museum & Library,Historical Site/House,NA,NA,Philadelphia,PA,Pennsylvania,Philadelphia,0,42101,19103,-75.17549,39.94745,2023,Rosenbach Museum & Library Delancey Place Lighting Upgrades Project,Sustaining Cultural Heritage Collections,Preservation and Access,330977,Literature,"Literature, General","History, General; Literature, General",4.2,NA,14436056.34,2496983
PG-293146-23,197197,Wagner College,Four-Year College,7,0,Staten Island,NY,New York,Richmond,0,36085,10301,-74.09021,40.61197,2023,Wagner College Archive Preservation,Preservation Assistance Grants,Preservation and Access,10000,Interdisciplinary,"Interdisciplinary Studies, General","Interdisciplinary Studies, General",4.9,NA,167145,10000
PG-293147-23,NA,Apollo Theater Foundation,Independent Production Company,NA,NA,New York,NY,New York,New York,0,36061,10027,-73.95089,40.81016,2023,Equipment for the Expansion of the Apollo Theater's Digital Archives,Preservation Assistance Grants,Preservation and Access,5000,Arts,"Arts, Other","Arts, Other",4.6,NA,78116853.73,9070702.95
TR-293156-23,NA,"Radio Diaries, Inc.",Independent Production Company,NA,NA,Brooklyn,NY,New York,Kings,0,36047,11201,-73.9867,40.70412,2023,The Audio History Project,Media Projects Production,Public Programs,450000,History,U.S. History,Journalism; U.S. History,5.5,NA,7011052.99,979650
GE-293162-23,213385,Lafayette College,Four-Year College,9,0,Easton,PA,Pennsylvania,Northampton,0,42095,18042,-75.22717,40.67153,2023,Experiencing Revolution in the “Backcountry”: Lehigh Valley Contributions to the New Nation,Exhibitions: Planning,Public Programs,75000,History,U.S. History,American Studies; U.S. History; U.S. Regional Studies,3.5,NA,1295725.72,75000
PG-293172-23,NA,Mattress Factory Ltd.,Art Museum,NA,NA,Pittsburgh,PA,Pennsylvania,Allegheny,1,42003,15212,-80.01228,40.45691,2023,The Greer Lankton Collection: Preserving the work of transgender artist Greer Lankton (1958-1996),Preservation Assistance Grants,Preservation and Access,10000,Arts,"Arts, Other","Arts, Other",3.3,NA,5940946.359999999,470911
PG-293173-23,NA,"Center for Photography at Woodstock, Inc.",Arts-Related Organization,NA,NA,Kingston,NY,New York,Ulster,0,36111,12401,-73.99911,41.92763,2023,CPW Preservation Assessment and Care Plan,Preservation Assistance Grants,Preservation and Access,10000,Arts,"Arts, General","Art History and Criticism; Arts, General",3.4,NA,434505.94,10000
PG-293174-23,157085,University of Kentucky Research Foundation,Four-Year College,3,0,Lexington,KY,Kentucky,Fayette,0,21067,40506,-84.50654,38.03919,2023,Kentucky Geological Survey Environmental Monitoring Program Development,Preservation Assistance Grants,Preservation and Access,10000,Interdisciplinary,"Interdisciplinary Studies, Other","Interdisciplinary Studies, Other",3.4,NA,1457528.43,344526
GG-293183-23,198419,Duke University,Publishing,3,0,Durham,NC,North Carolina,Durham,0,37063,27705,-78.92459,36.00683,2023,SNCC and Grassroots Organizing: Building a More Perfect Union,Humanities Discussions,Public Programs,349991,History,African American History,African American History,3.1,NA,4368610,1045043
PG-293200-23,157076,Kentucky Wesleyan College,Four-Year College,9,0,Owensboro,KY,Kentucky,Daviess,0,21059,42301,-87.11591,37.74437,2023,Preserving the UMC Archival Collection of Kentucky Wesleyan College,Preservation Assistance Grants,Preservation and Access,10000,Social Science,"Social Sciences, General","History, General; Social Sciences, General",4.3,NA,10000,10000
HAA-293210-23,233921,Virginia Polytechnic Institute and State University,University,3,0,Blacksburg,VA,Virginia,Montgomery,1,51121,24061,-80.4191,37.22859,2023,Early Modern Digital Itineraries: Workshops for a Data-Driven Approach to Premodern Travel,Digital Humanities Advancement Grants,Digital Humanities,74281,History,"History, General","European History; History, General; Renaissance Studies",2.8,NA,1218224.98,305780
PG-293215-23,206437,Walsh University,Four-Year College,7,0,North Canton,OH,Ohio,Stark,0,39151,44720,-81.36655,40.87494,2023,Environmental Monitoring Education and Implementation for the Hoover Historical Center Collections Spaces,Preservation Assistance Grants,Preservation and Access,9350,History,Cultural History,"Cultural History; History, Other",3.7,NA,95775,9350
TR-293231-23,NA,"GWETA, Inc.",Television Station,NA,NA,Arlington,VA,Virginia,Arlington,0,51013,22206,-77.08648,38.84087,2023,Crime and Punishment in America,Media Projects Production,Public Programs,600000,History,U.S. History,U.S. History,2.1,NA,2852075.54,690450
PG-293316-23,NA,Scribe Video Center,Non-Profit Educational Center,NA,NA,Philadelphia,PA,Pennsylvania,Philadelphia,0,42101,19104,-75.20662,39.95608,2023,Assessment and Pilot Preservation Plan for Scribe Video Center's Collections,Preservation Assistance Grants,Preservation and Access,10000,History,African American History,African American History; Film History and Criticism,4.2,NA,14436056.34,2496983
GE-293317-23,NA,American Museum of the Moving Image Inc.,Museum,NA,NA,Astoria,NY,New York,Queens,0,36081,11106,-73.92385,40.75637,2023,Developing a New Core Exhibition for Museum of the Moving Image,Exhibitions: Planning,Public Programs,74820,Arts,Media Studies,"Arts, Other; Cultural History; Media Studies",4.6,NA,2433038.77,459305
TR-293344-23,NA,"Firelight Media, Inc.",Arts-Related Organization,NA,NA,New York,NY,New York,New York,0,36061,10031,-73.9471,40.82363,2023,Sun Ra and the Roots of Afrofuturism,Media Projects Production,Public Programs,700000,Arts,"Arts, Other","Arts, Other",4.6,NA,78116853.73,9070702.95
PF-293383-24,NA,Mill at Anselma Preservation,Historical Site/House,NA,NA,Chester Springs,PA,Pennsylvania,Chester,0,42029,19425,-75.64657,40.08226,2023,Fire Suppression Planning,Sustaining Cultural Heritage Collections,Preservation and Access,20480,History,"History, Other","History, Other",2.6,NA,235059.28999999998,80480
PG-293385-23,162928,Johns Hopkins University,Publishing,3,0,Baltimore,MD,Maryland,Baltimore city,0,24510,21218,-76.61787,39.33085,2023,Comprehensive Risk Assessment and Disaster Preparedness Training at Evergreen Museum & Library,Preservation Assistance Grants,Preservation and Access,10000,Interdisciplinary,"Interdisciplinary Studies, Other","Interdisciplinary Studies, Other",2.9,NA,3788310,545889
PJ-293387-23,157085,University of Kentucky Research Foundation,Four-Year College,3,0,Lexington,KY,Kentucky,Fayette,0,21067,40506,-84.50654,38.03919,2023,Kentucky Digital Newspaper Program,National Digital Newspaper Program,Preservation and Access,322526,History,U.S. History,U.S. History,3.4,NA,1457528.43,344526
PN-293397-23,NA,Museum at Bethel Woods,History Museum,NA,NA,Bethel,NY,New York,Sullivan,0,36105,12720,-74.88475,41.67662,2023,1960s Oral Histories – New York Community Connectors,Cultural and Community Resilience,Preservation and Access,132760,History,U.S. History,African American History; Public History; U.S. History,3.3,NA,132760,132760
HAA-293399-23,NA,"Klezmer Institute, Inc.",Arts-Related Organization,NA,NA,Yonkers,NY,New York,Westchester,0,36119,10702,-73.90105,40.93472,2023,The Klezmer Archive Project,Digital Humanities Advancement Grants,Digital Humanities,150000,Arts,Ethnomusicology,Ethnomusicology; Folklore and Folklife; Jewish Studies,3.4,NA,2797620.9,545674
PN-293406-23,NA,Harrison County Library System,Public Library,NA,NA,Gulfport,MS,Mississippi,Harrison,0,28047,39503,-89.10416,30.46171,2023,"Preserving the History of At-Risk Groups in Harrison County, Mississippi",Cultural and Community Resilience,Preservation and Access,47566,History,Cultural History,"Cultural History; History, General; Public History",2.9,NA,47566,47566
HAA-293408-23,212911,Corporation of Haverford College,Four-Year College,NA,NA,Haverford,PA,Pennsylvania,Montgomery,0,42091,19041,-75.3032,40.01381,2023,Bridge Readability Tools for Historical Language Text Analysis and Data-Informed Pedagogy,Digital Humanities Advancement Grants,Digital Humanities,148015,Language,Classical Languages,Ancient Languages; Classical Languages; Classics,2.8,NA,405527.33,160015
PF-293413-23,NA,Oneida Indian Nation,Four-Year College,NA,NA,Oneida,NY,New York,Madison,0,36053,13421,-75.64722,43.07788,2023,Oneida Indian Nation Archives Renovation,Sustaining Cultural Heritage Collections,Preservation and Access,350000,Area Studies,Native American Studies,Native American Studies,3.7,NA,1002715.85,608857
PF-293415-23,NA,Shaker Heritage Society,Historical Site/House,NA,NA,Albany,NY,New York,Albany,0,36001,12211,-73.80945,42.73842,2023,Environmental Upgrades in the 1848 Shaker Meeting House,Sustaining Cultural Heritage Collections,Preservation and Access,98273,Area Studies,American Studies,American Studies,3.3,NA,1483153.6,598273
PG-293418-23,NA,Academy of American Poets,National Organization,NA,NA,New York,NY,New York,New York,0,36061,10038,-74.00761,40.70761,2023,Protecting an American Poetry Archive,Preservation Assistance Grants,Preservation and Access,10000,Literature,"Literature, General","Literature, General; U.S. History",4.6,NA,78116853.73,9070702.95
PJ-293421-23,163286,"University of Maryland, College Park",University,3,0,College Park,MD,Maryland,Prince George's,0,24033,20742,-76.95018,38.9975,2023,"Historic Maryland Newspapers Project, Phase 6",National Digital Newspaper Program,Preservation and Access,322532,History,U.S. History,U.S. History,2.2,NA,4393763.9399999995,592032
PF-293430-23,204936,Otterbein University,Four-Year College,7,0,Westerville,OH,Ohio,Franklin,0,39049,43081,-82.93555,40.12483,2023,University Archives: Planning for Compact Shelving,Sustaining Cultural Heritage Collections,Preservation and Access,50000,History,"History, Other","History, General; History, Other",3.1,NA,1472216.81,441011
HAA-293452-23,221999,Vanderbilt University,Four-Year College,3,0,Nashville,TN,Tennessee,Davidson,0,47037,37203,-86.80065,36.14959,2023,GeoPACHA 2.0: Large-Scale Archaeological Imagery Survey Through Human-Machine Teaming,Digital Humanities Advancement Grants,Digital Humanities,348190,Humanities,Archaeology,Anthropology; Archaeology,2.7,NA,3331367.6799999997,1018491
HAA-293454-23,233374,University of Richmond,Four-Year College,9,0,Richmond,VA,Virginia,Richmond city,0,51760,23173,-77.54296,37.57626,2023,Prototyping a Digital Tool for Computer-Assisted Annotation and Analysis of Music Performance,Digital Humanities Advancement Grants,Digital Humanities,74973,Arts,Music History and Criticism,Music History and Criticism,3.5,NA,3795322.18,348571
PG-293462-23,196079,"SUNY Research Foundation, Binghamton",Two-Year College,4,0,Binghamton,NY,New York,Broome,1,36007,13902,-75.96456,42.09521,2023,General Conservation Assessment of the Binghamton University Art Museum,Preservation Assistance Grants,Preservation and Access,9971,Arts,"Arts, Other","Arts, Other",3.9,NA,600707.48,15971
PG-293465-23,NA,American Folk Art Museum,Art Museum,NA,NA,Long Island City,NY,New York,Queens,0,36081,11101,-73.9332,40.74184,2023,Digital Preservation Assessment and Storage Project,Preservation Assistance Grants,Preservation and Access,10000,Arts,"Arts, General","Arts, General",4.6,NA,2433038.77,459305
PN-293468-23,190150,Trustees of Columbia University in the City of New York,Non-Profit Educational Center,3,0,New York,NY,New York,New York,0,36061,10032,-73.94104,40.84173,2023,Mott Haven History Keepers: Investing in Grassroots Public Humanities Infrastructure,Cultural and Community Resilience,Preservation and Access,148988,History,Public History,Anthropology; Public History; Urban Studies,4.6,NA,78116853.73,9070702.95
PG-293485-24,NA,"Lower Cape Fear Historical Society, Inc.",Historical Site/House,NA,NA,Wilmington,NC,North Carolina,New Hanover,0,37129,28401,-77.94597,34.2334,2023,Properly Preserving the Past for the Future,Preservation Assistance Grants,Preservation and Access,9600,History,Public History,Public History,3.1,NA,247239,187239
PF-293495-23,NA,Everson Museum of Art of Syracuse and Onondaga County,Art Museum,NA,NA,Syracuse,NY,New York,Onondaga,0,36067,13202,-76.14752,43.04438,2023,Everson Museum of Art Building Preservation and Sustainability Project - Ceilings,Sustaining Cultural Heritage Collections,Preservation and Access,100000,Arts,"Arts, General","Arts, General",3.5,NA,546098.95,166748
PN-293507-23,NA,"Appalshop, Inc.",Non-Profit Educational Center,NA,NA,Whitesburg,KY,Kentucky,Letcher,1,21133,41858,-82.83578,37.13278,2023,"Identifying, Preserving, and Amplifying Black Appalachian Experiences and Voices in Central Appalachia",Cultural and Community Resilience,Preservation and Access,136500,Interdisciplinary,"Interdisciplinary Studies, General","Interdisciplinary Studies, General; Social Sciences, General; U.S. Regional Studies",6.3,NA,391590,146500
HAA-293510-23,193900,New York University,Publishing,3,0,New York,NY,New York,New York,0,36061,10012,-73.99706,40.7299,2023,Migrants and the State: Unlocking the Potential of A-files for the Histories of U.S. Immigration,Digital Humanities Advancement Grants,Digital Humanities,139706,History,Immigration History,Immigration History,4.6,NA,78116853.73,9070702.95
PF-293513-23,NA,"National September 11 Memorial and Museum at the World Trade Center Foundation, Inc.",History Museum,NA,NA,New York,NY,New York,New York,0,36061,10281,-74.01319,40.71333,2023,Slurry Wall Preservation: Investigating Sustainable Water Mitigation Drainage Systems,Sustaining Cultural Heritage Collections,Preservation and Access,49513,History,U.S. History,American Studies; U.S. History,4.6,NA,78116853.73,9070702.95
PF-293514-24,NA,Center for Jewish History,Center For Advanced Study/Research Institute,NA,NA,New York,NY,New York,New York,0,36061,10011,-73.99332,40.73771,2023,Sustainable Stacks: Reconstructing the Building Envelope at the Center for Jewish History,Sustaining Cultural Heritage Collections,Preservation and Access,350000,Area Studies,Jewish Studies,"History, General; Jewish Studies",4.6,NA,78116853.73,9070702.95
PG-293516-23,NA,Seward House Museum,Four-Year College,NA,NA,Auburn,NY,New York,Cayuga,0,36011,13021,-76.56606,42.9291,2023,Purchase of Furniture to Continue Upgrade of Seward House Museum Collections Storage,Preservation Assistance Grants,Preservation and Access,6488,History,"History, General","History, General",3.6,NA,110855,6488
PG-293521-23,NA,"Greenville Museum of Art, Incorporated",Art Museum,NA,NA,Greenville,NC,North Carolina,Pitt,0,37147,27834,-77.37405,35.60762,2023,Greenville Museum of Art Environmental Monitoring and Emergency Supplies,Preservation Assistance Grants,Preservation and Access,4399,Arts,"Arts, General","Arts, General; History, General",3.9,NA,511535.98,4399
PF-293552-23,NA,Buffalo and Erie County Historical Society,Historical Society,NA,NA,Buffalo,NY,New York,Erie,0,36029,14216,-78.87713,42.93592,2023,Reimagining Access to Collections at the Buffalo History Museum,Sustaining Cultural Heritage Collections,Preservation and Access,50000,History,U.S. History,U.S. History,3.8,NA,3031666.7,229312
PG-293557-23,NA,Hollidaysburg Area Public Library,Public Library,NA,NA,Hollidaysburg,PA,Pennsylvania,Blair,1,42013,16648,-78.40942,40.44675,2023,Preservation Needs Assessment - Hollidaysburg Area Public Library,Preservation Assistance Grants,Preservation and Access,6400,History,U.S. History,U.S. History,3.3,NA,6400,6400
PG-293560-23,NA,"Appalshop, Inc.",Non-Profit Educational Center,NA,NA,Whitesburg,KY,Kentucky,Letcher,1,21133,41858,-82.83578,37.13278,2023,Appalshop Archive Staff Training on Cleaning and Digitization of Flood Damaged Media,Preservation Assistance Grants,Preservation and Access,10000,Area Studies,American Studies,American Studies; Folklore and Folklife; Rural Studies,6.3,NA,391590,146500
PN-293564-23,NA,"South Asian American Digital Archive, NFP",Archive,NA,NA,Philadelphia,PA,Pennsylvania,Philadelphia,0,42101,19107,-75.16224,39.94919,2023,Communities of Care: Stories from South Asian American Healthcare Workers,Cultural and Community Resilience,Preservation and Access,150000,History,"History and Philosophy of Science, Technology, and Medicine","Asian American Studies; History and Philosophy of Science, Technology, and Medicine; U.S. History",4.2,NA,14436056.34,2496983
EH-293609-23,232186,George Mason University,Four-Year College,4,0,Fairfax,VA,Virginia,Fairfax,0,51059,22030,-77.30756,38.83542,2023,Unpacking the History of Higher Education in the United States,Institutes for Higher Education Faculty,Education Programs,220000,History,"History, General","History, General",2.5,NA,3509975.9699999997,1018809
ES-293634-23,190099,Colgate University,Four-Year College,9,0,Hamilton,NY,New York,Madison,0,36053,13346,-75.53284,42.81934,2023,Abolitionism and the Underground Railroad,Institutes for K-12 Educators,Education Programs,198857,History,African American History,African American History; U.S. History,3.7,NA,1002715.85,608857
ES-293635-23,138600,Agnes Scott College,Four-Year College,9,0,Decatur,GA,Georgia,DeKalb,0,13089,30030,-84.29518,33.77008,2023,Shakespeare and Digital Storytelling,Institutes for K-12 Educators,Education Programs,173105,Arts,Theater History and Criticism,Theater History and Criticism,3.3,NA,1817120.51,317388
ES-293640-23,NA,Interfaith Center of New York,Non-Profit Educational Center,NA,NA,New York,NY,New York,New York,0,36061,10115,-73.96432,40.81071,2023,Religious Worlds of New York: Teaching the Everyday Life of American Religious Diversity,Institutes for K-12 Educators,Education Programs,197846,Humanities,Comparative Religion,American Studies; Comparative Religion; Urban Studies,4.6,NA,78116853.73,9070702.95
ES-293647-23,190576,"CUNY Research Foundation, Graduate School and University Center",Center For Advanced Study/Research Institute,3,0,New York,NY,New York,New York,0,36061,10016,-73.98421,40.74873,2023,LGBTQ+ Histories of the United States,Institutes for K-12 Educators,Education Programs,175000,History,U.S. History,U.S. History,4.6,NA,78116853.73,9070702.95
ES-293653-23,100654,Alabama A&M University,Four-Year College,6,1,Normal,AL,Alabama,Madison,1,01089,35762,-86.59353,34.77172,2023,From Alabama to New York: How the Great Migration Shaped the Harlem Renaissance,Institutes for K-12 Educators,Education Programs,191219,Area Studies,African American Studies,African American History; African American Studies; Immigration History,2,NA,332581,191219
BH-293664-23,196149,Research Foundation for the State University of New York,Four-Year College,NA,NA,Cortland,NY,New York,Tompkins,1,36109,13045,-76.26239,42.56495,2023,Forever Wild: The Adirondacks in the Gilded Age and Progressive Era,Landmarks of American History and Culture for K-12 Educators,Education Programs,189258,History,U.S. History,U.S. History,3.1,NA,2959805.7,464409
BH-293671-23,NA,Mississippi Department of Archives and History,State/Local/Federal Government,NA,NA,Jackson,MS,Mississippi,Hinds,0,28049,39205,-90.18521,32.29434,2023,Freedom Summer: 60 Years Later,Landmarks of American History and Culture for K-12 Educators,Education Programs,186444,History,African American History,African American History; U.S. History,3.1,NA,2385566.77,216444
BH-293700-23,139940,"Georgia State University Research Foundation, Inc.",Two-Year College,NA,NA,Atlanta,GA,Georgia,Newton,0,13217,30302,-83.69758,33.612,2023,The Problem of the Color Line: Atlanta Landmarks and Civil Rights History,Landmarks of American History and Culture for K-12 Educators,Education Programs,189946,History,U.S. History,African Studies; U.S. History,3.8,NA,1331330.3399999999,759011
EH-293702-23,234030,Virginia Commonwealth University,University,3,0,Richmond,VA,Virginia,Richmond city,0,51760,23284,-77.453,37.54946,2023,Towards a People’s History of Landscape: Black & Indigenous Histories,Institutes for Higher Education Faculty,Education Programs,182762,History,Cultural History,African American History; Cultural History,3.5,NA,3795322.18,348571
ES-293704-23,NA,"City Lore, Inc.",University,NA,NA,New York,NY,New York,New York,0,36061,10003,-73.98969,40.7239,2023,Somos Boricuas: Understanding Puerto Rican Migration and Community Building through the Arts and Humanities,Institutes for K-12 Educators,Education Programs,175000,Humanities,Folklore and Folklife,Folklore and Folklife; Immigration History; Latin American History,4.6,NA,78116853.73,9070702.95
BH-293708-23,215293,University of Pittsburgh,Four-Year College,3,0,Pittsburgh,PA,Pennsylvania,Allegheny,1,42003,15260,-79.95595,40.44347,2023,The Homestead Steel Strike and the Growth of America as an Industrial Power,Landmarks of American History and Culture for K-12 Educators,Education Programs,186511,History,"History, General","History, General; U.S. History",3.3,NA,5940946.359999999,470911
ES-293712-23,NA,"Theatre for a New Audience, Inc.",National Organization,NA,NA,New York,NY,New York,New York,0,36061,10014,-74.00861,40.73255,2023,Teaching Shakespeare's Plays through Scholarship and Performance,Institutes for K-12 Educators,Education Programs,188290,Arts,"Arts, Other","Arts, Other",4.6,NA,78116853.73,9070702.95
ES-293713-23,199218,"University of North Carolina, Wilmington",Four-Year College,6,0,Wilmington,NC,North Carolina,New Hanover,0,37129,28403,-77.87915,34.22712,2023,"Wilmington 1898: Geographies of Rage, Resistance, and Resilience",Institutes for K-12 Educators,Education Programs,167639,History,"History, General","History, General; U.S. Regional Studies",3.1,NA,247239,187239
DOI-293720-23,215293,University of Pittsburgh,Four-Year College,3,0,Pittsburgh,PA,Pennsylvania,Allegheny,1,42003,15260,-79.95595,40.44347,2023,Teaching Art History with AI,Dangers and Opportunities of Technology: Perspectives from the Humanities (Individuals),Digital Humanities,66329,Arts,"History, Criticism, and Theory of the Arts","History, Criticism, and Theory of the Arts",3.3,NA,5940946.359999999,470911
BH-293728-23,NA,"Nobis Project, Inc.",Unspecified,NA,NA,Savannah,GA,Georgia,Chatham,0,13051,31412,-81.09429,32.07894,2023,The Legacy of Early African Americans and the Gullah-Geechee People,Landmarks of American History and Culture for K-12 Educators,Education Programs,190000,Area Studies,African American Studies,African American Studies; Cultural History,2.9,NA,381908,190000
BH-293735-23,190628,"CUNY Research Foundation, LaGuardia Community College",Two-Year College,1,0,Long Island City,NY,New York,Queens,0,36081,11101,-73.93514,40.74395,2023,New York as Port City,Landmarks of American History and Culture for K-12 Educators,Education Programs,189985,Literature,American Literature,American Literature,4.6,NA,2433038.77,459305
EH-293736-23,190415,Cornell University,Four-Year College,3,0,Ithaca,NY,New York,Tompkins,1,36109,14850,-76.46515,42.43782,2023,Summer Institute in Moral Psychology,Institutes for Higher Education Faculty,Education Programs,209151,Social Science,Economics,Economics,3.1,NA,2959805.7,464409
EH-293738-23,162928,Johns Hopkins University,Publishing,3,0,Baltimore,MD,Maryland,Baltimore city,0,24510,21218,-76.61787,39.33085,2023,Health Humanities: Dismantling Structural Injustice in Healthcare,Institutes for Higher Education Faculty,Education Programs,166889,Interdisciplinary,"Interdisciplinary Studies, Other","Interdisciplinary Studies, Other",2.9,NA,3788310,545889
BH-293742-23,NA,"National Council for History Education, Inc.",National Organization,NA,NA,University Heights,OH,Ohio,Cuyahoga,0,39035,44118,-81.53795,41.50126,2023,The Space Age on the Space Coast,Landmarks of American History and Culture for K-12 Educators,Education Programs,190000,History,U.S. History,History of Science; U.S. History,3.8,NA,1340039.36,224968
BH-293754-23,191126,Fashion Institute of Technology,Two-Year College,8,0,New York,NY,New York,New York,0,36061,10001,-73.9942,40.74689,2023,Creative Spaces/Contested Spaces:  Reinterpreting Italian American Public Art in New York City,Landmarks of American History and Culture for K-12 Educators,Education Programs,182444,History,Immigration History,"History, Criticism, and Theory of the Arts; Immigration History",4.6,NA,78116853.73,9070702.95
BH-293763-23,NA,National Constitution Center,History Museum,NA,NA,Philadelphia,PA,Pennsylvania,Philadelphia,0,42101,19106,-75.1492,39.95276,2023,Exploring the First Amendment,Landmarks of American History and Culture for K-12 Educators,Education Programs,190000,History,U.S. History,U.S. History,4.2,NA,14436056.34,2496983
ES-293770-23,NA,New York Historical Society,Historical Society,NA,NA,New York,NY,New York,New York,0,36061,10024,-73.97399,40.77909,2023,"American Women, American Citizens: 1920-1948",Institutes for K-12 Educators,Education Programs,194648,History,Women's History,U.S. History; Women's History,4.6,NA,78116853.73,9070702.95
ES-293771-23,NA,Gilder Lehrman Institute of American History,University,NA,NA,New York,NY,New York,New York,0,36061,10036,-73.98047,40.75511,2023,"Pacific Crossings: Asian American and Pacific Islander Histories, 1870s to the Present",Institutes for K-12 Educators,Education Programs,174607,History,U.S. History,"History, Other; U.S. History",4.6,NA,78116853.73,9070702.95
ES-293780-23,NA,"South Asian American Digital Archive, NFP",Archive,NA,NA,Philadelphia,PA,Pennsylvania,Philadelphia,0,42101,19107,-75.16224,39.94919,2023,The Missing Stories: Reclaiming History through Community Archives,Institutes for K-12 Educators,Education Programs,120000,Area Studies,American Studies,American Studies; Immigration History; Public History,4.2,NA,14436056.34,2496983
DOI-293797-23,196413,Syracuse University,University,4,0,Syracuse,NY,New York,Onondaga,0,36067,13244,-76.13731,43.03933,2023,Good Decisions: Data Science as a Moral Practice,Dangers and Opportunities of Technology: Perspectives from the Humanities (Individuals),Digital Humanities,66748,Humanities,Ethics,Ethics; Philosophy of Science,3.5,NA,546098.95,166748
DOI-293825-23,NA,Rector and Visitors of the University of Virginia,Publishing,NA,NA,Charlottesville,VA,Virginia,Charlottesville city,0,51540,22903,-78.50208,38.05021,2023,The Spontaneity Deficit: Dangers and Opportunities of the Age of Distraction,Dangers and Opportunities of Technology: Perspectives from the Humanities (Individuals),Digital Humanities,75000,Humanities,Philosophy of Science,"Ethics; Philosophy of Science; Philosophy, Other",2.4,NA,5667497.82,339261
DOI-293831-23,233921,Virginia Polytechnic Institute and State University,University,3,0,Blacksburg,VA,Virginia,Montgomery,1,51121,24061,-80.4191,37.22859,2023,Digital Inequalities in Latin America: The effects of Code and Infrastructure in Indigenous Access to the Internet,Dangers and Opportunities of Technology: Perspectives from the Humanities (Individuals),Digital Humanities,75000,Social Science,Communications,"Communications; Interdisciplinary Studies, Other; Sociology",2.8,NA,1218224.98,305780
SP-293848-23,NA,Federation of State Humanities Councils,National Organization,NA,NA,Arlington,VA,Virginia,Arlington,0,51013,22209,-77.07671,38.8943,2023,National Humanities Conference Equitable Access Grants,State Projects,Federal/State Partnership,60450,Unspecified,NA,NA,2.1,NA,2852075.54,690450
HT-293866-23,232186,George Mason University,Four-Year College,4,0,Fairfax,VA,Virginia,Fairfax,0,51059,22030,-77.30756,38.83542,2023,Mathematical Humanists,Institutes for Advanced Topics in the Digital Humanities,Digital Humanities,240787,History,"History, General","History, General",2.5,NA,3509975.9699999997,1018809
HT-293887-23,190576,"CUNY Research Foundation, Graduate School and University Center",Center For Advanced Study/Research Institute,3,0,New York,NY,New York,New York,0,36061,10016,-73.98421,40.74873,2023,Open Education Publishing Institute: Collaborative Knowledge and Social Justice,Institutes for Advanced Topics in the Digital Humanities,Digital Humanities,250000,Interdisciplinary,"Interdisciplinary Studies, General","Interdisciplinary Studies, General",4.6,NA,78116853.73,9070702.95
GA-293929-23,175856,Jackson State University,University,4,1,Jackson,MS,Mississippi,Hinds,0,28049,39217,-90.21089,32.29755,2023,50th Anniversary Reconvening of the Phillis Wheatley Poetry Festival,Cooperative Agreements and Special Projects (Public Programs),Public Programs,30000,Unspecified,NA,NA,3.1,NA,2385566.77,216444
FEL-294067-24,NA,New School,University,NA,NA,New York,NY,New York,New York,0,36061,10011,-73.99673,40.73547,2023,Firebrand: Susan Brownmiller and the Reinvention of Radical Feminism,Fellowships,Research Programs,60000,History,U.S. History,Political History; U.S. History; Women's History,4.6,NA,78116853.73,9070702.95
FEL-294123-24,233374,University of Richmond,Four-Year College,9,0,Richmond,VA,Virginia,Richmond city,0,51760,23173,-77.54296,37.57626,2023,"Easy Fixes: Race, Capitalism, and Social Engineering Schemes in the British West Indies, 1823-1865",Fellowships,Research Programs,60000,History,British History,British History; Cultural History; Economic History,3.5,NA,3795322.18,348571
GA-294206-23,NA,American Association for State and Local History,Professional Association,NA,NA,Nashville,TN,Tennessee,Davidson,0,47037,37212,-86.80135,36.13169,2023,Making History at 250: The Field Guide for the Semiquincentennial,Cooperative Agreements and Special Projects (Public Programs),Public Programs,19800,Unspecified,NA,NA,2.7,NA,3331367.6799999997,1018491
FEL-294258-24,221759,"University of Tennessee, Knoxville",Publishing,3,0,Knoxville,TN,Tennessee,Knox,1,47093,37916,-83.92774,35.9529,2023,"Settled Spaces: Tejano Architecture, 1690 - 1848",Fellowships,Research Programs,60000,Social Science,Architecture,Architecture; Hispanic American Studies; Latino History,2.8,NA,2097050.66,60000
FEL-294264-24,197869,Appalachian State University,Four-Year College,6,0,Boone,NC,North Carolina,Watauga,1,37189,28608,-81.75815,36.16908,2023,"Audacious Lives: A Biography of ""Michael Field""",Fellowships,Research Programs,60000,Literature,British Literature,British Literature,3,NA,66000,60000
FEL-294271-24,215062,Trustees of the University of Pennsylvania,University,3,0,Philadelphia,PA,Pennsylvania,Philadelphia,0,42101,19104,-75.19276,39.95298,2023,China's Empire of Law,Fellowships,Research Programs,60000,Humanities,Law and Jurisprudence,Anthropology; International Studies; Law and Jurisprudence,4.2,NA,14436056.34,2496983
HB-294310-24,139719,Fort Valley State University,Four-Year College,9,1,Fort Valley,GA,Georgia,Peach,0,13225,31030,-83.89565,32.54139,2023,Figuring It Out: Black Womanhood through the Figurative in Alison Saar’s Oeuvre,Awards for Faculty,Research Programs,10000,Arts,Art History and Criticism,"Art History and Criticism; History, Criticism, and Theory of the Arts",3.8,NA,10000,10000
FEL-294423-24,190099,Colgate University,Four-Year College,9,0,Hamilton,NY,New York,Madison,0,36053,13346,-75.53284,42.81934,2023,A Social and Environmental History of Agrichemicals,Fellowships,Research Programs,60000,History,"History, Other","History, Other; Interdisciplinary Studies, Other",3.7,NA,1002715.85,608857
HB-294449-24,190637,"CUNY Research Foundation, Lehman College",Individual,NA,NA,Bronx,NY,New York,Kings,0,36047,10468,-73.95925,40.65577,2023,Fighting the White Power Movement in the Late Twentieth Century,Awards for Faculty,Research Programs,60000,History,U.S. History,African American History; U.S. History,5.5,NA,7011052.99,979650
FEL-294654-24,162928,Johns Hopkins University,Publishing,3,0,Baltimore,MD,Maryland,Baltimore city,0,24510,21218,-76.61787,39.33085,2023,Monuments of Books: Yiddish Holocaust Literature from Latin America to Eastern Europe,Fellowships,Research Programs,60000,Area Studies,Jewish Studies,"Comparative Literature; Jewish Studies; Literature, Other",2.9,NA,3788310,545889
FEL-294665-24,190415,Cornell University,Four-Year College,3,0,Ithaca,NY,New York,Tompkins,1,36109,14850,-76.46515,42.43782,2023,"Mere Detention: Imprisonment in England, 1550-1800",Fellowships,Research Programs,60000,History,British History,British History; Legal History; Renaissance History,3.1,NA,2959805.7,464409
FEL-294686-24,212577,Franklin and Marshall College,Four-Year College,9,0,Lancaster,PA,Pennsylvania,Lancaster,0,42071,17603,-76.31655,40.0494,2023,The Book of Akron: A Global History of Rubber and Religion,Fellowships,Research Programs,60000,History,History of Religion,History of Religion; History of Science; U.S. Regional Studies,2.7,NA,520044,60000
HB-294689-24,162007,Bowie State University,Four-Year College,5,1,Bowie,MD,Maryland,Prince George's,0,24033,20715,-76.76381,39.0168,2023,Travelers in Caribbean Texts: 1950s-2020s,Awards for Faculty,Research Programs,60000,Literature,"Literature, Other","Literary Criticism; Literature, Other",2.2,NA,4393763.9399999995,592032
HB-294705-24,163453,Morgan State University,Four-Year College,5,1,Baltimore,MD,Maryland,Baltimore city,0,24510,21251,-76.58109,39.3454,2023,Gothic Foundations: The Civilizing Project of a Forgotten Nineteenth-Century Novel by Colombia's First President of African Descent,Awards for Faculty,Research Programs,20000,Literature,Latin American Literature,Comparative Literature; Latin American Literature,2.9,NA,3788310,545889
FEL-294759-24,486840,Kennesaw State University,Four-Year College,6,0,Marietta,GA,Georgia,Cobb,0,13067,30144,-84.57429,34.03431,2023,From Stalin to Putin: Ukrainian Genocide Narratives as Wartime Resistance and Reclamation (2014-present),Fellowships,Research Programs,60000,Humanities,Anthropology,Anthropology; Area Studies; Cultural Anthropology,2.8,NA,96454,60000
FEL-294784-24,195030,University of Rochester,University,3,0,Rochester,NY,New York,Monroe,0,36055,14627,-77.62391,43.13182,2023,A Literary History of African American and Japanese Cultural Exchange (1870 - 2015),Fellowships,Research Programs,60000,Literature,East Asian Literature,African American Studies; Comparative Literature; East Asian Literature,3.7,NA,5554529.78,855572
FEL-294823-24,198419,Duke University,Publishing,3,0,Durham,NC,North Carolina,Durham,0,37063,27705,-78.92459,36.00683,2023,Enslaved Childhoods: Survival and Storytelling in the Atlantic World,Fellowships,Research Programs,60000,Literature,"Literature, Other","History, Other; Literature, Other",3.1,NA,4368610,1045043
FEL-294951-24,217882,Clemson University,University,4,0,Clemson,SC,South Carolina,Pickens,1,45077,29634,-82.82688,34.68163,2023,Rhythms of Relation: Decolonizing Identity in Iranian Modernism,Fellowships,Research Programs,60000,Literature,Comparative Literature,Comparative Literature; Film History and Criticism; Near and Middle Eastern Literature,2.9,NA,985048.5,66000
FEL-295043-24,215062,Trustees of the University of Pennsylvania,University,3,0,Philadelphia,PA,Pennsylvania,Philadelphia,0,42101,19104,-75.19276,39.95298,2023,Lou Andreas-Salomé’s Psychoanalytic Theory,Fellowships,Research Programs,60000,Social Science,Gender Studies,"Gender Studies; German Language; History and Philosophy of Science, Technology, and Medicine",4.2,NA,14436056.34,2496983
FEL-295057-24,201885,University of Cincinnati,University,3,0,Cincinnati,OH,Ohio,Hamilton,0,39061,45220,-84.52053,39.12967,2023,On the Spectrum: Refugees from Nazi Austria and the Politics of Disability and Belonging in Britain and America,Fellowships,Research Programs,60000,History,European History,European History; History of Science; Jewish Studies,3.2,NA,2003700,140998
FEL-295070-24,232186,George Mason University,Four-Year College,4,0,Fairfax,VA,Virginia,Fairfax,0,51059,22030,-77.30756,38.83542,2023,In Pursuit of Justice in Post-Genocide Guatemala,Fellowships,Research Programs,60000,Area Studies,Latin American Studies,Comparative Politics; Ethnic Studies; Latin American Studies,2.5,NA,3509975.9699999997,1018809
FEL-295108-24,232423,James Madison University,University,6,0,Harrisonburg,VA,Virginia,Harrisonburg city,0,51660,22807,-78.85951,38.42535,2023,"Buzzards over Texas: A Story of Race, Violence, and the Search for Justice in the Jim Crow South",Fellowships,Research Programs,60000,History,U.S. History,African American History; U.S. History,3.5,NA,216992,156992
HB-295121-24,100724,Alabama State University,Four-Year College,6,1,Montgomery,AL,Alabama,Montgomery,0,01101,36104,-86.29611,32.3662,2023,"""Oscar Adams Jr.: Legal Pacemaker in the Heart of Dixie, 1947 to 1997""",Awards for Faculty,Research Programs,52500,Arts,"Arts, General","Arts, General",2.8,NA,409467.2,364676
HB-295132-24,190673,"CUNY Research Foundation, Queensborough Community College",Center For Advanced Study/Research Institute,1,0,Bayside,NY,New York,Queens,0,36081,11364,-73.75894,40.75286,2023,“A Damn Hard Fight”: The Life of Willard Motley,Awards for Faculty,Research Programs,60000,Literature,American Literature,African American Studies; American Literature; American Studies,4.6,NA,2433038.77,459305
FEL-295153-24,189088,Bard College,Center For Advanced Study/Research Institute,9,0,Annandale-on-Hudson,NY,New York,Dutchess,0,36027,12504,-73.90364,42.02458,2023,Irrationality in the Philosophy of John Locke (1632-1704),Fellowships,Research Programs,40000,History,History of Philosophy,History of Philosophy,3.3,NA,1526523,90000
FEL-295154-24,163268,"University of Maryland, Baltimore County",University,4,0,Baltimore,MD,Maryland,Baltimore,0,24005,21250,-76.71442,39.25569,2023,"Translations of Zaynab: Gender, Sectarianism, and Citizenship in Shi’a Islam",Fellowships,Research Programs,60000,History,Near and Middle Eastern History,"Interdisciplinary Studies, General; Near and Middle Eastern History; South Asian History",2.2,NA,734447.9,60000
FEL-295245-24,100858,Auburn University,University,4,0,Auburn,AL,Alabama,Lee,0,01081,36849,-85.49043,32.6056,2023,"Womanhood, Insanity, and Consent in the Nineteenth-Century South",Fellowships,Research Programs,60000,History,Women's History,Legal History; U.S. History; Women's History,2.3,NA,740933,60000
HB-295287-24,199157,North Carolina Central University,Four-Year College,6,1,Durham,NC,North Carolina,Durham,0,37063,27707,-78.90113,35.97415,2023,Insurgent Intellectual:  Grace P. Campbell's Life from A Model Kindergarten Teacher to The First Black Woman Communist,Awards for Faculty,Research Programs,60000,History,African American History,African American History; Intellectual History; Women's History,3.1,NA,4368610,1045043
FEL-295355-24,204796,Ohio State University,University,3,0,Columbus,OH,Ohio,Franklin,0,39049,43210,-83.0098,40.00011,2023,Ritual Expertise and Social Structure in Roman Palestine,Fellowships,Research Programs,60000,History,History of Religion,History of Religion; Jewish Studies; Near and Middle Eastern Languages,3.1,NA,1472216.81,441011
FEL-295368-24,190150,Trustees of Columbia University in the City of New York,Center For Advanced Study/Research Institute,3,0,New York,NY,New York,New York,0,36061,10027,-73.95707,40.81771,2023,"Abolitionism at Home: Women, Music, and Material Culture in Britain, 1760 to 1833",Fellowships,Research Programs,60000,Arts,Music History and Criticism,British History; British Literature; Music History and Criticism,4.6,NA,78116853.73,9070702.95
FEL-295371-24,NA,Rector and Visitors of the University of Virginia,Publishing,NA,NA,Charlottesville,VA,Virginia,Charlottesville city,0,51540,22903,-78.50208,38.05021,2023,"Of Free Origin: Slavery and Freedom Suits in the Ottoman Empire, c. 1570-1830",Fellowships,Research Programs,60000,History,Near and Middle Eastern History,Legal History; Near and Middle Eastern History,2.4,NA,5667497.82,339261
HB-295418-24,190655,"CUNY Research Foundation, NYC College of Technology",Two-Year College,9,0,Brooklyn,NY,New York,Kings,0,36047,11201,-73.98721,40.69639,2023,"Food sovereignty in Russia’s shadow: Rethinking kinship, gender, and social reproduction  on the frontiers of Europe",Awards for Faculty,Research Programs,60000,Area Studies,Rural Studies,Area Studies; Rural Studies,5.5,NA,7011052.99,979650
FEL-295478-24,NA,New School,University,NA,NA,New York,NY,New York,New York,0,36061,10011,-73.99673,40.73547,2023,Excavating Palimpsests in Ponte City,Fellowships,Research Programs,40000,Area Studies,African Studies,"African Studies; Arts, Other; Cultural Anthropology",4.6,NA,78116853.73,9070702.95
FO-295540-24,233921,Virginia Polytechnic Institute and State University,University,3,0,Blacksburg,VA,Virginia,Montgomery,1,51121,24061,-80.4191,37.22859,2023,An Alternative View of Japan’s Migration Governance through the Lens of Foreign-Born Eldercare Workers,Fellowships for Advanced Social Science Research on Japan,Research Programs,35000,Social Science,Comparative Politics,Comparative Politics; International Studies; Sociology,2.8,NA,1218224.98,305780
AA-295635-24,219709,Belmont University,Four-Year College,6,0,Nashville,TN,Tennessee,Davidson,0,47037,37212,-86.79553,36.13493,2023,Boundless Love: Changing Understandings of Sacred in Americana Music,Humanities Initiatives at Colleges and Universities,Education Programs,145186,Literature,Composition and Rhetoric,"Composition and Rhetoric; Religion, Other",2.7,NA,3331367.6799999997,1018491
AA-295654-24,193900,New York University,Publishing,3,0,New York,NY,New York,New York,0,36061,10012,-73.99706,40.7299,2023,Applied Humanities in Professional Education,Humanities Initiatives at Colleges and Universities,Education Programs,149996,Interdisciplinary,"Interdisciplinary Studies, General","Interdisciplinary Studies, General",4.6,NA,78116853.73,9070702.95
AC-295659-24,190600,"CUNY Research Foundation, John Jay College",Four-Year College,6,0,New York,NY,New York,New York,0,36061,10019,-73.98906,40.77092,2023,Improving Transfer Student Writing Success with Upper Division Rhetoric-Based Writing Courses,Humanities Initiatives at Hispanic-Serving Institutions,Education Programs,149984,Literature,Composition and Rhetoric,"Composition and Rhetoric; Interdisciplinary Studies, Other",4.6,NA,78116853.73,9070702.95
AC-295660-24,192749,Manhattanville College,Four-Year College,6,0,Purchase,NY,New York,Westchester,0,36119,10577,-73.71232,41.02849,2023,"Sport Studies in the 21st Century: Amplifying the Latinx Experience in Curricula, Conversation, and Community",Humanities Initiatives at Hispanic-Serving Institutions,Education Programs,149994,Interdisciplinary,"Interdisciplinary Studies, General","History, General; Interdisciplinary Studies, General; Latino History",3.4,NA,2797620.9,545674
AA-295682-24,206525,Wittenberg University,Four-Year College,9,0,Springfield,OH,Ohio,Clark,0,39023,45504,-83.81527,39.93298,2023,The Healing Humanities: Creating Healthy Pathways on Campus and in the Community,Humanities Initiatives at Colleges and Universities,Education Programs,135482,Interdisciplinary,"Interdisciplinary Studies, General","Interdisciplinary Studies, General",3.6,NA,244529,135482
AB-295684-24,218733,South Carolina State University,Four-Year College,5,1,Orangeburg,SC,South Carolina,Orangeburg,0,45075,29115,-80.8541,33.50362,2023,Developing an Asynchronous Online MA in English,Humanities Initiatives at Historically Black Colleges and Universities,Education Programs,145877,Literature,"Literature, General","Literature, General",4.4,NA,205877,145877
AE-295686-24,139940,"Georgia State University Research Foundation, Inc.",Two-Year College,NA,NA,Atlanta,GA,Georgia,Newton,0,13217,30302,-83.69758,33.612,2023,Discovering Where We Are: Place-Based Experiential Learning on Two-Year Commuter Campuses,Humanities Initiatives at Community Colleges,Education Programs,150000,Interdisciplinary,"Interdisciplinary Studies, General","Interdisciplinary Studies, General",3.8,NA,1331330.3399999999,759011
AE-295687-24,211927,Delaware County Community College,Two-Year College,1,0,Media,PA,Pennsylvania,Delaware,0,42045,19063,-75.39996,39.9655,2023,"Mapping Resistance of Africans and African Descendants to Colonialism and Segregation, 1945-1990",Humanities Initiatives at Community Colleges,Education Programs,150000,History,African American History,African American History; African History; U.S. History,3.2,NA,1278329,652752
AA-295695-24,191931,Iona University,Four-Year College,6,0,New Rochelle,NY,New York,Westchester,0,36119,10801,-73.78893,40.92664,2023,Black Humanities Initiative: Embedding the Black Experience in the Humanities Curricula,Humanities Initiatives at Colleges and Universities,Education Programs,150000,Area Studies,African American Studies,African American Studies,3.4,NA,2797620.9,545674
AA-295699-24,194310,Pace University,University,5,0,New York,NY,New York,New York,0,36061,10038,-74.00634,40.71096,2023,The Ground Beneath Our Feet: Centering Place-Based Experiential Humanities in the Curriculum,Humanities Initiatives at Colleges and Universities,Education Programs,150000,Area Studies,American Studies,American Literature; American Studies; U.S. History,4.6,NA,78116853.73,9070702.95
AA-295791-24,190716,D'Youville University,Four-Year College,6,0,Buffalo,NY,New York,Erie,0,36029,14201,-78.89039,42.90231,2023,Embedding Humanities in Interprofessional Healthcare Education,Humanities Initiatives at Colleges and Universities,Education Programs,149312,History,"History and Philosophy of Science, Technology, and Medicine","History and Philosophy of Science, Technology, and Medicine",3.8,NA,3031666.7,229312
AA-295793-24,140447,Mercer University,Four-Year College,6,0,Macon,GA,Georgia,Bibb,0,13021,31207,-83.64854,32.82914,2023,Integrating Voices of Refugees and Immigrants: Faculty and Curriculum Development,Humanities Initiatives at Colleges and Universities,Education Programs,148560,Literature,"Literature, General","History, General; Literature, General; Social Sciences, General",4,NA,154560,148560
AB-295805-24,163453,Morgan State University,Four-Year College,5,1,Baltimore,MD,Maryland,Baltimore city,0,24510,21251,-76.58109,39.3454,2023,Buried Blueprints of Black Education,Humanities Initiatives at Historically Black Colleges and Universities,Education Programs,150000,Area Studies,African American Studies,African American History; African American Studies; Media Studies,2.9,NA,3788310,545889
PE-295882-24,NA,Conservation Center for Art and Historic Artifacts,Non-Profit Educational Center,NA,NA,Philadelphia,PA,Pennsylvania,Philadelphia,0,42101,19103,-75.1789,39.94974,2023,CCAHA Preservation Field Services,Preservation and Access Education and Training,Preservation and Access,349400,History,"History, Other","Arts, Other; History, Other",4.2,NA,14436056.34,2496983
PR-295902-24,NA,Foundation for Ethical Stewardship of Cultural Heritage,University Museum,NA,NA,Nashville,TN,Tennessee,Davidson,0,47037,37215,-86.82059,36.09931,2023,The Mediterranean Antiquities Provenance Research Alliance (MAPRA): Phase I,Research and Development,Preservation and Access,349315,Literature,Classics,"Archaeology; Arts, Other; Classics",2.7,NA,3331367.6799999997,1018491
PR-295923-24,195003,Rochester Institute of Technology,Four-Year College,6,0,Rochester,NY,New York,Monroe,0,36055,14623,-77.6748,43.09218,2023,Evaluating the Mechanical Stability of 3D Printed Materials to Inform Collections Care Decision Making for Preservation and Access,Research and Development,Preservation and Access,315854,Social Science,"Social Sciences, Other","Interdisciplinary Studies, Other; Social Sciences, Other",3.7,NA,5554529.78,855572
PN-295965-24,232186,George Mason University,Four-Year College,4,0,Fairfax,VA,Virginia,Fairfax,0,51059,22030,-77.30756,38.83542,2023,"Truth Telling About Collective Resilience with Diasporic Communities: Navigating Displacement, Erasure, and the Impacts of COVID-19",Cultural and Community Resilience,Preservation and Access,148022,History,"History, General","History, General",2.5,NA,3509975.9699999997,1018809
PE-295974-24,193900,New York University,Publishing,3,0,New York,NY,New York,New York,0,36061,10012,-73.99706,40.7299,2023,Preserving Living Traditions: Strengthening Conservation Education at NYU,Preservation and Access Education and Training,Preservation and Access,150000,Arts,"Arts, Other","Art History and Criticism; Arts, Other; History, Criticism, and Theory of the Arts",4.6,NA,78116853.73,9070702.95
PN-296007-24,190150,Trustees of Columbia University in the City of New York,Non-Profit Educational Center,3,0,New York,NY,New York,New York,0,36061,10032,-73.94104,40.84173,2023,"A River of Memories: Preserving Lived Experience in the Borderlands of the Rio Grande Valley, Texas",Cultural and Community Resilience,Preservation and Access,131116,History,"History, Other","History, Other",4.6,NA,78116853.73,9070702.95
PE-296033-24,NA,"South Asian American Digital Archive, NFP",Archive,NA,NA,Philadelphia,PA,Pennsylvania,Philadelphia,0,42101,19107,-75.16224,39.94919,2023,SAADA Summer Fellowship in Community Archiving: A Grassroots Effort to Diversify Humanities Collections,Preservation and Access Education and Training,Preservation and Access,350000,Area Studies,American Studies,American Studies; Immigration History; Public History,4.2,NA,14436056.34,2496983
CHA-296080-24,194310,Pace University,University,5,0,New York,NY,New York,New York,0,36061,10038,-74.00634,40.71096,2023,Creating Enhanced Environments for Advancing an Experiential Approach to the Humanities at Pace University,Infrastructure and Capacity Building Challenge Grants,Challenge Programs,200000,Interdisciplinary,"Interdisciplinary Studies, General","Film History and Criticism; Interdisciplinary Studies, General; Literature, General",4.6,NA,78116853.73,9070702.95
CHA-296095-24,NA,Memphis Brooks Museum of Art Inc.,Museum,NA,NA,Memphis,TN,Tennessee,Shelby,0,47157,38104,-89.99512,35.1423,2023,A New Art Museum for Memphis,Infrastructure and Capacity Building Challenge Grants,Challenge Programs,500000,Arts,"Arts, General","Art History and Criticism; Arts, General",4.3,NA,1089430,1000000
PD-296153-23,216287,Swarthmore College,Four-Year College,9,0,Swarthmore,PA,Pennsylvania,Delaware,0,42045,19081,-75.35106,39.90635,2023,Navajo Language Digital Resource Development with Elders and Veteran Language Teachers Training Student Interns,Documenting Endangered Languages - Preservation,Preservation and Access,442752,Unspecified,NA,NA,3.2,NA,1278329,652752
DR-296168-24,199120,"University of North Carolina Press, Inc.",Publishing,3,0,Chapel Hill,NC,North Carolina,Orange,0,37135,27515,-79.03022,35.92769,2023,"Open Access Edition of The Last Turtlemen of the Caribbean: Waterscapes of Labor, Conservation, and Boundary Making by Sharika D. Crawford",Fellowships Open Book Program,Digital Humanities,5500,History,Latin American History,"Interdisciplinary Studies, Other; Latin American History",2.9,NA,1384311.22,644500
DR-296169-24,199120,"University of North Carolina Press, Inc.",Publishing,3,0,Chapel Hill,NC,North Carolina,Orange,0,37135,27515,-79.03022,35.92769,2023,Open Access Edition of Black Litigants in the Antebellum American South by Kimberly M. Welch,Fellowships Open Book Program,Digital Humanities,5500,History,African American History,African American History; Legal History; U.S. History,2.9,NA,1384311.22,644500
DR-296170-24,199120,"University of North Carolina Press, Inc.",Publishing,3,0,Chapel Hill,NC,North Carolina,Orange,0,37135,27515,-79.03022,35.92769,2023,Open Access Edition of Mapping the Country of Regions: The Chorographic Commission of Nineteenth-Century Colombia by Nancy P. Appelbaum,Fellowships Open Book Program,Digital Humanities,5500,History,Latin American History,History of Science; Latin American History,2.9,NA,1384311.22,644500
DR-296171-24,199120,"University of North Carolina Press, Inc.",Publishing,3,0,Chapel Hill,NC,North Carolina,Orange,0,37135,27515,-79.03022,35.92769,2023,"Open Access Edition of Department Stores and the Black Freedom Movement: Workers, Consumers, and Civil Rights from the 1930s to the 1980s by Traci Parker",Fellowships Open Book Program,Digital Humanities,5500,History,African American History,African American History; Labor History,2.9,NA,1384311.22,644500
DR-296173-24,199120,"University of North Carolina Press, Inc.",Publishing,3,0,Chapel Hill,NC,North Carolina,Orange,0,37135,27515,-79.03022,35.92769,2023,"Open Access Edition of Defiant Braceros: How Migrant Workers Fought for Racial, Sexual, and Political Freedom by Mireya Loza",Fellowships Open Book Program,Digital Humanities,5500,History,Latin American History,Gender Studies; Labor History; Latin American History,2.9,NA,1384311.22,644500
DR-296179-24,199120,"University of North Carolina Press, Inc.",Publishing,3,0,Chapel Hill,NC,North Carolina,Orange,0,37135,27515,-79.03022,35.92769,2023,Open Access Edition of Occupied Territory: Policing Black Chicago from Red Summer to Black Power by Simon Balto,Fellowships Open Book Program,Digital Humanities,5500,History,African American History,African American History,2.9,NA,1384311.22,644500
DR-296180-24,199120,"University of North Carolina Press, Inc.",Publishing,3,0,Chapel Hill,NC,North Carolina,Orange,0,37135,27515,-79.03022,35.92769,2023,Open Access Edition of Contracultura: Alternative Arts and Social Transformation in Authoritarian Brazil by Christopher Dunn,Fellowships Open Book Program,Digital Humanities,5500,History,Latin American History,Latin American History,2.9,NA,1384311.22,644500
SSO-296237-23,NA,Humanities New York,National Organization,NA,NA,New York,NY,New York,New York,0,36061,10038,-74.01036,40.70921,2023,United We Stand supplement,Supplements to State Humanities Councils General Operating Support Grants,Federal/State Partnership,52750,Unspecified,NA,NA,4.6,NA,78116853.73,9070702.95
MD-296310-24,NA,Historic Hudson Valley,Historical Site/House,NA,NA,Tarrytown,NY,New York,Westchester,0,36119,10591,-73.82421,41.10316,2023,Seen and Heard: Women's Stories of Enslavement and Resistance at Van Cortlandt Manor,Digital Projects for the Public: Discovery Grants,Public Programs,29680,History,U.S. History,African American History; U.S. History,3.4,NA,2797620.9,545674
MN-296313-24,NA,Blavatnik Archive Foundation,Four-Year College,NA,NA,New York,NY,New York,New York,0,36061,10019,-73.97403,40.76289,2023,Postcards of the Siege,Digital Projects for the Public: Production Grants,Public Programs,297288,History,Cultural History,Cultural History,4.6,NA,78116853.73,9070702.95
MT-296339-24,196237,"SUNY Research Foundation, College at Old Westbury",Four-Year College,9,0,Old Westbury,NY,New York,Nassau,0,36059,11568,-73.58326,40.78231,2023,Virtual Aquapolis,Digital Projects for the Public: Prototyping Grants,Public Programs,100000,History,Public History,"Interdisciplinary Studies, Other; Public History; Urban Studies",3.1,NA,852541.01,100000
HAA-296341-24,163286,"University of Maryland, College Park",University,3,0,College Park,MD,Maryland,Prince George's,0,24033,20742,-76.95018,38.9975,2023,Idrisi: An Open Library of Historical Geography of the Premodern Islamic World,Digital Humanities Advancement Grants,Digital Humanities,148591,History,Near and Middle Eastern History,"History and Philosophy of Science, Technology, and Medicine; Intellectual History; Near and Middle Eastern History",2.2,NA,4393763.9399999995,592032
MD-296376-24,NA,Intrepid Sea-Air-Space Museum,History Museum,NA,NA,New York,NY,New York,New York,0,36061,10036,-73.99939,40.76339,2023,Intrepid Museum: Digital Interpretation of the Historic Sick Bay,Digital Projects for the Public: Discovery Grants,Public Programs,30000,History,"History, General","Cultural History; History, General",4.6,NA,78116853.73,9070702.95
MT-296387-24,NA,Louis Armstrong House Museum,Historical Site/House,NA,NA,Corona,NY,New York,Queens,0,36081,11368,-73.8618,40.75574,2023,From Jazz to Hip-Hop in Queens,Digital Projects for the Public: Prototyping Grants,Public Programs,100000,Arts,Music History and Criticism,African American History; African American Studies; Music History and Criticism,4.6,NA,2433038.77,459305
HAA-296402-24,139940,"Georgia State University Research Foundation, Inc.",Two-Year College,NA,NA,Atlanta,GA,Georgia,Newton,0,13217,30302,-83.69758,33.612,2023,Data Mining and Mapping Antebellum Georgia,Digital Humanities Advancement Grants,Digital Humanities,68750,History,African American History,African American History,3.8,NA,1331330.3399999999,759011
HAA-296417-24,NA,Rector and Visitors of the University of Virginia,Publishing,NA,NA,Charlottesville,VA,Virginia,Charlottesville city,0,51540,22903,-78.50208,38.05021,2023,North American Climate History Project,Digital Humanities Advancement Grants,Digital Humanities,127274,History,U.S. History,History of Science; U.S. History,2.4,NA,5667497.82,339261
PB-296489-23,189097,Barnard College,Four-Year College,9,0,New York,NY,New York,New York,0,36061,10027,-73.96362,40.80858,2023,Zine Union Catalog Planning Meeting,Cooperative Agreements and Special Projects (P&A),Preservation and Access,30000,Unspecified,NA,"Interdisciplinary Studies, General",4.6,NA,78116853.73,9070702.95
TA-296521-24,NA,Athens County Historical Society,Historical Society,NA,NA,Athens,OH,Ohio,Athens,1,39009,45701,-82.10195,39.33094,2023,Expanding Invisible Ground in Southeast Ohio,Public Impact Projects at Smaller Organizations,Public Programs,25000,History,Cultural History,Cultural History; Labor History; Media Studies,4.4,NA,156003.22999999998,30500
TA-296525-24,NA,Seminary Ridge Historic Preservation Foundation,History Museum,NA,NA,Gettysburg,PA,Pennsylvania,Adams,0,42001,17325,-77.24443,39.83176,2023,Investigating the Legacy of Slavery on Gettysburg's Seminary Ridge,Public Impact Projects at Smaller Organizations,Public Programs,19000,History,African American History,African American History; Public History,2.6,NA,541785.0700000001,19000
TA-296530-24,NA,"Fredericksburg Area Museum and Cultural Center, Inc.",Museum,NA,NA,Fredericksburg,VA,Virginia,Fredericksburg city,0,51630,22404,-77.46006,38.29933,2023,Living Legacies: African American History in the Fredericksburg Area,Public Impact Projects at Smaller Organizations,Public Programs,23911,History,African American History,African American History; American Studies; Cultural History,3.4,NA,609911,323911
TA-296535-24,NA,"Patrick Henry Memorial Foundation, Inc.",Historical Site/House,NA,NA,Brookneal,VA,Virginia,Charlotte,0,51037,24528,-78.89872,37.03273,2023,Staff and Volunteer Training and Mentoring in the Humanities,Public Impact Projects at Smaller Organizations,Public Programs,25000,History,"History, General","African American History; History, General; U.S. History",3.5,NA,25000,25000
TA-296539-24,NA,Wake Forest College Birthplace Society,History Museum,NA,NA,Wake Forest,NC,North Carolina,Wake,0,37183,27587,-78.50807,35.98478,2023,Improving Public Interpretation at the Dr. Calvin Jones House,Public Impact Projects at Smaller Organizations,Public Programs,25000,History,Public History,African American History; Public History; U.S. History,3,NA,1354074.6,25000
TA-296570-24,NA,"Cliveden of the National Trust, Inc.",Historical Site/House,NA,NA,Philadelphia,PA,Pennsylvania,Philadelphia,0,42101,19144,-75.18209,40.04593,2023,Illuminating Hidden Lives: Bringing African American Stories to Life,Public Impact Projects at Smaller Organizations,Public Programs,25000,History,African American History,African American History; Public History; U.S. History,4.2,NA,14436056.34,2496983
TA-296572-24,NA,"Arthurdale Heritage, Inc.",History Museum,NA,NA,Arthurdale,WV,West Virginia,Preston,1,54077,26520,-79.82653,39.49445,2023,Enriching Museum Interpretation for the Public in Arthurdale,Public Impact Projects at Smaller Organizations,Public Programs,24750,History,U.S. History,Public History; U.S. History,3.9,NA,78733.89,24750
TA-296575-24,234164,Virginia Union University,Four-Year College,9,1,Richmond,VA,Virginia,Richmond city,0,51760,23220,-77.45035,37.55979,2023,NEH Public Impact Project at Virginia Union University,Public Impact Projects at Smaller Organizations,Public Programs,24836,History,African American History,African American History,3.5,NA,3795322.18,348571
TA-296580-24,NA,"Laurel Historical Society, Inc.",History Museum,NA,NA,Laurel,MD,Maryland,Prince George's,0,24033,20707,-76.85688,39.10954,2023,Strengthening Interpretation and Public Programs at the Laurel Museum,Public Impact Projects at Smaller Organizations,Public Programs,24909,History,"History, General","History, General",2.2,NA,4393763.9399999995,592032
TA-296596-24,NA,Genesee Country Museum Inc.,Museum,NA,NA,Mumford,NY,New York,Monroe,0,36055,14511,-77.8967,43.00702,2023,GCV&M Interpretive Strategy: Redefining Rochester,Public Impact Projects at Smaller Organizations,Public Programs,25000,History,"History, General","History, General; Interdisciplinary Studies, General",3.7,NA,5554529.78,855572
TA-296613-24,NA,Allen County Museum and Historical Society,History Museum,NA,NA,Lima,OH,Ohio,Allen,0,39003,45801,-84.11505,40.74008,2023,Planning of Reorganization and Reinstallation of Permanent Collection Galleries and Development of a Interpretative Plan,Public Impact Projects at Smaller Organizations,Public Programs,25000,History,U.S. History,Cultural History; U.S. History,3.7,NA,110194,25000
TA-296629-24,NA,Greensboro Historical Museum,Museum,NA,NA,Greensboro,NC,North Carolina,Guilford,0,37081,27401,-79.78834,36.07551,2023,"Voices of a City Exhibition Inclusion Project Beyond O. Henry: Gray Johnson, McAdoo, Faulkner, & Ragsdale",Public Impact Projects at Smaller Organizations,Public Programs,25000,History,African American History,"African American History; Arts, Other; Women's History",3.9,NA,999908.92,374247
TA-296647-24,NA,"COSACOSA Art at Large, Inc.",Community-Level Organization,NA,NA,Philadelphia,PA,Pennsylvania,Philadelphia,0,42101,19127,-75.22571,40.02639,2023,Kin/Folk/Lore,Public Impact Projects at Smaller Organizations,Public Programs,25000,History,Public History,Folklore and Folklife; Public History; Urban Studies,4.2,NA,14436056.34,2496983
DR-296665-24,198419,Duke University,Publishing,3,0,Durham,NC,North Carolina,Durham,0,37063,27705,-78.92459,36.00683,2023,Open Access Edition of Japonisme and the Birth of Cinema by Daisuke Miyao,Fellowships Open Book Program,Digital Humanities,5500,Arts,Media Studies,"East Asian Studies; History, Criticism, and Theory of the Arts; Media Studies",3.1,NA,4368610,1045043
DR-296701-24,216339,Temple University,University,4,0,Philadelphia,PA,Pennsylvania,Philadelphia,0,42101,19122,-75.15747,39.98021,2023,Open-access edition of From Confinement to Containment by Edward Tang,Fellowships Open Book Program,Digital Humanities,5500,Area Studies,Asian American Studies,American Studies; Asian American Studies,4.2,NA,14436056.34,2496983
SSO-296703-23,NA,Humanities New York,National Organization,NA,NA,New York,NY,New York,New York,0,36061,10038,-74.01036,40.70921,2023,National History Day supplement,Supplements to State Humanities Councils General Operating Support Grants,Federal/State Partnership,20000,Unspecified,NA,NA,4.6,NA,78116853.73,9070702.95
DR-296725-24,162928,Johns Hopkins University,Publishing,3,0,Baltimore,MD,Maryland,Baltimore city,0,24510,21218,-76.61787,39.33085,2023,Open Access Edition of Coal and Empire: The Birth of Energy Security in Industrial America by Peter A. Shulman.,Fellowships Open Book Program,Digital Humanities,5500,History,U.S. History,U.S. History,2.9,NA,3788310,545889
DR-296726-24,162928,Johns Hopkins University,Publishing,3,0,Baltimore,MD,Maryland,Baltimore city,0,24510,21218,-76.61787,39.33085,2023,Open Access Edition of American Public School Librarianship: A History by Wayne A. Wiegand,Fellowships Open Book Program,Digital Humanities,5500,History,U.S. History,U.S. History,2.9,NA,3788310,545889
DR-296756-24,215062,Trustees of the University of Pennsylvania,University,3,0,Philadelphia,PA,Pennsylvania,Philadelphia,0,42101,19104,-75.19276,39.95298,2023,Open Access Editions of Nuns' Priests' Tales by Fiona Griffiths,Fellowships Open Book Program,Digital Humanities,5500,Language,German Language,German Language,4.2,NA,14436056.34,2496983
DR-296762-24,204857,Ohio University,Four-Year College,4,0,Athens,OH,Ohio,Athens,1,39009,45701,-82.1051,39.33319,2023,Open Access Edition of The Great Upheaval: Women and Nation in Postwar Nigeria by Judith Byfield,Fellowships Open Book Program,Digital Humanities,5500,History,"History, General","History, General",4.4,NA,156003.22999999998,30500
HC-297027-23,NA,"Modern Language Association of America, Inc.",Center For Advanced Study/Research Institute,NA,NA,New York,NY,New York,New York,0,36061,10004,-74.01146,40.70402,2023,"Critical AI Literacy for Reading, Writing, and Languages",Cooperative Agreements and Special Projects (Digital Humanities),Digital Humanities,30000,Unspecified,NA,"Languages, General; Literature, General",4.6,NA,78116853.73,9070702.95
PB-297234-23,NA,American Association of Museums,Professional Association,NA,NA,Arlington,VA,Virginia,Arlington,0,51013,22202,-77.04971,38.85221,2023,Future of Museums Summit,Cooperative Agreements and Special Projects (P&A),Preservation and Access,30000,Unspecified,NA,NA,2.1,NA,2852075.54,690450
RJ-297241-23,NA,American Council of Learned Societies,Philanthropic Foundation,NA,NA,New York,NY,New York,New York,0,36061,10017,-73.97493,40.74992,2023,Collaboration and Coordination in Funding for the Humanities,Cooperative Agreements and Special Projects (Research),Research Programs,29642.95,Unspecified,NA,NA,4.6,NA,78116853.73,9070702.95
RJ-297278-23,199157,North Carolina Central University,Four-Year College,6,1,Durham,NC,North Carolina,Durham,0,37063,27707,-78.90113,35.97415,2023,Replacement Instructors for NCCU Faculty on NEH Fellowship,Cooperative Agreements and Special Projects (Research),Research Programs,20000,Unspecified,NA,NA,3.1,NA,4368610,1045043
RJ-297324-23,163912,St. Mary's College of Maryland,Four-Year College,9,0,St. Mary's City,MD,Maryland,St. Mary's,0,24037,20686,-76.43001,38.19102,2023,"Memory, History, Home: Commemorative Connections and Engaging Campus Communities",Cooperative Agreements and Special Projects (Research),Research Programs,29975,Unspecified,NA,NA,2,NA,495432,29975
GA-298332-23,NA,"Catoctin Furnace Historical Society, Inc.",Historical Society,NA,NA,Thurmont,MD,Maryland,Frederick,0,24021,21788,-77.43319,39.57821,2023,"Descendant Communicator Position for Catoctin Furnace Historical Society, Inc.",Cooperative Agreements and Special Projects (Public Programs),Public Programs,30000,Unspecified,NA,NA,2,NA,309486,40000
AA-299843-24,232423,James Madison University,University,6,0,Harrisonburg,VA,Virginia,Harrisonburg city,0,51660,22807,-78.85951,38.42535,2023,Teaching and Learning William Faulkner in the Digital Age,Humanities Initiatives at Colleges and Universities,Education Programs,84992,Unspecified,NA,NA,3.5,NA,216992,156992
DR-299886-24,204796,Ohio State University,University,3,0,Columbus,OH,Ohio,Franklin,0,39049,43210,-83.0098,40.00011,2023,"Open-access edition of Women at Odds: Indifference, Antagonism, and Progress in Late Victorian Literature by Riya Das.",Fellowships Open Book Program,Digital Humanities,5500,Literature,British Literature,British Literature,3.1,NA,1472216.81,441011
DR-299889-24,233921,Virginia Polytechnic Institute and State University,University,3,0,Blacksburg,VA,Virginia,Montgomery,1,51121,24061,-80.4191,37.22859,2023,"Open Access Edition of Place, Memory, Poetry, and the James A. Emanuel's Papers at the Library of Congress by Tyechia Thompson",Fellowships Open Book Program,Digital Humanities,5500,Arts,"Arts, General","Arts, General",2.8,NA,1218224.98,305780
TT-300514-24,NA,"Women Make Movies, Inc.",Art Museum,NA,NA,New York,NY,New York,New York,0,36061,10001,-73.99042,40.74691,2023,Instrumental: The Elayne Jones Story,Short Documentaries,Public Programs,149963,Unspecified,NA,NA,4.6,NA,78116853.73,9070702.95
